age,income,employment_years,credit_score,loan_amount,loan_term_months,loan_purpose,marital_status,dependents,existing_debt,home_ownership,education_level,num_of_credit_lines,previous_defaults,months_since_last_default,debt_to_income,loan_to_income,interest_rate,approved,approval_prob
56,70939.0,2.0,608.0,16158,72,home_improvement,married,0,13529.0,mortgage,high_school,2,0,,0.191,0.228,0.142,0,0.502
69,29659.0,6.0,543.0,6164,60,medical,married,0,17436.0,rent,master,2,0,,0.588,0.208,0.17,0,0.156
46,80343.0,6.0,764.0,4135,60,debt_consolidation,married,2,0.0,mortgage,phd,3,0,,0.0,0.051,0.03,1,0.916
32,46499.0,7.0,850.0,24500,60,car,married,3,4802.0,own,phd,3,0,,0.103,0.527,0.08,1,0.747
60,72215.0,5.0,592.0,31936,60,education,married,0,9717.0,mortgage,bachelor,5,0,,0.135,0.442,0.192,1,0.674
25,68361.0,4.0,697.0,20500,36,medical,married,0,21698.0,rent,other,5,0,,0.317,0.3,0.112,1,0.649
38,24030.0,5.0,638.0,13277,36,personal,single,0,30953.0,rent,bachelor,3,0,,1.288,0.552,0.191,0,0.046
56,62573.0,4.0,685.0,27250,60,home_improvement,single,3,0.0,mortgage,high_school,4,0,,0.0,0.435,0.145,1,0.698
36,58157.0,7.0,735.0,6578,36,debt_consolidation,married,1,5207.0,mortgage,master,2,1,87.0,0.09,0.113,0.105,1,0.575
40,50758.0,5.0,,25531,72,debt_consolidation,single,0,116.0,rent,bachelor,0,0,,0.002,0.503,0.221,0,0.341
28,47641.0,6.0,,9034,48,debt_consolidation,single,1,0.0,other,high_school,3,0,,0.0,0.19,0.132,1,0.649
28,47853.0,5.0,746.0,9525,36,debt_consolidation,married,0,14000.0,rent,master,4,0,,0.293,0.199,0.067,1,0.681
41,70317.0,2.0,691.0,11672,60,personal,single,0,10489.0,own,bachelor,5,0,,0.149,0.166,0.088,1,0.74
53,64448.0,4.0,676.0,13988,36,personal,divorced,0,0.0,mortgage,master,3,0,,0.0,0.217,0.105,1,0.72
57,50762.0,4.0,691.0,24149,72,home_improvement,single,1,0.0,rent,master,6,0,,0.0,0.476,0.15,0,0.712
41,12702.0,6.0,699.0,1957,72,debt_consolidation,divorced,1,16928.0,rent,high_school,4,0,,1.333,0.154,0.081,0,0.121
20,,11.0,743.0,8956,60,debt_consolidation,married,0,0.0,own,high_school,2,0,,0.0,0.179,0.057,1,0.888
39,68090.0,6.0,710.0,17096,24,personal,single,1,0.0,own,bachelor,6,1,9.0,0.0,0.251,0.145,1,0.697
19,107510.0,8.0,646.0,20578,36,personal,married,0,23851.0,rent,bachelor,3,0,,0.222,0.191,0.115,1,0.839
41,76886.0,5.0,678.0,500,48,debt_consolidation,married,1,12586.0,rent,high_school,4,0,,0.164,0.007,0.062,1,0.831
61,5000.0,3.0,645.0,7096,60,education,single,1,33214.0,mortgage,high_school,3,0,,6.641,1.419,0.35,0,0.05
47,51961.0,5.0,590.0,500,36,debt_consolidation,married,0,8395.0,rent,high_school,0,0,,0.162,0.01,0.107,0,0.483
55,95284.0,1.0,646.0,8005,24,debt_consolidation,widowed,1,43494.0,rent,bachelor,3,0,,0.456,0.084,0.094,0,0.618
19,65589.0,8.0,641.0,10627,24,debt_consolidation,single,0,7244.0,mortgage,high_school,4,0,,0.11,0.162,0.112,1,0.792
38,58216.0,6.0,514.0,20028,48,car,married,0,27967.0,rent,high_school,7,0,,0.48,0.344,0.212,0,0.432
50,72506.0,4.0,712.0,500,60,debt_consolidation,single,0,0.0,rent,bachelor,2,0,,0.0,0.007,0.045,1,0.827
29,34441.0,7.0,726.0,21533,12,debt_consolidation,single,3,248.0,other,high_school,1,0,,0.007,0.625,0.162,0,0.504
39,61952.0,1.0,694.0,9906,36,debt_consolidation,single,1,35376.0,mortgage,high_school,3,0,,0.571,0.16,0.085,0,0.428
61,43738.0,7.0,721.0,11591,60,debt_consolidation,single,2,0.0,rent,master,6,0,,0.0,0.265,0.092,1,0.835
42,49509.0,3.0,636.0,24713,60,education,single,3,6740.0,mortgage,bachelor,5,0,,0.136,0.499,0.182,1,0.546
66,70711.0,9.0,609.0,28449,60,debt_consolidation,single,3,78.0,mortgage,high_school,9,0,,0.001,0.402,0.176,1,0.896
44,26832.0,4.0,726.0,8449,60,personal,single,1,26866.0,mortgage,master,1,0,,1.001,0.315,0.1,0,0.115
59,82200.0,2.0,565.0,8381,24,debt_consolidation,married,3,,own,high_school,2,1,53.0,,0.102,0.188,0,0.409
45,39430.0,4.0,563.0,11458,36,debt_consolidation,married,1,29612.0,rent,bachelor,4,1,33.0,0.751,0.291,0.227,0,0.091
33,56517.0,6.0,686.0,8332,72,debt_consolidation,married,1,13671.0,rent,bachelor,5,0,,0.242,0.147,0.086,1,0.749
32,14987.0,2.0,684.0,649,72,debt_consolidation,single,1,12797.0,mortgage,master,5,0,,0.854,0.043,0.067,0,0.231
64,67996.0,1.0,724.0,14686,48,debt_consolidation,divorced,1,9137.0,mortgage,bachelor,4,0,,0.134,0.216,0.081,1,0.722
68,86163.0,7.0,513.0,8400,60,debt_consolidation,single,0,,mortgage,high_school,4,0,,,0.097,0.163,1,0.652
61,37134.0,7.0,642.0,15979,72,personal,single,0,6711.0,rent,bachelor,4,0,,0.181,0.43,0.165,0,0.503
18,22244.0,6.0,560.0,101357,48,medical,married,0,0.0,rent,bachelor,1,0,,0.0,4.556,0.35,0,0.059
20,56950.0,8.0,718.0,13944,24,personal,married,0,17807.0,own,bachelor,0,0,,0.313,0.245,0.09,0,0.559
54,86370.0,7.0,757.0,7443,60,debt_consolidation,single,1,8719.0,mortgage,bachelor,2,1,72.0,0.101,0.086,0.089,1,0.734
68,13754.0,5.0,690.0,12278,72,home_improvement,single,0,39412.0,rent,bachelor,5,0,,2.865,0.893,0.234,0,0.012
24,22342.0,6.0,605.0,16287,60,debt_consolidation,married,1,23677.0,mortgage,master,4,0,,1.06,0.729,0.243,0,0.079
38,38645.0,6.0,590.0,13345,60,medical,married,0,15203.0,mortgage,bachelor,1,0,,0.393,0.345,0.174,0,0.227
26,29491.0,7.0,617.0,9372,48,personal,single,0,31512.0,rent,high_school,3,0,,1.068,0.318,0.155,0,0.115
56,29570.0,6.0,583.0,500,24,personal,divorced,1,0.0,rent,master,6,0,,0.0,0.017,0.112,1,0.686
35,5000.0,3.0,637.0,21337,36,debt_consolidation,single,0,18416.0,rent,master,5,0,,3.682,4.267,0.35,0,0.02
21,64726.0,3.0,590.0,6068,72,debt_consolidation,married,2,11531.0,mortgage,other,2,0,,0.178,0.094,0.124,0,0.54
42,58468.0,1.0,,29625,48,debt_consolidation,single,2,6949.0,own,bachelor,3,0,,0.119,0.507,0.232,0,0.323
31,7529.0,5.0,680.0,11311,12,debt_consolidation,single,0,5786.0,own,bachelor,4,0,,0.768,1.502,0.35,0,0.053
67,86430.0,3.0,687.0,9835,72,debt_consolidation,single,1,26699.0,mortgage,master,2,1,110.0,0.309,0.114,0.129,1,0.447
26,92027.0,9.0,786.0,10285,48,debt_consolidation,married,0,0.0,rent,high_school,2,0,,0.0,0.112,0.03,1,0.947
43,31227.0,8.0,615.0,16502,60,debt_consolidation,single,1,17088.0,rent,master,5,0,,0.547,0.528,0.198,0,0.319
19,79164.0,4.0,499.0,6336,48,home_improvement,married,0,0.0,mortgage,high_school,3,1,119.0,0.0,0.08,0.217,0,0.401
37,35675.0,2.0,715.0,8248,24,home_improvement,divorced,1,6331.0,mortgage,high_school,5,1,96.0,0.177,0.231,0.139,1,0.347
45,54528.0,3.0,724.0,21224,48,business,married,0,9245.0,rent,high_school,3,0,,0.17,0.389,0.116,1,0.561
64,29106.0,2.0,741.0,4823,72,debt_consolidation,single,1,34247.0,rent,bachelor,1,0,,1.177,0.166,0.063,0,0.115
24,105356.0,4.0,768.0,20482,12,debt_consolidation,single,1,1997.0,mortgage,high_school,4,0,,0.019,0.194,0.055,1,0.936
61,,4.0,769.0,23275,60,education,married,0,10815.0,mortgage,high_school,3,1,27.0,0.216,0.465,0.175,0,0.313
25,53161.0,5.0,572.0,21676,36,car,single,0,0.0,rent,bachelor,2,0,,0.0,0.408,0.196,0,0.461
64,32802.0,8.0,774.0,17336,36,debt_consolidation,widowed,1,17587.0,mortgage,bachelor,2,0,,0.536,0.528,0.119,0,0.396
52,,6.0,624.0,500,36,personal,widowed,1,0.0,mortgage,master,1,0,,0.0,0.01,0.089,1,0.819
31,97165.0,3.0,714.0,2893,60,debt_consolidation,single,2,0.0,rent,high_school,4,0,,0.0,0.03,0.049,1,0.914
34,90773.0,5.0,671.0,1446,48,home_improvement,single,1,0.0,own,high_school,3,0,,0.0,0.016,0.068,1,0.874
53,73911.0,6.0,572.0,11216,48,home_improvement,divorced,4,5743.0,mortgage,high_school,4,0,,0.078,0.152,0.144,1,0.725
67,34380.0,3.0,743.0,15312,60,debt_consolidation,married,4,6492.0,rent,bachelor,4,0,,0.189,0.445,0.118,1,0.526
57,70696.0,8.0,614.0,3089,12,car,married,1,27021.0,mortgage,bachelor,4,0,,0.382,0.044,0.102,1,0.694
21,49824.0,8.0,799.0,13273,24,home_improvement,single,1,32832.0,mortgage,high_school,4,0,,0.659,0.266,0.054,1,0.619
19,82810.0,5.0,589.0,21842,12,debt_consolidation,single,3,32471.0,mortgage,bachelor,7,1,27.0,0.392,0.264,0.208,0,0.467
23,77898.0,4.0,570.0,5013,60,personal,divorced,0,27261.0,rent,master,7,1,109.0,0.35,0.064,0.178,0,0.47
59,33768.0,2.0,597.0,6815,48,debt_consolidation,single,1,41131.0,mortgage,high_school,3,1,62.0,1.218,0.202,0.192,0,0.045
21,73696.0,6.0,770.0,26810,60,medical,married,0,16830.0,own,bachelor,2,1,14.0,0.228,0.364,0.138,0,0.469
46,67051.0,5.0,525.0,5727,48,debt_consolidation,single,1,17049.0,rent,high_school,6,0,,0.254,0.085,0.155,1,0.65
35,5000.0,6.0,723.0,18423,36,home_improvement,divorced,0,37405.0,rent,high_school,9,0,,7.48,3.684,0.35,0,0.01
43,70023.0,7.0,797.0,27393,60,debt_consolidation,married,3,0.0,mortgage,high_school,6,0,,0.0,0.391,0.08,1,0.92
61,39205.0,3.0,636.0,3185,36,business,single,1,24097.0,own,bachelor,1,0,,0.615,0.081,0.098,0,0.218
51,27849.0,9.0,619.0,3933,72,medical,single,1,9293.0,mortgage,bachelor,1,0,,0.334,0.141,0.119,0,0.367
27,28918.0,2.0,,12685,36,debt_consolidation,married,0,29998.0,rent,master,3,0,,1.037,0.439,0.16,0,0.098
53,46619.0,0.0,560.0,15676,36,debt_consolidation,single,0,27727.0,mortgage,master,6,0,,0.595,0.336,0.187,0,0.241
31,62001.0,6.0,850.0,8584,48,personal,married,2,7535.0,rent,bachelor,3,0,,0.122,0.138,0.03,1,0.863
48,,4.0,704.0,34713,24,personal,single,1,0.0,rent,high_school,4,0,,0.0,0.694,0.35,0,0.064
65,54746.0,6.0,552.0,20386,12,car,single,0,30243.0,other,master,1,0,,0.552,0.372,0.198,0,0.207
32,64419.0,4.0,585.0,6957,48,home_improvement,married,1,2903.0,rent,master,4,0,,0.045,0.108,0.129,1,0.684
25,96545.0,5.0,664.0,1340,36,personal,married,0,11816.0,own,master,4,0,,0.122,0.014,0.071,1,0.864
31,23083.0,2.0,546.0,14370,12,debt_consolidation,married,0,0.0,mortgage,high_school,6,0,,0.0,0.623,0.252,0,0.321
40,41260.0,5.0,530.0,19388,36,education,married,0,4591.0,mortgage,master,5,0,,0.111,0.47,0.229,0,0.447
57,56542.0,4.0,674.0,33405,48,home_improvement,married,2,25245.0,own,master,4,0,,0.446,0.591,0.181,0,0.385
38,78685.0,3.0,730.0,15758,36,medical,married,2,15777.0,mortgage,bachelor,6,0,,0.201,0.2,0.075,1,0.801
33,42394.0,5.0,723.0,12571,24,debt_consolidation,single,1,0.0,mortgage,master,11,0,,0.0,0.297,0.098,1,0.906
62,79966.0,3.0,645.0,5234,48,car,single,0,0.0,rent,master,3,0,,0.0,0.065,0.09,1,0.773
35,5000.0,3.0,628.0,18704,60,car,single,0,20323.0,rent,bachelor,4,0,,4.064,3.74,0.35,0,0.01
64,18666.0,4.0,654.0,25167,60,personal,married,2,3771.0,rent,master,8,0,,0.202,1.348,0.343,0,0.206
41,58716.0,8.0,729.0,500,36,education,married,0,12623.0,rent,master,7,0,,0.215,0.009,0.037,1,0.935
43,14729.0,5.0,,15747,24,personal,single,0,7947.0,rent,master,7,0,,0.54,1.069,0.339,0,0.093
42,20638.0,4.0,588.0,4799,48,personal,married,0,3619.0,rent,master,8,0,,0.175,0.233,0.153,1,0.522
62,36806.0,4.0,620.0,1424,60,home_improvement,single,0,19299.0,rent,bachelor,5,0,,0.524,0.039,0.098,0,0.427
18,69286.0,4.0,631.0,101357,48,debt_consolidation,married,0,0.0,rent,high_school,5,0,,0.0,1.463,0.177,1,0.706
46,5000.0,4.0,646.0,23873,36,education,single,0,12244.0,own,high_school,4,0,,2.448,4.774,0.35,0,0.05
32,54257.0,7.0,648.0,8938,24,personal,married,1,16221.0,rent,phd,4,0,,0.299,0.165,0.109,1,0.633
62,75824.0,8.0,704.0,13385,72,debt_consolidation,married,0,30213.0,mortgage,high_school,3,0,,0.398,0.177,0.083,1,0.746
18,45126.0,7.0,509.0,11827,60,car,married,0,10783.0,mortgage,bachelor,3,0,,0.239,0.262,0.198,0,0.372
42,40779.0,3.0,522.0,3744,36,debt_consolidation,married,0,0.0,rent,bachelor,5,0,,0.0,0.092,0.157,1,0.55
24,60044.0,6.0,597.0,9592,36,debt_consolidation,married,0,20122.0,rent,high_school,3,0,,0.335,0.16,0.134,0,0.539
26,45197.0,6.0,719.0,22840,60,education,married,1,0.0,mortgage,bachelor,6,0,,0.0,0.505,0.142,1,0.789
41,84762.0,4.0,598.0,9342,36,medical,single,0,0.0,mortgage,master,3,0,,0.0,0.11,0.123,1,0.734
18,22215.0,6.0,647.0,19640,48,education,single,1,2502.0,rent,high_school,2,1,73.0,0.113,0.884,0.303,0,0.146
61,48709.0,9.0,660.0,9419,60,personal,divorced,0,7228.0,rent,bachelor,1,0,,0.148,0.193,0.109,1,0.612
25,55142.0,6.0,675.0,3158,36,debt_consolidation,divorced,0,29392.0,rent,bachelor,5,0,,0.533,0.057,0.074,1,0.633
41,40539.0,4.0,775.0,26944,12,debt_consolidation,married,2,19779.0,mortgage,bachelor,5,0,,0.488,0.665,0.146,0,0.432
28,5000.0,6.0,706.0,500,36,personal,single,0,0.0,other,high_school,3,0,,0.0,0.1,0.067,0,0.57
68,45977.0,7.0,730.0,32850,72,car,married,1,32689.0,mortgage,master,7,0,,0.711,0.714,0.178,0,0.412
34,72504.0,4.0,640.0,24979,48,debt_consolidation,single,0,25916.0,own,bachelor,3,0,,0.357,0.345,0.149,1,0.525
25,69453.0,3.0,768.0,16827,60,medical,single,1,16249.0,mortgage,bachelor,5,0,,0.234,0.242,0.064,1,0.754
52,58869.0,4.0,656.0,10541,48,personal,married,0,0.0,rent,bachelor,4,0,,0.0,0.179,0.108,1,0.722
52,22553.0,5.0,494.0,11321,72,medical,single,2,0.0,mortgage,master,5,0,,0.0,0.502,0.253,0,0.29
50,59883.0,3.0,,17025,72,business,single,1,10136.0,rent,bachelor,3,0,,0.169,0.284,0.033,1,0.753
22,35664.0,5.0,654.0,16848,48,debt_consolidation,married,0,34831.0,rent,bachelor,2,0,,0.977,0.472,0.167,0,0.125
59,58837.0,3.0,692.0,5408,36,debt_consolidation,single,1,29882.0,rent,bachelor,1,0,,0.508,0.092,0.072,0,0.433
56,53038.0,5.0,565.0,15678,48,personal,divorced,1,0.0,mortgage,high_school,4,0,,0.0,0.296,0.177,0,0.577
18,25591.0,5.0,826.0,101357,60,education,divorced,0,0.0,mortgage,high_school,1,0,,0.0,3.96,0.124,1,0.544
45,27689.0,5.0,587.0,11993,48,debt_consolidation,married,1,7264.0,own,high_school,4,1,16.0,0.262,0.433,0.243,0,0.16
24,58876.0,6.0,619.0,37392,60,car,widowed,0,12106.0,rent,high_school,3,0,,0.206,0.635,0.218,1,0.428
26,44472.0,6.0,528.0,13660,36,medical,married,1,0.0,rent,bachelor,6,0,,0.0,0.307,0.197,0,0.571
25,28993.0,6.0,679.0,500,36,debt_consolidation,married,0,0.0,rent,high_school,3,0,,0.0,0.017,0.064,1,0.699
29,26929.0,5.0,627.0,4897,60,education,married,1,41742.0,rent,master,7,0,,1.55,0.182,0.123,0,0.138
51,42404.0,7.0,527.0,22035,36,debt_consolidation,married,2,4390.0,own,other,3,0,,0.104,0.52,0.241,0,0.373
50,89203.0,3.0,645.0,7776,48,debt_consolidation,single,0,5488.0,rent,bachelor,6,0,,0.062,0.087,0.095,1,0.873
18,36848.0,5.0,658.0,101357,72,education,married,1,52395.0,mortgage,bachelor,4,0,,1.422,2.751,0.098,0,0.154
40,49650.0,7.0,630.0,28954,48,debt_consolidation,married,1,4919.0,mortgage,high_school,5,0,,0.099,0.583,0.202,0,0.595
41,52541.0,2.0,504.0,16698,72,debt_consolidation,married,0,0.0,rent,bachelor,4,0,,0.0,0.318,0.212,1,0.436
54,21724.0,8.0,,8988,60,personal,married,0,0.0,own,bachelor,2,0,,0.0,0.414,0.146,0,0.503
52,5929.0,4.0,549.0,500,60,education,married,1,14374.0,rent,high_school,2,0,,2.424,0.084,0.142,0,0.053
61,24334.0,2.0,721.0,21203,48,home_improvement,married,2,2877.0,own,high_school,6,1,78.0,0.118,0.871,0.264,0,0.185
57,56177.0,5.0,606.0,15155,24,debt_consolidation,married,0,8048.0,mortgage,bachelor,6,0,,0.143,0.27,0.151,1,0.68
39,52183.0,5.0,724.0,28007,48,debt_consolidation,single,0,9356.0,mortgage,bachelor,3,0,,0.179,0.537,0.145,1,0.57
44,67560.0,4.0,651.0,4054,36,car,married,2,57218.0,rent,bachelor,3,0,,0.847,0.06,0.087,0,0.359
52,52419.0,6.0,655.0,11268,72,debt_consolidation,single,0,20690.0,mortgage,phd,4,0,,0.395,0.215,0.116,1,0.564
18,47261.0,,752.0,17986,36,home_improvement,widowed,0,0.0,mortgage,master,4,0,,0.0,0.381,0.1,1,0.796
52,34900.0,4.0,585.0,27559,36,home_improvement,married,0,7387.0,own,high_school,3,0,,0.212,0.79,0.266,0,0.21
54,72115.0,3.0,,17585,48,home_improvement,married,1,22046.0,mortgage,master,5,0,,0.306,0.244,0.168,0,0.537
64,27020.0,6.0,694.0,7926,48,debt_consolidation,divorced,0,26243.0,rent,bachelor,2,0,,0.971,0.293,0.112,0,0.17
31,22240.0,4.0,545.0,27978,12,debt_consolidation,married,1,0.0,own,master,4,0,,0.0,1.258,0.35,0,0.144
20,64176.0,2.0,586.0,11877,24,personal,single,0,0.0,mortgage,master,4,0,,0.0,0.185,0.144,1,0.623
18,16671.0,3.0,524.0,16800,60,personal,married,0,17049.0,mortgage,high_school,5,0,,1.023,1.008,0.34,0,0.023
22,110370.0,1.0,,22507,48,home_improvement,single,1,434.0,rent,high_school,7,0,,0.004,0.204,0.07,1,0.939
43,52000.0,9.0,570.0,30632,24,business,single,0,0.0,rent,bachelor,5,0,,0.0,0.589,0.233,0,0.598
31,58698.0,5.0,598.0,18689,48,education,married,0,12806.0,mortgage,high_school,4,0,,0.218,0.318,0.165,1,0.579
56,29790.0,3.0,547.0,40873,36,debt_consolidation,married,0,21861.0,rent,bachelor,2,0,,0.734,1.372,0.35,0,0.041
44,42118.0,4.0,619.0,14105,36,debt_consolidation,married,0,6416.0,mortgage,bachelor,5,0,,0.152,0.335,0.158,0,0.536
26,39331.0,3.0,639.0,17936,72,debt_consolidation,married,0,0.0,rent,high_school,5,0,,0.0,0.456,0.172,1,0.553
32,36454.0,4.0,716.0,8814,36,car,single,0,2071.0,rent,bachelor,4,0,,0.057,0.242,0.09,1,0.645
32,65824.0,6.0,544.0,18226,12,car,married,0,0.0,rent,bachelor,6,0,,0.0,0.277,0.183,0,0.715
43,38761.0,4.0,602.0,17971,72,personal,single,0,18426.0,mortgage,high_school,4,1,115.0,0.475,0.464,0.242,0,0.11
59,75438.0,2.0,764.0,25457,60,business,single,1,40757.0,rent,bachelor,3,0,,0.54,0.337,0.085,1,0.526
30,1165800.0,6.0,733.0,19445,36,personal,married,1,14319.0,rent,bachelor,2,0,,0.012,0.017,0.067,1,0.894
68,42611.0,3.0,596.0,9728,48,personal,single,0,16615.0,rent,bachelor,6,1,73.0,0.39,0.228,0.198,0,0.216
49,53808.0,6.0,646.0,17564,60,personal,single,0,22195.0,rent,bachelor,7,0,,0.412,0.326,0.142,1,0.613
56,59487.0,2.0,807.0,8276,36,debt_consolidation,single,0,30221.0,own,bachelor,2,0,,0.508,0.139,0.03,1,0.578
66,95288.0,8.0,554.0,20495,48,debt_consolidation,married,0,1272.0,rent,high_school,3,0,,0.013,0.215,0.166,1,0.81
69,47934.0,3.0,496.0,9408,48,car,married,0,9206.0,rent,master,5,0,,0.192,0.196,0.191,0,0.4
18,29275.0,6.0,607.0,101357,48,medical,divorced,1,24227.0,rent,bachelor,5,0,,0.828,3.462,0.104,0,0.258
21,,4.0,643.0,3699,48,home_improvement,married,4,0.0,mortgage,bachelor,2,0,,0.0,0.074,0.119,1,0.439
47,48550.0,5.0,586.0,3250,48,personal,single,0,0.0,rent,high_school,3,0,,0.0,0.067,0.12,0,0.623
54,38790.0,6.0,728.0,9719,12,personal,single,0,3024.0,own,high_school,5,1,54.0,0.078,0.251,0.136,0,0.504
40,100250.0,1.0,667.0,6527,60,car,single,0,28846.0,rent,master,5,0,,0.288,0.065,0.08,1,0.786
56,94247.0,5.0,602.0,14779,24,home_improvement,married,0,12108.0,rent,bachelor,7,0,,0.128,0.157,0.13,1,0.864
62,24141.0,7.0,607.0,11080,48,personal,married,1,3006.0,mortgage,bachelor,5,0,,0.125,0.459,0.188,1,0.453
32,32231.0,6.0,590.0,20162,48,debt_consolidation,married,0,25236.0,mortgage,bachelor,6,0,,0.783,0.626,0.23,0,0.187
60,51844.0,6.0,716.0,18827,60,debt_consolidation,single,1,18302.0,rent,bachelor,1,0,,0.353,0.363,0.115,0,0.478
46,84931.0,7.0,612.0,11761,48,personal,single,0,0.0,mortgage,high_school,2,0,,0.0,0.138,0.122,1,0.783
53,51425.0,4.0,555.0,27423,60,medical,single,0,7153.0,mortgage,high_school,6,0,,0.139,0.533,0.229,0,0.437
30,33819.0,3.0,727.0,5736,24,home_improvement,married,1,0.0,mortgage,high_school,2,0,,0.0,0.17,0.07,1,0.606
49,48528.0,8.0,628.0,25064,60,personal,single,1,12151.0,mortgage,bachelor,5,0,,0.25,0.516,0.189,0,0.542
24,34288.0,4.0,541.0,16562,60,home_improvement,married,1,19545.0,own,master,4,0,,0.57,0.483,0.226,0,0.164
68,65062.0,5.0,787.0,11056,60,education,single,2,0.0,other,bachelor,9,0,,0.0,0.17,0.041,1,0.986
39,32274.0,5.0,699.0,26294,48,education,married,1,0.0,other,master,5,0,,0.0,0.815,0.214,0,0.538
45,37239.0,3.0,654.0,20572,36,debt_consolidation,single,0,35179.0,own,high_school,4,0,,0.945,0.552,0.183,0,0.135
19,79048.0,9.0,633.0,4244,36,debt_consolidation,single,1,4967.0,own,master,3,0,,0.063,0.054,0.094,1,0.857
59,30791.0,8.0,628.0,18640,36,personal,single,2,34881.0,mortgage,bachelor,3,0,,1.133,0.605,0.207,0,0.082
62,13847.0,6.0,626.0,18630,48,debt_consolidation,single,1,0.0,rent,bachelor,5,0,,0.0,1.345,0.35,0,0.206
23,52375.0,3.0,628.0,25074,36,debt_consolidation,single,0,2023.0,mortgage,bachelor,8,0,,0.039,0.479,0.182,1,0.694
45,40988.0,5.0,603.0,20854,72,home_improvement,married,0,13265.0,own,bachelor,5,0,,0.324,0.509,0.2,0,0.377
45,62785.0,5.0,642.0,21569,60,debt_consolidation,single,0,5221.0,rent,high_school,5,1,77.0,0.083,0.344,0.198,0,0.474
61,57937.0,5.0,601.0,10586,12,personal,single,1,28982.0,mortgage,high_school,4,0,,0.5,0.183,0.136,0,0.439
61,49202.0,3.0,668.0,12903,48,debt_consolidation,married,1,8225.0,mortgage,high_school,6,0,,0.167,0.262,0.118,1,0.665
37,48474.0,7.0,648.0,12479,60,education,married,1,20681.0,rent,master,5,1,47.0,0.427,0.257,0.177,0,0.361
47,31604.0,3.0,594.0,500,36,debt_consolidation,single,0,0.0,mortgage,master,1,0,,0.0,0.016,0.106,0,0.457
28,52084.0,0.0,643.0,27867,48,personal,married,4,13966.0,rent,high_school,4,0,,0.268,0.535,0.186,0,0.328
45,72032.0,6.0,693.0,3808,48,car,married,1,5293.0,own,bachelor,2,0,,0.073,0.053,0.064,1,0.788
42,25664.0,6.0,469.0,17687,36,home_improvement,single,0,0.0,own,high_school,5,0,,0.0,0.689,0.303,0,0.271
56,49865.0,4.0,696.0,11689,48,personal,married,1,16998.0,own,high_school,2,0,,0.341,0.234,0.099,1,0.469
50,75960.0,5.0,552.0,12616,72,debt_consolidation,single,0,30433.0,own,bachelor,5,0,,0.401,0.166,0.157,1,0.585
18,62636.0,9.0,613.0,21775,36,car,single,0,1071.0,mortgage,bachelor,7,0,,0.017,0.348,0.163,1,0.822
44,82737.0,5.0,424.0,7197,48,personal,widowed,0,16342.0,mortgage,high_school,2,0,,0.198,0.087,0.205,0,0.446
69,35796.0,4.0,695.0,19566,36,medical,single,0,6774.0,own,master,4,0,,0.189,0.547,0.162,0,0.42
30,5000.0,3.0,591.0,19661,60,medical,single,2,11607.0,mortgage,high_school,2,1,2.0,2.321,3.931,0.35,0,0.01
58,55016.0,6.0,610.0,7244,60,debt_consolidation,widowed,1,22598.0,other,master,6,0,,0.411,0.132,0.121,0,0.626
20,59064.0,2.0,657.0,24112,36,debt_consolidation,married,0,31627.0,rent,bachelor,2,0,,0.535,0.408,0.153,0,0.292
56,84211.0,6.0,492.0,28674,60,debt_consolidation,married,2,28628.0,rent,high_school,5,0,,0.34,0.34,0.222,1,0.542
23,79704.0,6.0,655.0,35247,36,personal,married,0,0.0,mortgage,bachelor,5,0,,0.0,0.442,0.161,1,0.792
25,63419.0,6.0,702.0,12380,24,personal,married,0,,mortgage,high_school,3,1,48.0,,0.195,0.138,1,0.571
44,69135.0,5.0,664.0,16911,60,debt_consolidation,married,1,0.0,mortgage,high_school,3,0,,0.0,0.245,0.117,1,0.758
26,45204.0,3.0,618.0,17522,36,debt_consolidation,single,0,19495.0,rent,high_school,2,0,,0.431,0.388,0.169,0,0.267
54,19522.0,4.0,653.0,21658,48,debt_consolidation,single,3,2106.0,mortgage,bachelor,4,0,,0.108,1.109,0.295,0,0.209
50,52943.0,4.0,644.0,32485,60,debt_consolidation,single,1,25935.0,mortgage,high_school,5,0,,0.49,0.614,0.201,0,0.354
68,74564.0,5.0,711.0,19868,24,home_improvement,single,0,0.0,mortgage,bachelor,1,0,,0.0,0.266,0.098,1,0.744
59,66409.0,4.0,750.0,20141,36,medical,single,1,16693.0,own,high_school,5,0,,0.251,0.303,0.086,1,0.722
61,,4.0,617.0,4053,48,personal,married,1,0.0,rent,high_school,1,0,,0.0,0.081,0.103,1,0.664
41,39306.0,5.0,669.0,35486,36,medical,single,0,17570.0,own,phd,8,0,,0.447,0.903,0.246,0,0.338
32,43361.0,5.0,597.0,10247,12,education,single,0,15869.0,own,master,4,0,,0.366,0.236,0.149,0,0.459
49,62086.0,5.0,683.0,500,24,business,married,1,0.0,own,high_school,3,0,,0.0,0.008,0.06,1,0.783
49,36337.0,7.0,687.0,500,60,medical,married,0,12884.0,mortgage,bachelor,4,0,,0.355,0.014,0.059,1,0.602
41,37107.0,3.0,637.0,18251,72,home_improvement,married,0,41040.0,own,bachelor,3,0,,1.106,0.492,0.18,0,0.084
58,57450.0,2.0,692.0,2269,36,debt_consolidation,married,0,20320.0,rent,high_school,4,0,,0.354,0.039,0.062,1,0.621
69,69023.0,4.0,650.0,15538,36,debt_consolidation,divorced,1,54327.0,own,bachelor,7,0,,0.787,0.225,0.12,0,0.516
66,45012.0,4.0,646.0,500,60,education,married,0,,rent,master,3,0,,,0.011,0.079,0,0.592
66,20920.0,6.0,580.0,18050,72,personal,married,1,18672.0,rent,bachelor,6,0,,0.893,0.863,0.283,0,0.079
69,31605.0,3.0,664.0,20643,36,car,married,2,2857.0,own,master,3,0,,0.09,0.653,0.199,0,0.33
29,55092.0,5.0,604.0,16758,60,personal,married,1,13694.0,mortgage,bachelor,3,0,,0.249,0.304,0.159,1,0.467
56,54788.0,5.0,720.0,8037,48,debt_consolidation,married,1,0.0,mortgage,bachelor,2,0,,0.0,0.147,0.069,1,0.753
19,56031.0,5.0,583.0,23786,72,business,married,0,23583.0,own,bachelor,2,0,,0.421,0.425,0.194,0,0.277
20,63032.0,5.0,672.0,11006,24,personal,single,0,0.0,mortgage,bachelor,4,0,,0.0,0.175,0.099,1,0.773
66,50145.0,3.0,629.0,13116,72,education,married,1,34993.0,rent,bachelor,6,0,,0.698,0.262,0.138,0,0.395
54,56626.0,10.0,671.0,9903,48,personal,married,1,0.0,other,high_school,3,0,,0.0,0.175,0.1,1,0.806
66,48874.0,5.0,645.0,12321,72,car,married,0,5428.0,mortgage,bachelor,4,0,,0.111,0.252,0.128,1,0.615
34,78718.0,4.0,585.0,33712,48,debt_consolidation,single,0,6267.0,own,bachelor,4,0,,0.08,0.428,0.193,0,0.634
66,85809.0,4.0,738.0,14950,48,debt_consolidation,single,0,0.0,rent,high_school,2,0,,0.0,0.174,0.066,1,0.849
19,20275.0,7.0,579.0,2304,60,car,single,0,13519.0,own,bachelor,6,0,,0.667,0.114,0.133,0,0.309
19,43619.0,3.0,701.0,5407,60,personal,married,0,1998.0,rent,master,5,0,,0.046,0.124,0.074,1,0.718
45,50818.0,6.0,514.0,12238,48,debt_consolidation,married,0,31064.0,mortgage,other,2,0,,0.611,0.241,0.191,0,0.224
40,43327.0,2.0,627.0,7054,48,education,single,0,0.0,rent,master,4,0,,0.0,0.163,0.119,1,0.63
54,94823.0,4.0,772.0,24497,60,business,married,0,16315.0,own,high_school,6,0,,0.172,0.258,0.066,1,0.883
49,55599.0,4.0,628.0,831,72,debt_consolidation,single,0,8710.0,rent,bachelor,5,0,,0.157,0.015,0.089,1,0.72
50,,4.0,658.0,13809,12,debt_consolidation,single,2,6800.0,rent,high_school,6,0,,0.136,0.276,0.163,1,0.48
18,64911.0,8.0,778.0,25106,48,home_improvement,married,0,11372.0,rent,bachelor,9,0,,0.175,0.387,0.088,1,0.915
36,56774.0,5.0,639.0,8699,60,debt_consolidation,married,1,20624.0,rent,master,5,0,,0.363,0.153,0.111,1,0.621
19,57605.0,8.0,671.0,19391,60,debt_consolidation,married,1,0.0,mortgage,master,3,0,,0.0,0.337,0.132,1,0.751
61,95197.0,5.0,698.0,14597,60,debt_consolidation,single,0,10714.0,rent,master,3,0,,0.113,0.153,0.082,1,0.857
43,58770.0,7.0,540.0,14684,60,debt_consolidation,married,3,0.0,mortgage,high_school,6,0,,0.0,0.25,0.18,1,0.731
49,42408.0,8.0,611.0,20119,60,education,married,2,0.0,mortgage,high_school,6,0,,0.0,0.474,0.189,1,0.716
23,5000.0,3.0,660.0,500,60,medical,single,3,13654.0,rent,master,4,0,,2.73,0.1,0.09,0,0.01
49,45865.0,4.0,522.0,27034,72,medical,widowed,1,26500.0,rent,master,5,0,,0.578,0.589,0.257,0,0.151
21,82649.0,6.0,760.0,500,60,car,married,2,33267.0,own,bachelor,7,0,,0.403,0.006,0.03,1,0.891
28,47721.0,4.0,711.0,26359,60,personal,single,0,1273.0,mortgage,bachelor,3,0,,0.027,0.552,0.155,1,0.557
34,5000.0,4.0,699.0,19340,24,personal,married,0,0.0,own,bachelor,5,0,,0.0,3.867,0.35,0,0.01
55,37541.0,6.0,756.0,19731,36,personal,single,1,11053.0,own,bachelor,5,0,,0.294,0.526,0.127,1,0.571
41,74817.0,2.0,708.0,31146,48,home_improvement,married,2,0.0,mortgage,high_school,2,0,,0.0,0.416,0.129,1,0.666
22,63645.0,4.0,632.0,26835,60,personal,married,2,16620.0,mortgage,bachelor,3,0,,0.261,0.422,0.168,0,0.47
69,29003.0,2.0,519.0,23142,36,business,single,0,0.0,mortgage,bachelor,2,0,,0.0,0.798,0.3,0,0.133
51,35868.0,8.0,596.0,12055,24,debt_consolidation,married,1,15135.0,own,high_school,6,0,,0.422,0.336,0.169,0,0.482
23,39732.0,7.0,598.0,11393,36,debt_consolidation,married,1,0.0,rent,other,4,0,,0.0,0.287,0.158,1,0.624
39,33432.0,2.0,700.0,23415,60,medical,widowed,0,0.0,mortgage,high_school,13,0,,0.0,0.7,0.19,1,0.746
28,5000.0,5.0,656.0,19528,60,debt_consolidation,single,0,0.0,rent,bachelor,1,0,,0.0,3.905,0.35,0,0.022
65,69090.0,6.0,525.0,18012,72,debt_consolidation,married,0,15955.0,own,bachelor,3,1,26.0,0.231,0.261,0.24,0,0.28
33,81426.0,7.0,719.0,14431,36,car,married,0,0.0,mortgage,bachelor,5,0,,0.0,0.177,0.076,1,0.899
50,12039.0,7.0,756.0,10922,36,education,single,1,18189.0,mortgage,high_school,5,0,,1.511,0.907,0.203,0,0.092
26,81096.0,7.0,768.0,1100,48,personal,single,0,36659.0,mortgage,bachelor,4,0,,0.452,0.014,0.03,1,0.833
23,47424.0,6.0,560.0,21436,36,car,married,1,35066.0,rent,high_school,4,0,,0.739,0.452,0.21,0,0.191
33,80628.0,5.0,676.0,13183,60,education,married,1,0.0,other,bachelor,7,0,,0.0,0.164,0.095,1,0.942
46,50949.0,5.0,569.0,12533,36,debt_consolidation,single,0,0.0,rent,high_school,3,0,,0.0,0.246,0.165,1,0.569
20,53389.0,8.0,805.0,500,12,medical,divorced,1,17218.0,rent,high_school,4,0,,0.322,0.009,0.03,1,0.812
37,59311.0,7.0,652.0,15927,48,home_improvement,single,0,0.0,mortgage,master,2,0,,0.0,0.269,0.128,1,0.695
53,30248.0,4.0,620.0,1366,36,personal,married,0,19282.0,mortgage,bachelor,5,1,85.0,0.637,0.045,0.149,0,0.154
36,79867.0,5.0,606.0,10654,12,home_improvement,married,0,0.0,own,high_school,7,1,58.0,0.0,0.133,0.174,1,0.699
18,21965.0,8.0,677.0,101357,48,home_improvement,married,0,8927.0,own,phd,2,0,,0.406,4.614,0.27,0,0.162
20,39948.0,5.0,691.0,15633,36,home_improvement,single,0,24162.0,own,high_school,2,0,,0.605,0.391,0.133,0,0.277
36,63107.0,,518.0,13946,48,personal,married,2,0.0,rent,high_school,1,0,,0.0,0.221,0.185,0,0.398
37,37270.0,3.0,762.0,7734,36,personal,married,0,8246.0,mortgage,high_school,8,0,,0.221,0.208,0.061,1,0.757
49,69438.0,7.0,688.0,9525,48,debt_consolidation,married,1,8045.0,rent,bachelor,2,0,,0.116,0.137,0.083,1,0.775
24,84397.0,3.0,761.0,30854,72,home_improvement,married,0,19096.0,mortgage,bachelor,3,0,,0.226,0.366,0.093,1,0.739
69,75314.0,8.0,787.0,22797,48,medical,single,1,0.0,rent,high_school,2,0,,0.0,0.303,0.067,1,0.841
58,5000.0,1.0,642.0,10379,48,personal,married,0,0.0,rent,high_school,6,0,,0.0,2.075,0.35,0,0.047
50,53146.0,5.0,719.0,13945,72,home_improvement,single,0,0.0,own,bachelor,6,0,,0.0,0.262,0.093,1,0.822
57,75717.0,3.0,604.0,17473,36,debt_consolidation,widowed,1,29878.0,own,bachelor,5,1,60.0,0.395,0.231,0.194,0,0.337
56,17081.0,5.0,613.0,19381,36,home_improvement,single,1,22523.0,own,master,4,0,,1.319,1.135,0.32,0,0.027
35,68090.0,5.0,776.0,14757,36,car,single,0,9634.0,rent,bachelor,5,0,,0.141,0.217,0.055,1,0.841
57,66687.0,2.0,591.0,500,48,home_improvement,single,0,9233.0,rent,bachelor,2,0,,0.138,0.007,0.106,1,0.569
18,19698.0,7.0,666.0,14685,48,debt_consolidation,married,1,16378.0,mortgage,bachelor,9,0,,0.831,0.745,0.216,0,0.259
28,70856.0,2.0,577.0,14075,12,debt_consolidation,single,0,,own,bachelor,3,0,,,0.199,0.151,0,0.448
45,56817.0,4.0,598.0,35573,60,medical,married,1,0.0,own,bachelor,3,0,,0.0,0.626,0.226,1,0.427
42,66260.0,5.0,610.0,41918,24,personal,married,0,0.0,own,high_school,3,0,,0.0,0.633,0.222,1,0.531
67,25842.0,4.0,766.0,21422,72,personal,single,1,0.0,own,bachelor,2,0,,0.0,0.829,0.183,0,0.386
40,53753.0,4.0,691.0,8229,72,medical,single,0,4811.0,mortgage,master,1,0,,0.09,0.153,0.085,1,0.576
48,7378.0,5.0,717.0,21790,72,personal,married,0,12729.0,mortgage,high_school,8,0,,1.725,2.953,0.35,0,0.01
47,5000.0,4.0,505.0,500,60,debt_consolidation,single,0,25188.0,rent,bachelor,2,0,,5.037,0.1,0.168,0,0.02
59,53521.0,4.0,653.0,9673,24,education,single,1,0.0,own,bachelor,5,0,,0.0,0.181,0.11,1,0.781
52,77515.0,5.0,619.0,500,60,debt_consolidation,single,0,0.0,rent,high_school,1,0,,0.0,0.006,0.092,1,0.752
24,56323.0,7.0,689.0,20506,36,medical,single,1,11960.0,own,high_school,4,0,,0.212,0.364,0.128,1,0.641
33,48414.0,6.0,843.0,2893,60,personal,single,0,13819.0,own,high_school,3,0,,0.285,0.06,0.03,1,0.79
43,45312.0,6.0,459.0,12130,36,personal,married,1,7005.0,rent,bachelor,3,0,,0.155,0.268,0.224,0,0.329
65,26436.0,8.0,682.0,14559,36,car,married,1,0.0,mortgage,bachelor,5,0,,0.0,0.551,0.169,0,0.61
69,44453.0,5.0,826.0,14711,72,business,married,1,0.0,rent,bachelor,5,0,,0.0,0.331,0.053,1,0.816
66,60542.0,2.0,609.0,10271,12,personal,single,0,7945.0,mortgage,high_school,6,0,,0.131,0.17,0.13,1,0.654
19,39119.0,4.0,662.0,18367,36,debt_consolidation,married,0,0.0,rent,bachelor,3,0,,0.0,0.47,0.163,0,0.517
18,68765.0,6.0,704.0,2458,48,business,single,1,0.0,other,high_school,1,0,,0.0,0.036,0.055,1,0.777
65,54899.0,3.0,478.0,32393,60,debt_consolidation,divorced,2,0.0,own,high_school,2,0,,0.0,0.59,0.279,0,0.277
29,57924.0,3.0,671.0,4659,48,personal,married,0,17530.0,rent,bachelor,2,0,,0.303,0.08,0.08,0,0.53
22,72217.0,5.0,586.0,15397,60,debt_consolidation,single,1,0.0,rent,bachelor,2,1,116.0,0.0,0.213,0.2,0,0.418
54,36831.0,5.0,814.0,21250,60,debt_consolidation,single,0,0.0,rent,master,5,0,,0.0,0.577,0.108,1,0.746
49,66485.0,6.0,633.0,21827,24,medical,single,2,2238.0,rent,high_school,7,0,,0.034,0.328,0.149,1,0.782
26,40338.0,2.0,593.0,22754,48,debt_consolidation,single,2,21291.0,rent,bachelor,2,0,,0.528,0.564,0.216,0,0.15
58,58488.0,6.0,718.0,500,60,debt_consolidation,married,0,9655.0,rent,bachelor,5,0,,0.165,0.009,0.043,1,0.845
52,33856.0,4.0,689.0,5826,48,car,single,0,26532.0,rent,bachelor,6,0,,0.784,0.172,0.09,0,0.353
36,27232.0,3.0,722.0,16359,48,personal,divorced,0,24233.0,own,high_school,5,0,,0.89,0.601,0.159,0,0.155
65,52297.0,4.0,803.0,19812,12,debt_consolidation,single,0,0.0,rent,bachelor,7,0,,0.0,0.379,0.074,1,0.873
33,5000.0,2.0,603.0,27571,24,personal,married,2,12020.0,mortgage,bachelor,4,0,,2.404,5.513,0.35,0,0.01
20,42593.0,6.0,788.0,9860,24,personal,single,0,26466.0,rent,master,4,0,,0.621,0.231,0.052,0,0.542
37,9841.0,8.0,,5950,36,car,single,0,2758.0,mortgage,other,4,0,,0.28,0.605,0.121,1,0.474
41,69481.0,5.0,589.0,9532,24,education,divorced,1,13602.0,own,master,5,0,,0.196,0.137,0.133,1,0.734
50,76253.0,6.0,596.0,37594,48,debt_consolidation,married,1,0.0,mortgage,bachelor,6,0,,0.0,0.493,0.201,1,0.764
41,28401.0,5.0,654.0,30004,36,home_improvement,married,1,6617.0,rent,master,0,0,,0.233,1.056,0.284,0,0.128
69,60708.0,5.0,634.0,13305,60,debt_consolidation,married,0,6129.0,own,high_school,10,0,,0.101,0.219,0.127,1,0.868
28,72478.0,6.0,787.0,27848,60,debt_consolidation,widowed,2,19408.0,rent,high_school,4,0,,0.268,0.384,0.083,1,0.795
66,72562.0,4.0,581.0,9275,36,home_improvement,married,2,4248.0,mortgage,bachelor,2,0,,0.059,0.128,0.135,1,0.628
25,55361.0,4.0,670.0,24545,48,home_improvement,single,0,13232.0,mortgage,other,3,0,,0.239,0.443,0.154,0,0.489
53,68358.0,5.0,589.0,1211,72,medical,single,0,15717.0,mortgage,bachelor,3,0,,0.23,0.018,0.109,0,0.608
55,33767.0,5.0,659.0,18565,48,car,married,0,0.0,mortgage,high_school,6,0,,0.0,0.55,0.181,0,0.585
57,52078.0,4.0,821.0,25195,72,personal,married,1,3963.0,mortgage,bachelor,4,0,,0.076,0.484,0.086,1,0.738
37,38322.0,4.0,796.0,11734,24,debt_consolidation,married,1,16946.0,rent,high_school,2,1,57.0,0.442,0.306,0.113,0,0.258
52,31655.0,7.0,680.0,21134,60,debt_consolidation,single,0,37577.0,mortgage,bachelor,4,0,,1.187,0.668,0.194,0,0.113
65,50902.0,5.0,700.0,9384,48,car,divorced,1,0.0,rent,high_school,4,0,,0.0,0.184,0.087,1,0.752
42,58688.0,4.0,688.0,18035,12,debt_consolidation,married,0,17880.0,mortgage,high_school,3,0,,0.305,0.307,0.117,0,0.556
52,79088.0,3.0,626.0,10185,72,business,married,4,,rent,high_school,6,0,,,0.129,0.113,1,0.681
42,56629.0,9.0,803.0,23191,72,car,single,0,11434.0,rent,bachelor,2,0,,0.202,0.41,0.081,1,0.743
46,66048.0,6.0,756.0,2356,36,home_improvement,divorced,0,0.0,own,bachelor,2,0,,0.0,0.036,0.03,1,0.853
35,66332.0,6.0,669.0,4848,72,home_improvement,married,1,9214.0,rent,high_school,3,0,,0.139,0.073,0.08,1,0.757
63,117188.0,4.0,633.0,28057,24,home_improvement,married,0,0.0,mortgage,bachelor,4,0,,0.0,0.239,0.131,1,0.882
35,5000.0,7.0,638.0,500,60,home_improvement,divorced,0,2458.0,own,master,2,0,,0.492,0.1,0.101,0,0.258
19,32802.0,6.0,677.0,8590,36,debt_consolidation,divorced,0,15781.0,other,other,3,0,,0.481,0.262,0.114,0,0.394
52,86851.0,6.0,647.0,13579,36,debt_consolidation,single,1,9092.0,rent,master,1,0,,0.105,0.156,0.108,1,0.75
33,41200.0,2.0,741.0,18530,60,car,divorced,0,12940.0,mortgage,high_school,1,0,,0.314,0.45,0.12,0,0.33
58,72145.0,6.0,688.0,10222,36,debt_consolidation,married,3,0.0,mortgage,high_school,3,0,,0.0,0.142,0.084,1,0.833
53,55750.0,4.0,574.0,3742,12,business,single,0,836.0,rent,high_school,2,0,,0.015,0.067,0.126,0,0.561
50,102630.0,7.0,558.0,27263,48,debt_consolidation,single,0,19195.0,mortgage,bachelor,7,1,27.0,0.187,0.266,0.224,1,0.674
21,22174.0,8.0,729.0,25533,36,debt_consolidation,single,2,0.0,rent,bachelor,4,0,,0.0,1.151,0.266,0,0.404
50,80545.0,6.0,557.0,11207,60,debt_consolidation,married,2,0.0,rent,high_school,3,0,,0.0,0.139,0.149,1,0.749
31,93740.0,3.0,622.0,500,36,home_improvement,married,1,5416.0,rent,master,5,0,,0.058,0.005,0.09,1,0.855
38,24640.0,4.0,615.0,18062,60,debt_consolidation,single,0,2238.0,mortgage,master,4,0,,0.091,0.733,0.239,0,0.299
65,69572.0,5.0,551.0,16818,36,debt_consolidation,married,0,21541.0,rent,bachelor,1,1,91.0,0.31,0.242,0.223,0,0.207
37,25863.0,,675.0,8329,36,debt_consolidation,married,1,0.0,rent,bachelor,6,0,,0.0,0.322,0.127,1,0.621
25,50754.0,5.0,640.0,500,36,debt_consolidation,married,0,8763.0,own,bachelor,3,1,24.0,0.173,0.01,0.132,0,0.41
24,43585.0,8.0,599.0,12284,48,personal,divorced,1,30564.0,rent,bachelor,4,0,,0.701,0.282,0.157,0,0.312
20,5000.0,8.0,817.0,22666,24,personal,married,0,14905.0,mortgage,master,5,0,,2.98,4.532,0.35,0,0.01
34,60606.0,5.0,456.0,24172,48,debt_consolidation,single,0,0.0,rent,high_school,2,0,,0.0,0.399,0.252,0,0.381
50,53583.0,5.0,581.0,14558,36,debt_consolidation,married,2,46414.0,rent,bachelor,5,0,,0.866,0.272,0.164,0,0.264
65,86977.0,8.0,604.0,8765,60,education,divorced,2,1797.0,own,high_school,5,0,,0.021,0.101,0.118,1,0.92
29,65279.0,5.0,541.0,22345,24,personal,single,2,0.0,own,bachelor,4,0,,0.0,0.342,0.198,0,0.59
68,107272.0,4.0,831.0,3630,60,personal,widowed,0,,mortgage,bachelor,4,0,,,0.034,0.03,1,0.931
39,52676.0,3.0,830.0,1452,36,debt_consolidation,single,1,0.0,own,high_school,4,0,,0.0,0.028,0.03,1,0.882
39,47362.0,7.0,595.0,14115,24,home_improvement,married,0,38067.0,mortgage,high_school,6,0,,0.804,0.298,0.162,0,0.335
63,45391.0,4.0,751.0,30464,36,medical,married,2,20825.0,rent,high_school,2,0,,0.459,0.671,0.159,0,0.284
47,39010.0,4.0,698.0,30840,24,personal,married,0,41966.0,own,bachelor,8,0,,1.076,0.791,0.209,0,0.163
55,5000.0,5.0,782.0,1822,48,debt_consolidation,married,1,0.0,mortgage,bachelor,4,0,,0.0,0.364,0.082,1,0.602
55,44495.0,3.0,641.0,10627,72,medical,married,2,29170.0,mortgage,other,6,0,,0.656,0.239,0.127,0,0.34
62,5000.0,5.0,685.0,39339,12,debt_consolidation,married,1,0.0,other,high_school,1,1,45.0,0.0,7.866,0.35,0,0.02
68,61301.0,4.0,762.0,8116,48,debt_consolidation,married,0,15153.0,own,high_school,4,0,,0.247,0.132,0.045,1,0.772
25,18998.0,6.0,750.0,31197,36,home_improvement,married,1,,rent,bachelor,1,0,,,1.642,0.35,0,0.05
44,27642.0,5.0,662.0,24760,36,debt_consolidation,married,0,30809.0,mortgage,high_school,2,0,,1.115,0.896,0.248,0,0.06
44,33265.0,5.0,575.0,26909,36,medical,married,0,22148.0,rent,high_school,8,0,,0.666,0.809,0.274,0,0.167
51,44877.0,2.0,589.0,10541,60,medical,single,2,3027.0,rent,bachelor,4,0,,0.067,0.235,0.153,0,0.461
38,50172.0,5.0,502.0,10837,12,personal,married,1,26330.0,own,master,7,0,,0.525,0.216,0.192,0,0.379
47,77112.0,3.0,713.0,5894,60,home_improvement,single,1,8620.0,rent,master,7,0,,0.112,0.076,0.059,1,0.884
50,35562.0,3.0,667.0,22988,36,debt_consolidation,married,1,20403.0,rent,high_school,7,0,,0.574,0.646,0.196,0,0.308
45,62004.0,5.0,673.0,500,36,debt_consolidation,single,1,14435.0,other,high_school,4,0,,0.233,0.008,0.065,1,0.75
64,118272.0,4.0,648.0,13366,48,home_improvement,married,2,6803.0,rent,bachelor,4,0,,0.058,0.113,0.099,1,0.9
50,59434.0,3.0,559.0,31345,36,medical,single,0,0.0,mortgage,bachelor,5,0,,0.0,0.527,0.226,0,0.487
22,45488.0,4.0,675.0,20945,24,home_improvement,single,1,13050.0,rent,bachelor,4,0,,0.287,0.46,0.155,0,0.457
65,30521.0,2.0,698.0,25026,24,car,married,0,0.0,rent,bachelor,2,0,,0.0,0.82,0.215,0,0.29
36,45142.0,6.0,581.0,500,36,car,single,1,0.0,rent,high_school,8,0,,0.0,0.011,0.112,1,0.806
21,27844.0,7.0,648.0,5059,60,debt_consolidation,single,0,22457.0,own,high_school,4,0,,0.807,0.182,0.112,0,0.284
52,56717.0,3.0,598.0,26842,24,education,single,0,537.0,rent,master,3,0,,0.009,0.473,0.196,0,0.524
66,52589.0,5.0,633.0,16258,60,home_improvement,divorced,0,0.0,mortgage,bachelor,7,0,,0.0,0.309,0.145,1,0.764
34,,4.0,559.0,4604,36,personal,single,0,10034.0,mortgage,master,7,0,,0.201,0.092,0.305,0,0.01
61,49536.0,6.0,629.0,21264,60,medical,married,1,,own,bachelor,5,0,,,0.429,0.171,1,0.558
45,76904.0,6.0,780.0,9664,48,debt_consolidation,married,1,9074.0,rent,bachelor,1,0,,0.118,0.126,0.035,1,0.835
47,40022.0,2.0,610.0,40376,36,home_improvement,single,1,9056.0,rent,high_school,7,0,,0.226,1.009,0.297,0,0.27
46,33678.0,2.0,596.0,20990,72,medical,married,2,0.0,own,bachelor,3,0,,0.0,0.623,0.227,0,0.273
63,15557.0,5.0,601.0,5774,36,debt_consolidation,widowed,1,4010.0,mortgage,master,4,0,,0.258,0.371,0.174,0,0.311
23,5000.0,2.0,635.0,23810,48,business,married,0,25589.0,own,high_school,2,0,,5.117,4.761,0.35,0,0.01
52,70784.0,7.0,793.0,31148,48,debt_consolidation,single,1,22825.0,own,high_school,3,0,,0.322,0.44,0.092,1,0.746
58,45463.0,4.0,762.0,14940,36,car,married,0,4697.0,mortgage,bachelor,4,1,55.0,0.103,0.329,0.135,0,0.447
54,69301.0,5.0,639.0,7321,72,personal,married,2,18778.0,rent,bachelor,5,0,,0.271,0.106,0.102,1,0.714
41,88283.0,7.0,599.0,15443,60,car,married,3,11396.0,rent,bachelor,7,0,,0.129,0.175,0.136,1,0.859
46,73031.0,5.0,509.0,8872,60,home_improvement,divorced,2,5054.0,own,bachelor,3,0,,0.069,0.121,0.17,0,0.605
66,36441.0,7.0,577.0,12417,72,debt_consolidation,single,1,28700.0,rent,bachelor,4,0,,0.788,0.341,0.18,0,0.217
63,53622.0,1.0,492.0,1112,48,debt_consolidation,single,2,0.0,other,bachelor,2,0,,0.0,0.021,0.158,0,0.43
48,34631.0,3.0,709.0,23752,24,car,single,0,14598.0,own,bachelor,2,1,97.0,0.422,0.686,0.233,0,0.091
52,32293.0,4.0,757.0,3507,60,home_improvement,widowed,1,0.0,rent,high_school,4,0,,0.0,0.109,0.043,1,0.748
50,58570.0,9.0,620.0,21082,36,home_improvement,married,1,15408.0,rent,high_school,4,0,,0.263,0.36,0.162,1,0.626
69,29193.0,4.0,681.0,11959,36,personal,married,2,99.0,own,bachelor,3,0,,0.003,0.41,0.142,0,0.492
38,5000.0,5.0,563.0,17229,48,debt_consolidation,single,0,4274.0,own,bachelor,4,0,,0.855,3.445,0.35,0,0.021
49,27796.0,6.0,495.0,10253,72,car,married,1,5633.0,other,master,7,0,,0.203,0.369,0.226,0,0.387
40,42328.0,,654.0,16962,36,car,single,0,0.0,own,bachelor,5,0,,0.0,0.401,0.153,1,0.657
50,88035.0,3.0,681.0,19326,60,car,divorced,2,0.0,mortgage,bachelor,4,0,,0.0,0.22,0.104,1,0.818
20,37727.0,3.0,786.0,11491,48,home_improvement,married,1,22452.0,rent,high_school,4,0,,0.595,0.305,0.068,1,0.436
35,62798.0,5.0,815.0,500,24,debt_consolidation,married,0,11569.0,rent,bachelor,3,0,,0.184,0.008,0.03,1,0.859
42,45792.0,,628.0,18370,60,personal,single,2,31875.0,mortgage,high_school,4,1,115.0,0.696,0.401,0.216,0,0.133
59,80660.0,6.0,723.0,18908,72,home_improvement,married,0,0.0,mortgage,bachelor,2,0,,0.0,0.234,0.085,1,0.829
48,78927.0,6.0,675.0,673,36,car,single,2,22768.0,own,high_school,2,0,,0.288,0.009,0.064,1,0.731
20,79404.0,4.0,650.0,5189,36,education,single,3,16910.0,own,high_school,3,0,,0.213,0.065,0.088,1,0.764
57,6650.0,7.0,647.0,11522,36,debt_consolidation,single,2,27468.0,own,bachelor,2,0,,4.13,1.732,0.35,0,0.02
63,55168.0,4.0,638.0,500,60,business,married,4,8386.0,own,high_school,7,0,,0.152,0.009,0.083,1,0.766
41,68973.0,8.0,642.0,22079,12,car,single,2,11720.0,rent,bachelor,6,0,,0.17,0.32,0.143,1,0.781
67,59538.0,5.0,783.0,10112,36,education,single,2,0.0,mortgage,bachelor,6,0,,0.0,0.17,0.042,1,0.936
49,65915.0,5.0,667.0,17886,60,business,married,2,5941.0,own,master,5,1,56.0,0.09,0.271,0.171,0,0.515
64,,4.0,789.0,4377,48,personal,single,2,2630.0,rent,high_school,5,0,,0.053,0.088,0.03,1,0.843
39,31380.0,5.0,578.0,35175,36,home_improvement,single,0,0.0,own,high_school,2,0,,0.0,1.121,0.335,0,0.174
40,7573.0,2.0,423.0,794,60,personal,married,0,12042.0,rent,master,4,0,,1.59,0.105,0.21,0,0.011
19,33861.0,3.0,613.0,10015,72,debt_consolidation,single,0,24129.0,own,high_school,3,0,,0.713,0.296,0.153,0,0.184
44,116953.0,7.0,583.0,26991,72,education,single,1,27699.0,mortgage,master,9,0,,0.237,0.231,0.155,1,0.962
59,37859.0,5.0,531.0,3506,36,debt_consolidation,married,2,0.0,rent,high_school,2,0,,0.0,0.093,0.153,0,0.472
19,5000.0,6.0,754.0,15910,72,debt_consolidation,single,1,9454.0,mortgage,bachelor,3,0,,1.89,3.181,0.35,0,0.02
43,68316.0,7.0,543.0,21268,60,debt_consolidation,married,1,7981.0,own,high_school,8,0,,0.117,0.311,0.191,1,0.773
34,71387.0,2.0,697.0,500,36,debt_consolidation,single,0,32119.0,mortgage,bachelor,7,0,,0.45,0.007,0.053,1,0.764
57,82183.0,7.0,811.0,8313,48,debt_consolidation,divorced,0,36794.0,mortgage,master,6,0,,0.448,0.101,0.03,1,0.906
50,61774.0,5.0,558.0,16902,12,education,single,0,0.0,own,bachelor,6,0,,0.0,0.274,0.176,1,0.743
26,71140.0,5.0,632.0,19533,60,debt_consolidation,married,1,17297.0,rent,bachelor,1,0,,0.243,0.275,0.139,1,0.533
60,96005.0,7.0,758.0,6777,60,medical,married,0,17967.0,mortgage,high_school,4,0,,0.187,0.071,0.035,1,0.889
65,31363.0,6.0,617.0,33406,60,debt_consolidation,single,1,6992.0,own,master,2,0,,0.223,1.065,0.304,0,0.175
56,26404.0,5.0,677.0,19809,36,debt_consolidation,single,0,0.0,own,bachelor,4,0,,0.0,0.75,0.212,0,0.435
46,22635.0,0.0,701.0,22767,48,home_improvement,single,1,20581.0,rent,high_school,4,0,,0.909,1.006,0.251,0,0.057
59,43356.0,7.0,664.0,22180,36,home_improvement,single,0,28244.0,mortgage,high_school,2,0,,0.651,0.512,0.17,0,0.251
18,85836.0,5.0,614.0,101357,72,debt_consolidation,single,1,1795.0,rent,high_school,5,0,,0.021,1.181,0.094,1,0.874
52,63202.0,5.0,588.0,13852,60,personal,divorced,1,27946.0,rent,high_school,4,0,,0.442,0.219,0.15,0,0.465
67,62217.0,6.0,562.0,14838,24,debt_consolidation,single,0,10061.0,other,master,1,0,,0.162,0.238,0.167,1,0.48
42,5000.0,8.0,698.0,12456,36,medical,single,0,31329.0,own,bachelor,2,0,,6.265,2.491,0.35,0,0.01
41,32670.0,4.0,597.0,17075,60,debt_consolidation,married,3,31299.0,mortgage,high_school,4,0,,0.958,0.523,0.206,0,0.112
30,5000.0,6.0,746.0,500,48,personal,married,1,9647.0,mortgage,bachelor,2,0,,1.929,0.1,0.047,0,0.028
24,79281.0,4.0,777.0,16281,60,home_improvement,single,2,16260.0,rent,bachelor,2,0,,0.205,0.205,0.053,1,0.776
53,89641.0,1.0,557.0,11967,36,personal,married,0,0.0,mortgage,high_school,6,0,,0.0,0.133,0.148,0,0.765
62,69489.0,3.0,709.0,500,60,debt_consolidation,married,0,0.0,rent,high_school,1,1,47.0,0.0,0.007,0.097,0,0.543
37,25330.0,4.0,815.0,19224,36,debt_consolidation,single,0,13761.0,mortgage,high_school,2,0,,0.543,0.759,0.144,0,0.25
18,87051.0,5.0,582.0,3188,48,car,single,1,0.0,mortgage,bachelor,5,1,31.0,0.0,0.037,0.166,1,0.652
25,43669.0,4.0,746.0,11195,72,car,single,0,41396.0,rent,bachelor,4,0,,0.948,0.256,0.078,0,0.287
63,19639.0,5.0,695.0,12456,48,debt_consolidation,single,1,27077.0,rent,master,5,0,,1.379,0.634,0.179,0,0.077
33,25890.0,2.0,727.0,500,12,debt_consolidation,single,0,7726.0,mortgage,bachelor,10,0,,0.298,0.019,0.04,1,0.769
31,39246.0,2.0,589.0,500,72,business,single,0,50009.0,own,bachelor,1,0,,1.274,0.013,0.108,0,0.049
29,51239.0,5.0,802.0,20454,36,debt_consolidation,married,1,545.0,mortgage,master,1,0,,0.011,0.399,0.079,1,0.706
68,45966.0,5.0,,8962,60,home_improvement,married,1,4113.0,rent,bachelor,6,1,112.0,0.089,0.195,0.191,1,0.418
40,14683.0,5.0,701.0,11071,48,car,married,1,3932.0,mortgage,bachelor,5,0,,0.268,0.754,0.2,0,0.303
32,80333.0,6.0,645.0,15728,36,medical,married,1,9040.0,rent,bachelor,5,0,,0.113,0.196,0.117,1,0.789
45,46235.0,4.0,693.0,500,36,debt_consolidation,married,0,5350.0,mortgage,bachelor,6,0,,0.116,0.011,0.056,1,0.796
51,32156.0,9.0,571.0,10923,36,car,married,1,16848.0,rent,bachelor,6,0,,0.524,0.34,0.182,0,0.387
19,77758.0,7.0,552.0,13894,60,debt_consolidation,married,0,0.0,rent,bachelor,5,0,,0.0,0.179,0.16,1,0.802
49,20415.0,2.0,673.0,32645,60,debt_consolidation,single,1,11919.0,mortgage,bachelor,5,0,,0.584,1.599,0.35,0,0.065
40,9278.0,3.0,621.0,5797,48,home_improvement,single,1,1862.0,rent,bachelor,4,0,,0.201,0.625,0.214,0,0.211
39,81812.0,4.0,618.0,22889,24,personal,married,2,10940.0,mortgage,master,8,0,,0.134,0.28,0.147,1,0.813
68,97285.0,6.0,694.0,14982,60,debt_consolidation,single,1,0.0,mortgage,bachelor,2,1,9.0,0.0,0.154,0.134,1,0.714
42,38448.0,7.0,530.0,3644,48,debt_consolidation,single,1,0.0,mortgage,high_school,4,0,,0.0,0.095,0.154,1,0.605
39,48851.0,4.0,747.0,8671,48,education,single,1,41878.0,rent,bachelor,4,1,35.0,0.857,0.177,0.112,0,0.232
39,21333.0,5.0,660.0,23663,48,home_improvement,widowed,0,0.0,rent,phd,4,1,47.0,0.0,1.109,0.342,0,0.122
66,50137.0,5.0,711.0,22770,36,education,single,0,17852.0,own,bachelor,2,0,,0.356,0.454,0.135,0,0.475
69,38107.0,3.0,692.0,9797,48,personal,single,0,1948.0,rent,high_school,2,0,,0.051,0.257,0.105,0,0.517
59,47447.0,3.0,697.0,18437,48,personal,single,1,0.0,own,other,4,0,,0.0,0.389,0.129,1,0.626
23,,7.0,554.0,4630,48,home_improvement,married,1,10962.0,mortgage,high_school,3,0,,0.219,0.093,0.138,0,0.608
32,22546.0,3.0,743.0,13234,60,car,single,0,0.0,mortgage,other,2,0,,0.0,0.587,0.146,0,0.406
60,40955.0,8.0,672.0,10704,36,personal,single,2,17770.0,rent,high_school,6,0,,0.434,0.261,0.116,1,0.603
54,5000.0,8.0,612.0,24318,48,debt_consolidation,divorced,2,8129.0,mortgage,other,4,0,,1.625,4.863,0.35,0,0.02
50,41125.0,5.0,640.0,19628,36,home_improvement,married,0,30041.0,own,high_school,3,0,,0.73,0.477,0.175,0,0.2
25,47664.0,5.0,679.0,8239,60,home_improvement,married,2,0.0,own,bachelor,4,0,,0.0,0.173,0.095,1,0.732
61,55725.0,3.0,664.0,9235,24,debt_consolidation,divorced,1,14141.0,rent,bachelor,5,0,,0.254,0.166,0.101,1,0.645
61,559890.0,3.0,698.0,14710,36,personal,single,0,15555.0,own,bachelor,5,0,,0.028,0.026,0.104,1,0.621
22,72598.0,6.0,,13387,60,medical,married,0,0.0,mortgage,master,4,0,,0.0,0.184,0.046,1,0.866
56,11508.0,5.0,567.0,12205,36,home_improvement,single,1,40.0,mortgage,bachelor,3,0,,0.003,1.06,0.328,0,0.148
21,12843.0,4.0,710.0,11480,48,personal,married,0,0.0,rent,high_school,4,0,,0.0,0.894,0.224,0,0.317
23,63224.0,6.0,641.0,28792,72,home_improvement,single,2,0.0,mortgage,bachelor,3,0,,0.0,0.455,0.17,1,0.653
62,5000.0,3.0,741.0,10481,48,personal,single,1,8221.0,rent,bachelor,4,0,,1.644,2.096,0.35,0,0.01
49,54583.0,12.0,780.0,18000,36,debt_consolidation,single,1,22103.0,mortgage,bachelor,4,0,,0.405,0.33,0.076,1,0.798
69,20493.0,1.0,666.0,39227,36,debt_consolidation,single,0,8026.0,mortgage,high_school,1,0,,0.392,1.914,0.35,0,0.039
47,89320.0,6.0,700.0,6535,60,debt_consolidation,married,0,8653.0,mortgage,high_school,4,0,,0.097,0.073,0.065,1,0.895
64,56261.0,1.0,747.0,16927,36,car,married,0,0.0,own,bachelor,3,0,,0.0,0.301,0.087,1,0.67
52,44521.0,6.0,730.0,17445,60,debt_consolidation,married,0,0.0,rent,bachelor,6,0,,0.0,0.392,0.113,1,0.798
57,80693.0,1.0,751.0,14889,60,debt_consolidation,single,0,15131.0,own,master,7,1,117.0,0.188,0.185,0.112,1,0.684
69,23415.0,4.0,626.0,15411,48,personal,single,1,90.0,rent,high_school,6,0,,0.004,0.658,0.219,0,0.426
33,28165.0,3.0,609.0,6210,60,personal,married,2,0.0,rent,master,3,0,,0.0,0.22,0.14,0,0.445
30,18464.0,3.0,559.0,18588,36,education,married,0,1839.0,rent,master,3,0,,0.1,1.007,0.322,0,0.164
67,28374.0,5.0,634.0,500,48,personal,single,0,13740.0,mortgage,high_school,2,0,,0.484,0.018,0.087,0,0.326
59,51528.0,5.0,643.0,32978,60,personal,married,2,16039.0,rent,bachelor,3,0,,0.311,0.64,0.207,0,0.346
47,62349.0,5.0,,32130,36,education,married,1,12983.0,mortgage,bachelor,6,0,,0.208,0.515,0.184,1,0.661
36,74036.0,9.0,689.0,11708,36,car,single,1,0.0,rent,bachelor,7,0,,0.0,0.158,0.087,1,0.921
34,5000.0,3.0,691.0,25518,60,personal,single,1,18916.0,other,bachelor,4,1,118.0,3.782,5.103,0.35,0,0.01
36,45703.0,3.0,645.0,12066,60,car,single,0,9694.0,other,bachelor,5,1,104.0,0.212,0.264,0.18,0,0.3
45,22296.0,6.0,678.0,15098,48,debt_consolidation,divorced,2,0.0,rent,high_school,5,0,,0.0,0.677,0.196,0,0.508
43,44868.0,6.0,716.0,8191,60,home_improvement,single,0,0.0,other,high_school,3,0,,0.0,0.183,0.079,1,0.742
54,108354.0,3.0,586.0,23198,48,home_improvement,single,0,12944.0,mortgage,high_school,8,0,,0.119,0.214,0.15,1,0.877
43,57297.0,7.0,725.0,9187,60,personal,married,0,23035.0,rent,bachelor,6,0,,0.402,0.16,0.07,1,0.755
40,72487.0,4.0,601.0,22852,60,education,single,1,18905.0,mortgage,high_school,3,0,,0.261,0.315,0.162,0,0.565
26,99017.0,1.0,765.0,14580,36,personal,married,1,12448.0,rent,master,1,0,,0.126,0.147,0.047,1,0.786
29,78184.0,7.0,663.0,14828,36,business,single,1,19501.0,rent,bachelor,2,0,,0.249,0.19,0.107,1,0.686
18,38802.0,7.0,655.0,500,60,debt_consolidation,widowed,1,45572.0,own,bachelor,4,1,88.0,1.174,0.013,0.125,0,0.115
18,18104.0,2.0,507.0,15599,60,medical,married,2,14318.0,rent,master,3,0,,0.791,0.862,0.319,0,0.01
64,49246.0,5.0,703.0,3542,36,debt_consolidation,married,0,12361.0,rent,high_school,4,0,,0.251,0.072,0.063,1,0.701
51,35807.0,6.0,658.0,15616,48,home_improvement,single,1,18169.0,other,high_school,7,0,,0.507,0.436,0.158,0,0.461
49,,9.0,664.0,34398,24,personal,single,1,21255.0,other,other,4,0,,0.425,0.688,0.35,0,0.01
65,56023.0,3.0,643.0,1104,36,education,married,0,0.0,mortgage,bachelor,5,0,,0.0,0.02,0.082,1,0.807
42,56647.0,4.0,700.0,13531,60,personal,single,0,12657.0,own,high_school,7,0,,0.223,0.239,0.098,1,0.749
57,94228.0,10.0,716.0,8645,24,debt_consolidation,married,0,25058.0,mortgage,high_school,3,0,,0.266,0.092,0.06,1,0.9
62,40956.0,4.0,689.0,4597,60,medical,married,0,36185.0,rent,master,4,0,,0.883,0.112,0.078,0,0.268
18,57003.0,4.0,755.0,7088,72,debt_consolidation,married,0,10303.0,mortgage,bachelor,6,0,,0.181,0.124,0.047,1,0.833
33,33363.0,4.0,592.0,29708,72,car,single,2,3186.0,rent,high_school,3,0,,0.095,0.89,0.282,0,0.215
56,71829.0,7.0,603.0,32365,36,home_improvement,married,0,12475.0,mortgage,master,4,1,44.0,0.174,0.451,0.239,0,0.386
22,46885.0,8.0,683.0,4537,60,car,married,1,341.0,mortgage,bachelor,1,0,,0.007,0.097,0.078,1,0.703
39,20685.0,6.0,703.0,19009,72,debt_consolidation,married,1,33539.0,other,other,4,0,,1.621,0.919,0.232,0,0.044
46,,6.0,691.0,5810,24,home_improvement,married,1,17213.0,mortgage,high_school,3,0,,0.344,0.116,0.078,1,0.604
20,59763.0,3.0,547.0,8217,48,education,single,1,9211.0,mortgage,bachelor,3,0,,0.154,0.137,0.154,1,0.529
29,56382.0,5.0,554.0,500,72,car,married,0,26704.0,mortgage,high_school,4,0,,0.474,0.009,0.125,0,0.451
43,76147.0,6.0,635.0,36318,36,car,divorced,0,0.0,mortgage,bachelor,4,0,,0.0,0.477,0.178,0,0.721
33,13799.0,2.0,507.0,25983,72,car,single,1,0.0,mortgage,high_school,3,0,,0.0,1.883,0.35,0,0.026
68,28931.0,8.0,671.0,8483,48,personal,single,1,16326.0,rent,high_school,2,0,,0.564,0.293,0.123,0,0.31
54,65995.0,5.0,644.0,17848,24,personal,single,0,26110.0,mortgage,high_school,1,0,,0.396,0.27,0.132,1,0.428
39,31868.0,4.0,577.0,11000,48,home_improvement,married,0,7865.0,rent,high_school,6,1,39.0,0.247,0.345,0.23,0,0.21
46,56012.0,4.0,606.0,24460,36,home_improvement,married,2,0.0,mortgage,other,4,0,,0.0,0.437,0.184,1,0.575
31,5000.0,2.0,659.0,11587,36,car,single,3,0.0,rent,high_school,3,0,,0.0,2.317,0.35,0,0.025
45,117899.0,5.0,531.0,13052,48,debt_consolidation,married,0,0.0,other,bachelor,3,0,,0.0,0.111,0.157,1,0.844
22,43257.0,5.0,602.0,8379,48,debt_consolidation,married,0,19978.0,own,bachelor,3,0,,0.462,0.194,0.138,0,0.365
64,79849.0,4.0,629.0,21039,48,debt_consolidation,divorced,1,22269.0,rent,bachelor,4,0,,0.279,0.263,0.138,0,0.656
66,41578.0,2.0,626.0,37093,24,debt_consolidation,married,0,23771.0,mortgage,master,1,0,,0.572,0.892,0.265,0,0.099
47,60367.0,4.0,628.0,12157,60,education,married,1,10109.0,rent,master,7,0,,0.167,0.201,0.126,1,0.777
63,,4.0,759.0,12043,48,home_improvement,married,3,0.0,own,other,2,0,,0.0,0.241,0.048,1,0.864
69,79145.0,1.0,726.0,14749,60,debt_consolidation,single,2,0.0,mortgage,master,7,0,,0.0,0.186,0.074,1,0.89
22,44889.0,8.0,599.0,17602,60,personal,married,2,18980.0,rent,master,7,0,,0.423,0.392,0.179,0,0.531
29,46619.0,4.0,567.0,12010,36,personal,married,0,0.0,own,bachelor,3,1,1.0,0.0,0.258,0.218,0,0.265
33,75089.0,10.0,617.0,11077,12,personal,single,0,8472.0,mortgage,bachelor,5,0,,0.113,0.148,0.121,1,0.842
43,108331.0,6.0,748.0,15825,72,home_improvement,single,1,0.0,other,bachelor,4,1,64.0,0.0,0.146,0.105,1,0.849
43,54807.0,3.0,480.0,500,60,debt_consolidation,single,1,0.0,rent,high_school,2,0,,0.0,0.009,0.162,1,0.474
65,98927.0,6.0,657.0,9526,24,debt_consolidation,single,0,0.0,rent,high_school,6,0,,0.0,0.096,0.091,1,0.938
38,43965.0,4.0,625.0,500,60,debt_consolidation,married,0,10244.0,own,bachelor,4,0,,0.233,0.011,0.09,0,0.592
18,73799.0,3.0,746.0,101357,12,debt_consolidation,married,1,0.0,own,high_school,3,0,,0.0,1.373,0.054,1,0.838
53,77529.0,2.0,728.0,5517,12,personal,single,0,0.0,own,bachelor,5,0,,0.0,0.071,0.05,1,0.86
50,39751.0,3.0,533.0,21270,48,personal,single,3,22767.0,rent,high_school,1,0,,0.573,0.535,0.241,0,0.089
47,31323.0,5.0,746.0,7648,24,personal,married,3,25732.0,own,bachelor,5,0,,0.821,0.244,0.076,0,0.35
54,78635.0,3.0,463.0,11345,72,medical,single,0,20062.0,mortgage,master,4,0,,0.255,0.144,0.197,0,0.437
40,36711.0,4.0,699.0,500,60,car,single,0,31231.0,rent,bachelor,9,0,,0.851,0.014,0.053,1,0.527
27,27641.0,3.0,706.0,25224,48,business,single,2,0.0,rent,high_school,2,0,,0.0,0.913,0.23,0,0.268
22,32901.0,6.0,785.0,4136,24,personal,single,1,8630.0,mortgage,high_school,3,1,34.0,0.262,0.126,0.083,0,0.418
53,36610.0,5.0,668.0,10173,36,education,single,3,11132.0,rent,master,8,0,,0.304,0.278,0.122,0,0.691
51,71415.0,5.0,597.0,22781,36,debt_consolidation,single,1,39278.0,mortgage,phd,4,0,,0.55,0.319,0.165,1,0.446
69,62876.0,4.0,569.0,22818,48,debt_consolidation,married,2,6438.0,rent,master,6,0,,0.102,0.363,0.188,1,0.632
48,67891.0,4.0,767.0,3892,36,car,single,0,22020.0,rent,high_school,4,0,,0.324,0.057,0.03,1,0.773
27,60534.0,6.0,786.0,20269,48,debt_consolidation,single,0,35404.0,own,bachelor,3,0,,0.585,0.335,0.074,1,0.587
36,35154.0,4.0,614.0,3513,48,personal,divorced,1,11954.0,rent,other,8,0,,0.34,0.1,0.113,0,0.593
49,67428.0,6.0,652.0,17323,72,education,married,2,2963.0,mortgage,high_school,3,0,,0.044,0.257,0.125,1,0.768
18,79561.0,4.0,759.0,7157,72,education,single,0,4262.0,mortgage,high_school,4,0,,0.054,0.09,0.039,1,0.921
22,64613.0,5.0,712.0,4849,48,debt_consolidation,single,1,0.0,own,high_school,4,0,,0.0,0.075,0.059,1,0.853
62,61241.0,5.0,635.0,15352,48,home_improvement,married,1,3112.0,own,other,5,0,,0.051,0.251,0.133,1,0.732
21,30824.0,4.0,589.0,7765,24,home_improvement,married,0,0.0,rent,bachelor,4,0,,0.0,0.252,0.156,1,0.498
33,55295.0,5.0,583.0,35186,36,medical,single,0,21733.0,mortgage,phd,7,0,,0.393,0.636,0.236,0,0.393
41,29494.0,3.0,726.0,8822,72,home_improvement,single,0,0.0,own,high_school,6,0,,0.0,0.299,0.097,0,0.694
33,49399.0,4.0,621.0,3080,60,personal,divorced,0,15884.0,rent,master,6,0,,0.322,0.062,0.102,0,0.612
19,8993.0,,617.0,6011,36,education,married,1,27065.0,rent,high_school,7,0,,3.009,0.668,0.225,0,0.052
66,9186.0,6.0,699.0,14826,48,education,single,2,20934.0,rent,high_school,4,1,9.0,2.279,1.614,0.35,0,0.051
45,45224.0,1.0,656.0,16120,72,personal,single,1,2755.0,rent,bachelor,7,0,,0.061,0.356,0.143,1,0.621
49,36289.0,3.0,681.0,18095,36,personal,single,0,21458.0,mortgage,bachelor,7,0,,0.591,0.499,0.159,0,0.347
18,52670.0,4.0,624.0,101357,36,debt_consolidation,single,4,10145.0,mortgage,bachelor,5,0,,0.193,1.924,0.18,1,0.528
37,46631.0,6.0,621.0,500,72,personal,divorced,0,3140.0,mortgage,other,1,0,,0.067,0.011,0.092,1,0.588
41,50755.0,4.0,591.0,24572,48,debt_consolidation,single,1,4549.0,own,high_school,2,0,,0.09,0.484,0.201,0,0.397
29,65215.0,3.0,707.0,5861,48,home_improvement,widowed,1,16644.0,own,high_school,9,0,,0.255,0.09,0.064,1,0.855
67,38418.0,14.0,657.0,19017,36,debt_consolidation,single,1,0.0,rent,bachelor,4,1,99.0,0.0,0.495,0.221,0,0.539
52,44514.0,5.0,673.0,32211,60,education,single,1,2439.0,mortgage,master,2,0,,0.055,0.724,0.208,0,0.45
50,86376.0,4.0,568.0,7017,60,home_improvement,single,1,15621.0,rent,master,1,0,,0.181,0.081,0.132,1,0.597
50,50077.0,5.0,706.0,6603,48,education,married,1,2310.0,rent,bachelor,2,1,105.0,0.046,0.132,0.123,0,0.494
68,45520.0,5.0,675.0,4757,12,education,married,2,0.0,mortgage,bachelor,3,0,,0.0,0.105,0.084,1,0.746
60,52063.0,7.0,708.0,11620,48,education,married,0,0.0,rent,high_school,5,0,,0.0,0.223,0.091,1,0.865
54,45966.0,7.0,678.0,27654,36,debt_consolidation,married,0,12582.0,rent,high_school,4,0,,0.274,0.602,0.181,0,0.501
29,32261.0,7.0,673.0,3857,24,personal,single,3,17243.0,rent,bachelor,3,1,100.0,0.534,0.12,0.138,0,0.208
20,25049.0,2.0,504.0,10062,36,car,married,3,26269.0,rent,master,2,0,,1.049,0.402,0.228,0,0.031
18,30914.0,5.0,741.0,24757,24,home_improvement,single,1,,own,bachelor,4,0,,,0.801,0.19,0,0.205
50,71823.0,3.0,544.0,21240,72,personal,married,1,21536.0,rent,bachelor,2,0,,0.3,0.296,0.187,0,0.365
57,34252.0,7.0,733.0,10003,12,debt_consolidation,single,0,0.0,rent,bachelor,3,0,,0.0,0.292,0.092,1,0.713
27,46127.0,2.0,644.0,12891,48,car,single,0,21295.0,rent,bachelor,1,0,,0.462,0.279,0.134,0,0.244
60,67518.0,6.0,521.0,24159,36,medical,married,1,2242.0,rent,master,0,0,,0.033,0.358,0.211,1,0.394
61,43040.0,4.0,643.0,30818,60,debt_consolidation,single,1,0.0,mortgage,bachelor,2,0,,0.0,0.716,0.222,0,0.382
46,65834.0,8.0,530.0,32010,24,home_improvement,divorced,0,,rent,high_school,2,0,,,0.486,0.232,0,0.391
30,11480.0,5.0,739.0,28798,48,personal,married,0,12684.0,rent,master,4,0,,1.105,2.508,0.35,0,0.01
29,,1.0,609.0,8299,60,debt_consolidation,single,0,23272.0,mortgage,bachelor,4,0,,0.465,0.166,0.131,0,0.326
48,51972.0,2.0,567.0,33186,72,home_improvement,single,0,1984.0,rent,bachelor,3,0,,0.038,0.639,0.244,0,0.329
63,50578.0,3.0,703.0,7611,60,education,married,0,9914.0,own,master,3,0,,0.196,0.15,0.078,1,0.651
19,8677.0,6.0,647.0,500,24,education,married,0,0.0,rent,high_school,3,0,,0.0,0.058,0.088,1,0.58
68,80078.0,8.0,692.0,16124,24,medical,single,0,39414.0,other,bachelor,1,0,,0.492,0.201,0.094,0,0.589
67,28633.0,4.0,641.0,29762,60,personal,divorced,0,0.0,other,bachelor,1,0,,0.0,1.039,0.287,0,0.18
52,58376.0,3.0,743.0,21636,36,home_improvement,divorced,1,0.0,mortgage,high_school,2,0,,0.0,0.371,0.103,1,0.669
40,50199.0,6.0,618.0,14263,48,medical,married,0,0.0,mortgage,master,4,0,,0.0,0.284,0.148,1,0.634
34,75093.0,6.0,524.0,17914,72,medical,married,0,13098.0,own,bachelor,4,0,,0.174,0.239,0.186,0,0.574
43,104687.0,8.0,562.0,20321,60,debt_consolidation,single,1,0.0,other,bachelor,4,1,72.0,0.0,0.194,0.208,1,0.706
25,17741.0,6.0,685.0,16476,60,personal,married,2,26173.0,own,master,5,0,,1.475,0.929,0.243,0,0.031
46,33777.0,6.0,597.0,12046,60,personal,single,0,14722.0,rent,high_school,6,0,,0.436,0.357,0.173,0,0.39
43,54727.0,5.0,753.0,7593,48,debt_consolidation,single,0,0.0,rent,bachelor,5,0,,0.0,0.139,0.051,1,0.863
27,22366.0,4.0,556.0,16123,60,education,married,0,21698.0,rent,master,2,0,,0.97,0.721,0.266,0,0.084
43,69555.0,5.0,731.0,13774,36,medical,single,0,23679.0,own,master,5,0,,0.34,0.198,0.074,1,0.731
51,71084.0,5.0,615.0,15036,72,home_improvement,married,1,0.0,rent,bachelor,5,0,,0.0,0.212,0.135,1,0.781
68,63986.0,6.0,755.0,25460,36,personal,married,0,0.0,mortgage,bachelor,2,0,,0.0,0.398,0.102,1,0.749
58,55915.0,11.0,690.0,12524,48,medical,single,0,15980.0,rent,high_school,6,0,,0.286,0.224,0.1,1,0.792
24,84243.0,8.0,665.0,12919,36,education,single,1,19880.0,mortgage,master,4,1,50.0,0.236,0.153,0.148,1,0.667
21,21109.0,7.0,703.0,16899,24,debt_consolidation,married,0,0.0,own,bachelor,4,0,,0.0,0.801,0.209,0,0.471
67,51632.0,7.0,748.0,41259,48,home_improvement,single,1,23853.0,mortgage,bachelor,4,0,,0.462,0.799,0.186,0,0.44
62,31530.0,4.0,646.0,4081,36,home_improvement,married,1,1395.0,own,high_school,3,0,,0.044,0.129,0.103,1,0.555
28,,8.0,500.0,25919,48,medical,single,1,27748.0,mortgage,bachelor,6,1,56.0,0.555,0.518,0.272,0,0.277
46,5000.0,,746.0,12010,48,education,married,0,0.0,rent,high_school,7,0,,0.0,2.402,0.35,0,0.141
53,49298.0,2.0,628.0,14390,48,debt_consolidation,single,0,0.0,rent,master,7,0,,0.0,0.292,0.144,1,0.7
42,58381.0,4.0,850.0,1878,24,debt_consolidation,single,0,,mortgage,master,2,0,,,0.032,0.03,1,0.847
38,26313.0,0.0,602.0,33805,48,home_improvement,single,2,0.0,mortgage,high_school,3,0,,0.0,1.285,0.35,0,0.111
53,34345.0,6.0,620.0,17225,60,medical,single,3,9525.0,own,bachelor,2,0,,0.277,0.502,0.19,0,0.272
27,50384.0,0.0,710.0,21588,36,medical,married,1,4798.0,rent,bachelor,3,0,,0.095,0.428,0.131,0,0.461
54,,7.0,711.0,500,48,home_improvement,married,1,6855.0,rent,master,6,0,,0.137,0.01,0.046,1,0.913
26,24178.0,9.0,684.0,8577,48,debt_consolidation,single,0,,rent,master,6,0,,,0.355,0.129,1,0.676
41,28539.0,7.0,605.0,19125,60,debt_consolidation,single,2,0.0,mortgage,other,1,0,,0.0,0.67,0.232,0,0.321
52,78140.0,2.0,557.0,13390,60,debt_consolidation,married,1,9655.0,rent,bachelor,6,0,,0.124,0.171,0.156,1,0.698
66,43176.0,4.0,596.0,19467,24,business,married,0,8117.0,mortgage,high_school,4,0,,0.188,0.451,0.192,0,0.381
52,30562.0,8.0,529.0,36029,60,debt_consolidation,married,0,0.0,mortgage,bachelor,7,0,,0.0,1.179,0.35,0,0.32
65,68217.0,5.0,815.0,20046,60,home_improvement,single,0,28736.0,rent,master,2,0,,0.421,0.294,0.051,1,0.676
53,37795.0,5.0,568.0,10513,60,education,married,1,14724.0,rent,high_school,3,0,,0.39,0.278,0.172,0,0.339
35,75686.0,6.0,626.0,8486,48,personal,divorced,0,20795.0,rent,high_school,6,0,,0.275,0.112,0.109,1,0.773
66,33407.0,2.0,705.0,7347,60,personal,single,1,0.0,mortgage,master,5,0,,0.0,0.22,0.092,1,0.645
56,46010.0,4.0,650.0,10724,48,personal,married,2,0.0,rent,master,4,0,,0.0,0.233,0.122,1,0.643
49,73624.0,7.0,603.0,11145,60,medical,married,0,36160.0,rent,high_school,3,0,,0.491,0.151,0.129,0,0.525
41,44343.0,3.0,638.0,16189,60,medical,divorced,1,12530.0,rent,master,4,0,,0.283,0.365,0.154,0,0.389
40,68901.0,6.0,601.0,20283,60,business,married,1,15455.0,rent,high_school,6,0,,0.224,0.294,0.158,0,0.679
49,48361.0,,630.0,19355,48,personal,divorced,1,14809.0,rent,high_school,6,0,,0.306,0.4,0.165,0,0.451
54,99542.0,8.0,681.0,16321,60,personal,single,1,15986.0,rent,bachelor,7,0,,0.161,0.164,0.092,1,0.924
29,89219.0,10.0,567.0,17012,24,home_improvement,single,0,0.0,rent,master,4,0,,0.0,0.191,0.155,1,0.855
66,16798.0,5.0,736.0,40357,24,home_improvement,married,0,0.0,mortgage,bachelor,6,0,,0.0,2.402,0.35,0,0.094
30,63056.0,4.0,656.0,7776,48,home_improvement,married,0,0.0,rent,bachelor,4,0,,0.0,0.123,0.097,1,0.765
40,29590.0,4.0,603.0,14631,60,education,married,1,18269.0,mortgage,high_school,4,0,,0.617,0.494,0.197,0,0.218
42,54788.0,8.0,625.0,500,36,business,married,0,0.0,own,bachelor,2,0,,0.0,0.009,0.089,1,0.729
52,51709.0,9.0,743.0,11171,48,personal,married,0,0.0,mortgage,bachelor,2,0,,0.0,0.216,0.072,1,0.796
18,23615.0,7.0,715.0,101357,24,home_improvement,married,0,362.0,rent,other,11,0,,0.015,4.292,0.094,1,0.876
47,76462.0,7.0,669.0,7701,48,home_improvement,married,3,5916.0,rent,master,2,0,,0.077,0.101,0.086,1,0.796
34,55083.0,3.0,602.0,3142,60,personal,married,1,9255.0,mortgage,high_school,4,0,,0.168,0.057,0.11,1,0.588
66,42883.0,8.0,695.0,1479,60,debt_consolidation,single,1,2706.0,mortgage,bachelor,5,0,,0.063,0.034,0.059,1,0.836
37,39047.0,7.0,651.0,16223,36,debt_consolidation,married,3,17265.0,rent,high_school,4,0,,0.442,0.415,0.158,0,0.42
65,53494.0,2.0,790.0,22103,72,medical,single,0,27504.0,rent,other,3,0,,0.514,0.413,0.088,1,0.423
42,60198.0,5.0,647.0,7285,60,debt_consolidation,single,2,10737.0,mortgage,high_school,5,0,,0.178,0.121,0.101,1,0.738
39,46876.0,7.0,785.0,500,60,home_improvement,single,0,27430.0,rent,high_school,3,0,,0.585,0.011,0.03,1,0.65
30,5000.0,6.0,666.0,16111,60,debt_consolidation,divorced,2,18249.0,mortgage,bachelor,7,0,,3.649,3.222,0.35,0,0.02
36,50422.0,1.0,567.0,19695,72,debt_consolidation,single,1,0.0,other,high_school,2,0,,0.0,0.391,0.195,1,0.372
66,13963.0,3.0,850.0,21737,60,car,single,1,0.0,rent,high_school,4,0,,0.0,1.557,0.286,0,0.242
53,44764.0,4.0,534.0,4787,48,home_improvement,single,1,0.0,mortgage,bachelor,7,1,38.0,0.0,0.107,0.204,0,0.429
29,14886.0,4.0,492.0,8941,36,home_improvement,single,1,7136.0,own,bachelor,6,0,,0.479,0.601,0.274,0,0.129
58,14588.0,3.0,484.0,3901,60,debt_consolidation,single,1,5817.0,mortgage,bachelor,2,0,,0.399,0.267,0.211,0,0.124
36,80878.0,7.0,850.0,7607,48,business,single,0,18921.0,own,master,5,0,,0.234,0.094,0.03,1,0.914
29,41998.0,9.0,820.0,7102,48,debt_consolidation,single,1,7647.0,rent,bachelor,4,0,,0.182,0.169,0.03,1,0.85
26,40083.0,4.0,662.0,9902,36,debt_consolidation,married,1,13715.0,mortgage,phd,7,0,,0.342,0.247,0.118,1,0.6
24,62063.0,3.0,685.0,12486,48,debt_consolidation,married,0,0.0,rent,high_school,6,0,,0.0,0.201,0.098,1,0.817
45,40735.0,4.0,670.0,16147,48,home_improvement,single,1,13624.0,mortgage,high_school,6,0,,0.334,0.396,0.144,1,0.511
31,102595.0,4.0,508.0,6545,60,home_improvement,married,1,2824.0,own,bachelor,4,1,39.0,0.028,0.064,0.209,0,0.561
48,43175.0,6.0,767.0,13603,60,car,married,2,1731.0,rent,high_school,4,0,,0.04,0.315,0.08,1,0.753
69,59128.0,3.0,756.0,5932,24,personal,married,0,303.0,rent,high_school,6,0,,0.005,0.1,0.042,1,0.858
36,74274.0,10.0,552.0,500,36,personal,married,0,32669.0,mortgage,master,8,0,,0.44,0.007,0.125,1,0.8
64,90056.0,5.0,676.0,20406,12,education,single,0,0.0,rent,bachelor,0,0,,0.0,0.227,0.107,1,0.789
33,31450.0,5.0,644.0,8372,12,debt_consolidation,married,1,20151.0,mortgage,high_school,2,0,,0.641,0.266,0.131,0,0.234
22,39551.0,3.0,633.0,500,36,education,single,2,9301.0,rent,master,4,0,,0.235,0.013,0.086,1,0.583
52,81865.0,2.0,596.0,20605,60,debt_consolidation,single,0,0.0,own,high_school,1,0,,0.0,0.252,0.152,1,0.596
29,70252.0,7.0,641.0,12492,72,medical,single,0,5537.0,mortgage,bachelor,1,0,,0.079,0.178,0.115,1,0.66
42,76879.0,5.0,608.0,19528,36,home_improvement,married,1,0.0,rent,high_school,3,0,,0.0,0.254,0.147,1,0.72
69,15782.0,4.0,735.0,19184,48,personal,married,1,35794.0,rent,high_school,4,0,,2.268,1.215,0.276,0,0.01
38,88700.0,6.0,648.0,4056,60,personal,single,0,4479.0,mortgage,high_school,1,0,,0.05,0.046,0.085,1,0.788
53,30965.0,5.0,595.0,24305,72,home_improvement,married,1,26732.0,own,master,5,0,,0.863,0.785,0.26,0,0.103
40,54807.0,4.0,648.0,500,72,home_improvement,married,1,30186.0,mortgage,high_school,3,0,,0.551,0.009,0.078,0,0.465
33,46294.0,7.0,639.0,11028,24,car,single,0,1479.0,mortgage,bachelor,5,0,,0.032,0.238,0.128,1,0.718
56,28038.0,4.0,635.0,10366,36,debt_consolidation,single,0,10440.0,own,high_school,5,0,,0.372,0.37,0.156,0,0.368
62,14687.0,2.0,704.0,7234,12,personal,married,1,12781.0,mortgage,bachelor,5,0,,0.87,0.493,0.147,0,0.126
59,6404.0,3.0,628.0,27261,48,home_improvement,single,0,38504.0,mortgage,bachelor,5,0,,6.012,4.256,0.35,0,0.01
56,52975.0,8.0,604.0,18012,60,debt_consolidation,married,1,7131.0,mortgage,bachelor,5,0,,0.135,0.34,0.166,1,0.673
31,11867.0,5.0,541.0,919,36,business,married,0,9194.0,rent,bachelor,3,1,94.0,0.775,0.077,0.195,0,0.036
48,21655.0,6.0,649.0,2366,60,debt_consolidation,single,1,0.0,mortgage,master,5,0,,0.0,0.109,0.097,1,0.677
22,44549.0,2.0,750.0,36542,48,debt_consolidation,single,0,0.0,mortgage,high_school,3,0,,0.0,0.82,0.189,0,0.473
52,5000.0,3.0,640.0,10231,72,car,single,1,2505.0,rent,high_school,3,0,,0.501,2.046,0.35,0,0.014
40,69474.0,3.0,610.0,7040,12,education,married,2,29520.0,own,master,3,0,,0.425,0.101,0.115,0,0.534
46,5000.0,7.0,589.0,26565,24,car,single,0,38398.0,rent,other,3,0,,7.678,5.312,0.35,0,0.01
60,48066.0,5.0,512.0,500,36,education,married,2,17517.0,mortgage,bachelor,5,0,,0.364,0.01,0.146,0,0.503
28,50375.0,2.0,744.0,28870,12,debt_consolidation,single,0,15264.0,other,bachelor,5,0,,0.303,0.573,0.143,0,0.519
35,63452.0,2.0,689.0,7021,60,home_improvement,single,2,20273.0,rent,high_school,3,1,34.0,0.319,0.111,0.128,0,0.344
64,48958.0,,712.0,20149,24,home_improvement,married,1,0.0,other,bachelor,3,0,,0.0,0.412,0.126,1,0.704
29,100448.0,8.0,670.0,10211,60,personal,married,0,30849.0,rent,high_school,3,0,,0.307,0.102,0.085,1,0.831
26,55408.0,4.0,586.0,500,24,debt_consolidation,married,0,0.0,own,other,4,0,,0.0,0.009,0.109,1,0.708
27,76340.0,4.0,625.0,16785,36,debt_consolidation,single,1,3178.0,own,high_school,5,0,,0.042,0.22,0.132,1,0.783
61,31913.0,4.0,610.0,24478,60,personal,single,1,19800.0,rent,bachelor,5,1,26.0,0.62,0.767,0.298,0,0.059
34,53019.0,3.0,617.0,500,72,personal,married,1,2782.0,own,bachelor,6,0,,0.052,0.009,0.093,1,0.737
55,88689.0,4.0,617.0,3443,48,personal,married,2,47027.0,mortgage,high_school,4,0,,0.53,0.039,0.099,1,0.624
24,44058.0,6.0,738.0,27379,72,debt_consolidation,married,0,20014.0,rent,bachelor,2,0,,0.454,0.621,0.155,0,0.366
63,54806.0,5.0,812.0,18976,48,car,single,2,24753.0,rent,other,6,0,,0.452,0.346,0.063,1,0.718
30,74521.0,5.0,580.0,19640,48,home_improvement,single,1,0.0,mortgage,bachelor,5,0,,0.0,0.264,0.163,0,0.746
57,31444.0,3.0,636.0,24309,60,personal,married,0,24475.0,mortgage,master,2,0,,0.778,0.773,0.237,0,0.071
59,5000.0,6.0,667.0,19679,36,debt_consolidation,married,1,22151.0,other,high_school,0,0,,4.429,3.935,0.35,0,0.02
26,56389.0,4.0,572.0,16475,36,debt_consolidation,married,0,33468.0,rent,high_school,6,0,,0.594,0.292,0.172,0,0.389
67,74717.0,2.0,654.0,26161,60,home_improvement,married,0,0.0,mortgage,phd,2,0,,0.0,0.35,0.143,0,0.626
44,16214.0,5.0,678.0,11099,36,debt_consolidation,single,1,0.0,own,high_school,4,0,,0.0,0.684,0.198,0,0.411
19,66755.0,7.0,644.0,14834,24,medical,married,1,15045.0,rent,bachelor,3,0,,0.225,0.222,0.122,1,0.642
22,66924.0,8.0,700.0,23259,24,personal,married,1,15494.0,other,bachelor,3,0,,0.232,0.348,0.12,0,0.701
46,5000.0,0.0,650.0,7351,60,medical,single,1,9324.0,rent,bachelor,4,0,,1.864,1.47,0.35,0,0.01
54,26593.0,5.0,421.0,29249,60,home_improvement,single,3,0.0,mortgage,bachelor,3,0,,0.0,1.1,0.35,0,0.1
55,40104.0,4.0,573.0,17913,48,personal,married,3,12948.0,mortgage,bachelor,5,0,,0.323,0.447,0.203,0,0.328
36,45509.0,6.0,765.0,3511,60,debt_consolidation,single,1,14628.0,own,phd,4,0,,0.321,0.077,0.033,1,0.74
25,31422.0,4.0,692.0,13064,48,debt_consolidation,married,1,9955.0,mortgage,high_school,5,0,,0.317,0.416,0.137,0,0.461
65,30075.0,7.0,422.0,1142,60,home_improvement,married,0,9447.0,own,bachelor,11,0,,0.314,0.038,0.197,1,0.575
62,91787.0,2.0,529.0,15859,72,debt_consolidation,married,1,24133.0,rent,high_school,2,0,,0.263,0.173,0.17,0,0.502
18,47311.0,3.0,708.0,11212,60,debt_consolidation,divorced,0,7689.0,mortgage,bachelor,4,0,,0.163,0.237,0.093,0,0.636
39,,3.0,604.0,6353,48,home_improvement,married,0,0.0,mortgage,high_school,4,0,,0.0,0.127,0.137,0,0.522
69,48971.0,5.0,434.0,500,60,personal,single,0,31052.0,own,bachelor,3,0,,0.634,0.01,0.185,0,0.193
34,63427.0,6.0,735.0,7082,48,personal,married,0,30206.0,other,high_school,6,0,,0.476,0.112,0.055,1,0.755
24,51291.0,9.0,708.0,13194,48,home_improvement,single,2,9405.0,own,high_school,5,0,,0.183,0.257,0.097,1,0.787
42,44857.0,6.0,584.0,11280,36,debt_consolidation,single,0,23126.0,own,bachelor,2,0,,0.516,0.251,0.158,0,0.297
62,33750.0,7.0,750.0,798,48,debt_consolidation,married,1,0.0,mortgage,high_school,6,0,,0.0,0.024,0.03,1,0.877
21,33447.0,2.0,587.0,15214,36,home_improvement,single,1,7833.0,rent,bachelor,7,0,,0.234,0.455,0.198,0,0.392
18,35055.0,2.0,600.0,101357,12,debt_consolidation,single,0,0.0,mortgage,bachelor,8,0,,0.0,2.891,0.129,1,0.691
23,58470.0,8.0,611.0,24219,48,debt_consolidation,single,0,26870.0,mortgage,high_school,2,0,,0.46,0.414,0.177,1,0.401
48,25145.0,8.0,498.0,25691,60,education,divorced,1,,mortgage,bachelor,4,0,,,1.022,0.35,0,0.252
36,59832.0,8.0,683.0,12429,12,car,single,1,3830.0,mortgage,master,6,0,,0.064,0.208,0.1,1,0.842
61,85325.0,7.0,692.0,30761,36,debt_consolidation,single,3,13236.0,mortgage,other,5,0,,0.155,0.361,0.126,1,0.845
56,58143.0,6.0,613.0,13590,48,business,divorced,1,22359.0,mortgage,bachelor,4,0,,0.385,0.234,0.14,0,0.508
44,40760.0,2.0,707.0,1995,60,business,married,0,17909.0,own,high_school,7,0,,0.439,0.049,0.056,0,0.604
27,17547.0,7.0,523.0,26852,36,home_improvement,single,2,27145.0,mortgage,high_school,2,0,,1.547,1.53,0.35,0,0.013
43,89453.0,6.0,705.0,31141,24,debt_consolidation,married,1,22058.0,own,master,5,0,,0.247,0.348,0.117,1,0.827
36,20750.0,5.0,676.0,24946,48,personal,single,1,29628.0,own,bachelor,4,0,,1.428,1.202,0.302,0,0.018
56,71214.0,6.0,595.0,7362,60,education,single,0,0.0,rent,high_school,3,0,,0.0,0.103,0.123,1,0.79
20,65963.0,4.0,683.0,2646,12,debt_consolidation,married,0,2731.0,mortgage,bachelor,8,0,,0.041,0.04,0.066,1,0.903
62,44081.0,4.0,579.0,11497,36,education,single,1,16771.0,rent,master,3,0,,0.38,0.261,0.163,0,0.365
30,43426.0,4.0,738.0,39764,60,home_improvement,married,0,33606.0,rent,bachelor,4,0,,0.774,0.916,0.214,0,0.178
67,,5.0,692.0,3231,24,education,married,0,2424.0,rent,master,5,0,,0.048,0.065,0.183,0,0.257
45,58252.0,4.0,679.0,23208,36,home_improvement,single,2,39477.0,own,high_school,5,0,,0.678,0.398,0.14,0,0.397
37,65498.0,7.0,613.0,14075,48,home_improvement,married,0,15296.0,rent,bachelor,8,0,,0.234,0.215,0.136,1,0.799
45,22773.0,2.0,712.0,24442,72,medical,single,1,0.0,mortgage,bachelor,6,0,,0.0,1.073,0.259,0,0.313
25,46104.0,4.0,746.0,2400,36,education,single,0,0.0,rent,bachelor,6,0,,0.0,0.052,0.037,1,0.892
58,50947.0,1.0,779.0,12505,48,debt_consolidation,married,0,21035.0,mortgage,bachelor,4,0,,0.413,0.245,0.06,1,0.567
56,64614.0,6.0,606.0,6020,36,debt_consolidation,single,0,398.0,rent,bachelor,3,0,,0.006,0.093,0.116,1,0.745
18,50095.0,1.0,715.0,6588,60,debt_consolidation,married,0,5917.0,rent,bachelor,4,0,,0.118,0.132,0.069,1,0.668
20,9342.0,6.0,762.0,22366,24,home_improvement,single,0,12431.0,mortgage,high_school,5,0,,1.331,2.394,0.35,0,0.016
30,36752.0,,631.0,3810,48,debt_consolidation,married,0,12993.0,rent,other,1,0,,0.354,0.104,0.105,0,0.396
45,55616.0,0.0,762.0,17899,60,education,married,1,38687.0,rent,master,4,0,,0.696,0.322,0.083,0,0.408
18,71038.0,6.0,663.0,101357,72,debt_consolidation,single,1,15908.0,other,bachelor,2,0,,0.224,1.427,0.112,0,0.664
42,34559.0,1.0,569.0,5462,60,medical,married,0,928.0,rent,high_school,5,0,,0.027,0.158,0.147,0,0.45
50,104691.0,4.0,593.0,7623,36,business,married,1,0.0,rent,high_school,5,0,,0.0,0.073,0.118,1,0.858
55,5000.0,6.0,535.0,18339,48,debt_consolidation,divorced,0,35009.0,rent,master,3,0,,7.0,3.667,0.35,0,0.02
23,35907.0,7.0,647.0,14749,36,education,single,0,2268.0,rent,phd,7,0,,0.063,0.411,0.159,1,0.735
61,47924.0,6.0,637.0,15383,48,personal,divorced,2,18771.0,rent,high_school,3,0,,0.392,0.321,0.146,0,0.42
62,44981.0,3.0,665.0,12674,60,debt_consolidation,married,0,12883.0,mortgage,bachelor,2,0,,0.286,0.282,0.124,0,0.412
49,19196.0,7.0,759.0,12027,60,personal,married,1,16309.0,rent,bachelor,1,0,,0.85,0.627,0.146,0,0.131
62,61197.0,6.0,649.0,14784,48,education,divorced,2,30974.0,rent,high_school,4,0,,0.506,0.242,0.124,1,0.565
64,59277.0,5.0,629.0,29392,60,car,married,0,14241.0,mortgage,bachelor,5,0,,0.24,0.496,0.185,0,0.535
38,51199.0,7.0,634.0,20291,72,debt_consolidation,married,0,22262.0,own,bachelor,1,0,,0.435,0.396,0.162,0,0.351
33,58296.0,4.0,502.0,13691,72,medical,married,1,14586.0,rent,high_school,4,0,,0.25,0.235,0.196,0,0.379
38,39406.0,7.0,,4182,60,home_improvement,married,1,3197.0,own,high_school,4,0,,0.081,0.106,0.069,1,0.752
28,9566.0,1.0,638.0,10810,48,medical,single,0,17411.0,rent,high_school,6,0,,1.82,1.13,0.307,0,0.01
54,32084.0,2.0,656.0,5798,48,personal,single,1,237.0,own,master,1,0,,0.007,0.181,0.108,1,0.426
53,53926.0,2.0,634.0,7034,36,car,married,0,0.0,own,bachelor,6,0,,0.0,0.13,0.109,1,0.722
52,54069.0,6.0,660.0,500,24,debt_consolidation,widowed,2,18723.0,other,bachelor,6,0,,0.346,0.009,0.072,1,0.746
36,51034.0,8.0,545.0,14887,48,debt_consolidation,married,3,16960.0,rent,bachelor,4,0,,0.332,0.292,0.186,1,0.473
37,63718.0,6.0,650.0,35677,36,debt_consolidation,married,0,15420.0,mortgage,other,5,0,,0.242,0.56,0.187,1,0.603
35,35471.0,0.0,602.0,16962,48,personal,married,0,9655.0,rent,high_school,8,0,,0.272,0.478,0.195,0,0.376
64,50667.0,10.0,653.0,22274,48,debt_consolidation,single,1,8916.0,own,high_school,5,0,,0.176,0.44,0.162,1,0.71
58,64302.0,2.0,569.0,24598,48,home_improvement,single,1,0.0,rent,high_school,3,0,,0.0,0.383,0.192,1,0.499
66,47878.0,5.0,688.0,12133,12,debt_consolidation,single,1,0.0,own,master,4,0,,0.0,0.253,0.107,1,0.728
31,18917.0,8.0,652.0,12802,24,personal,single,1,23317.0,own,bachelor,3,1,96.0,1.233,0.677,0.259,0,0.021
32,25963.0,5.0,546.0,1033,24,home_improvement,married,1,23115.0,other,master,3,0,,0.89,0.04,0.135,0,0.141
48,70771.0,4.0,726.0,16969,36,personal,married,0,6236.0,mortgage,high_school,6,0,,0.088,0.24,0.085,1,0.833
18,84812.0,3.0,609.0,15559,72,medical,single,2,32077.0,own,bachelor,5,1,64.0,0.378,0.183,0.182,0,0.368
20,79382.0,7.0,621.0,6438,36,personal,single,0,17499.0,rent,high_school,4,0,,0.22,0.081,0.106,1,0.768
33,55804.0,7.0,714.0,26485,36,debt_consolidation,single,0,15069.0,own,bachelor,1,0,,0.27,0.475,0.138,0,0.52
40,19922.0,3.0,736.0,7234,24,debt_consolidation,single,1,40263.0,mortgage,high_school,7,0,,2.021,0.363,0.105,0,0.054
28,49841.0,3.0,613.0,43474,48,debt_consolidation,married,0,0.0,rent,bachelor,0,0,,0.0,0.872,0.268,0,0.243
29,89056.0,2.0,659.0,19034,60,home_improvement,single,0,9292.0,own,master,3,0,,0.104,0.214,0.113,1,0.731
27,65462.0,2.0,705.0,14781,36,medical,single,2,0.0,rent,phd,2,0,,0.0,0.226,0.093,1,0.654
49,44813.0,7.0,751.0,34389,72,debt_consolidation,divorced,0,4484.0,rent,high_school,3,0,,0.1,0.767,0.178,1,0.57
33,65716.0,4.0,657.0,500,60,debt_consolidation,single,1,8991.0,rent,bachelor,2,1,10.0,0.137,0.008,0.123,0,0.457
25,18265.0,1.0,688.0,12138,36,education,married,0,9333.0,other,master,1,0,,0.511,0.665,0.189,0,0.146
55,32608.0,3.0,577.0,10665,48,debt_consolidation,married,3,0.0,rent,high_school,5,0,,0.0,0.327,0.177,0,0.49
29,22895.0,10.0,529.0,13189,48,home_improvement,single,0,11020.0,rent,bachelor,7,0,,0.481,0.576,0.251,0,0.308
41,61739.0,3.0,694.0,17261,36,debt_consolidation,married,1,0.0,other,bachelor,1,0,,0.0,0.28,0.109,1,0.631
45,67853.0,6.0,585.0,12894,60,medical,married,0,27950.0,own,high_school,2,1,48.0,0.412,0.19,0.196,0,0.213
25,46154.0,4.0,576.0,29010,24,car,single,0,21468.0,mortgage,high_school,4,0,,0.465,0.629,0.238,0,0.214
45,28177.0,5.0,701.0,19354,48,education,single,2,15159.0,rent,high_school,6,0,,0.538,0.687,0.187,0,0.352
53,49506.0,3.0,638.0,19840,48,debt_consolidation,married,0,2862.0,own,bachelor,2,0,,0.058,0.401,0.161,0,0.469
43,37836.0,7.0,668.0,19623,48,debt_consolidation,single,3,12321.0,rent,high_school,4,0,,0.326,0.519,0.17,0,0.454
25,30096.0,5.0,547.0,2116,60,personal,single,1,20602.0,own,high_school,4,0,,0.685,0.07,0.14,0,0.219
67,58475.0,2.0,577.0,17020,36,medical,single,1,4894.0,own,bachelor,3,0,,0.084,0.291,0.17,0,0.443
45,31050.0,6.0,780.0,17365,24,car,single,1,0.0,own,bachelor,3,0,,0.0,0.559,0.122,1,0.618
45,10841.0,3.0,597.0,3757,48,education,married,0,20787.0,own,high_school,2,0,,1.917,0.347,0.171,0,0.058
54,16397.0,2.0,634.0,23860,36,debt_consolidation,married,0,17945.0,mortgage,bachelor,4,0,,1.094,1.455,0.35,0,0.033
58,9918.0,7.0,669.0,500,24,personal,married,1,14818.0,own,other,3,0,,1.494,0.05,0.076,0,0.068
53,56188.0,6.0,564.0,40197,48,business,single,0,0.0,mortgage,high_school,1,0,,0.0,0.715,0.261,0,0.33
44,53760.0,3.0,758.0,14625,36,car,divorced,0,24398.0,rent,high_school,2,0,,0.454,0.272,0.075,0,0.471
34,52513.0,5.0,651.0,6445,36,personal,married,2,27233.0,mortgage,high_school,1,0,,0.519,0.123,0.099,0,0.366
26,64693.0,7.0,631.0,21177,36,debt_consolidation,married,0,14223.0,rent,high_school,8,0,,0.22,0.327,0.15,1,0.798
50,79799.0,4.0,735.0,21262,24,medical,single,1,4057.0,own,bachelor,6,0,,0.051,0.266,0.086,1,0.846
37,35193.0,4.0,723.0,35461,48,personal,married,0,4371.0,rent,other,3,0,,0.124,1.008,0.24,0,0.301
30,60162.0,3.0,807.0,32822,12,debt_consolidation,married,1,4069.0,mortgage,bachelor,5,0,,0.068,0.546,0.106,1,0.773
45,10510.0,6.0,615.0,1702,72,debt_consolidation,single,1,3385.0,mortgage,bachelor,2,0,,0.322,0.162,0.125,0,0.295
65,84468.0,4.0,825.0,12300,36,medical,married,0,4691.0,rent,bachelor,6,1,39.0,0.056,0.146,0.067,1,0.81
46,18879.0,5.0,702.0,5903,60,debt_consolidation,married,0,14848.0,mortgage,high_school,3,0,,0.786,0.313,0.112,0,0.209
30,32248.0,7.0,785.0,22422,60,personal,single,1,23447.0,rent,high_school,4,0,,0.727,0.695,0.146,0,0.297
63,,4.0,729.0,29150,36,debt_consolidation,married,1,31767.0,rent,master,2,0,,0.635,0.583,0.202,0,0.113
52,11843.0,3.0,599.0,1834,60,education,single,0,0.0,mortgage,bachelor,3,0,,0.0,0.155,0.132,0,0.427
23,50814.0,1.0,583.0,14368,60,home_improvement,married,3,0.0,rent,high_school,6,0,,0.0,0.283,0.165,1,0.586
35,55348.0,5.0,506.0,8681,36,debt_consolidation,widowed,0,22663.0,rent,high_school,4,0,,0.409,0.157,0.178,0,0.386
68,45265.0,8.0,489.0,23444,72,personal,divorced,0,0.0,mortgage,bachelor,2,0,,0.0,0.518,0.259,0,0.356
22,11494.0,5.0,601.0,19095,12,medical,married,0,0.0,mortgage,master,5,0,,0.0,1.661,0.35,0,0.078
64,99585.0,5.0,751.0,26758,36,debt_consolidation,married,2,0.0,rent,bachelor,4,0,,0.0,0.269,0.078,1,0.921
42,63731.0,3.0,610.0,10789,60,debt_consolidation,married,0,7358.0,rent,master,7,1,30.0,0.115,0.169,0.179,1,0.522
19,115856.0,3.0,596.0,13834,36,medical,married,0,34535.0,rent,bachelor,6,0,,0.298,0.119,0.126,1,0.801
27,29872.0,,706.0,18941,60,personal,single,0,8082.0,rent,high_school,4,0,,0.271,0.634,0.174,0,0.402
47,73947.0,5.0,581.0,12289,60,medical,single,1,14114.0,rent,other,5,0,,0.191,0.166,0.143,1,0.667
67,69482.0,7.0,797.0,17990,72,education,married,0,0.0,mortgage,high_school,2,1,29.0,0.0,0.259,0.103,1,0.722
62,42736.0,6.0,629.0,27701,48,debt_consolidation,single,0,26114.0,rent,high_school,5,0,,0.611,0.648,0.215,0,0.277
22,85276.0,8.0,724.0,36336,72,personal,divorced,1,23073.0,own,master,5,0,,0.271,0.426,0.123,1,0.814
50,39865.0,8.0,634.0,10117,48,medical,married,0,2968.0,mortgage,high_school,3,0,,0.074,0.254,0.134,1,0.588
18,40978.0,8.0,652.0,36475,36,car,single,1,0.0,mortgage,bachelor,2,0,,0.0,0.89,0.252,0,0.396
35,5000.0,9.0,740.0,9977,48,car,single,0,24369.0,rent,master,5,0,,4.873,1.995,0.35,0,0.01
49,60226.0,5.0,668.0,23689,48,car,married,1,6613.0,own,bachelor,8,1,23.0,0.11,0.393,0.195,1,0.567
64,16862.0,3.0,770.0,10056,48,personal,divorced,0,43.0,mortgage,high_school,5,0,,0.003,0.596,0.134,1,0.53
66,36232.0,4.0,587.0,4704,48,medical,single,1,4502.0,rent,bachelor,4,0,,0.124,0.13,0.132,1,0.476
28,24345.0,5.0,546.0,27227,48,personal,married,0,13580.0,rent,master,3,0,,0.558,1.118,0.35,0,0.053
38,40844.0,6.0,510.0,14509,48,car,married,1,20978.0,rent,bachelor,4,1,109.0,0.514,0.355,0.266,0,0.097
43,61097.0,7.0,750.0,27840,72,education,married,1,14847.0,own,bachelor,4,1,111.0,0.243,0.456,0.166,0,0.517
42,50279.0,4.0,722.0,22520,48,personal,married,1,14073.0,rent,other,3,0,,0.28,0.448,0.129,0,0.496
39,67741.0,6.0,629.0,19111,36,debt_consolidation,single,0,6393.0,mortgage,other,1,0,,0.094,0.282,0.142,0,0.608
44,81641.0,13.0,674.0,20512,60,home_improvement,married,2,12184.0,mortgage,bachelor,3,0,,0.149,0.251,0.113,1,0.872
66,40780.0,3.0,736.0,25886,36,education,single,1,4129.0,own,high_school,4,0,,0.101,0.635,0.159,0,0.552
30,38036.0,7.0,635.0,24264,60,personal,single,0,5953.0,mortgage,bachelor,4,0,,0.157,0.638,0.21,0,0.433
50,73943.0,7.0,509.0,10955,24,debt_consolidation,single,2,31325.0,rent,high_school,5,0,,0.424,0.148,0.175,1,0.567
51,75926.0,2.0,510.0,19229,36,debt_consolidation,single,1,10633.0,mortgage,bachelor,2,0,,0.14,0.253,0.196,0,0.432
58,68515.0,5.0,562.0,30006,24,debt_consolidation,married,1,4487.0,mortgage,bachelor,2,0,,0.065,0.438,0.207,0,0.502
52,26196.0,2.0,658.0,15453,24,debt_consolidation,single,1,0.0,mortgage,bachelor,4,0,,0.0,0.59,0.189,0,0.397
18,60566.0,4.0,575.0,10059,60,debt_consolidation,married,0,0.0,rent,bachelor,2,0,,0.0,0.166,0.146,1,0.587
38,52737.0,3.0,733.0,8786,36,car,married,0,,mortgage,phd,7,0,,,0.167,0.067,0,0.517
65,76313.0,3.0,548.0,23492,60,personal,divorced,0,42935.0,own,high_school,3,0,,0.563,0.308,0.188,0,0.305
23,35678.0,1.0,595.0,12596,48,education,married,3,19416.0,own,high_school,1,0,,0.544,0.353,0.173,0,0.173
45,8335.0,7.0,504.0,18622,36,debt_consolidation,widowed,1,0.0,rent,master,2,0,,0.0,2.234,0.35,0,0.039
34,67256.0,4.0,614.0,12119,60,personal,single,0,51019.0,rent,bachelor,5,0,,0.759,0.18,0.129,1,0.392
18,5000.0,9.0,651.0,101357,48,education,married,0,0.0,own,bachelor,3,0,,0.0,20.267,0.35,0,0.051
48,31712.0,4.0,736.0,16502,60,debt_consolidation,single,1,15899.0,own,phd,0,0,,0.501,0.52,0.136,0,0.223
22,24420.0,6.0,660.0,29282,48,home_improvement,married,1,0.0,own,bachelor,5,1,67.0,0.0,1.199,0.35,0,0.143
55,24252.0,3.0,709.0,28915,36,business,single,2,0.0,mortgage,bachelor,1,0,,0.0,1.192,0.284,0,0.159
20,31274.0,8.0,730.0,14119,60,medical,married,1,13481.0,rent,high_school,7,1,117.0,0.431,0.451,0.175,0,0.335
40,80434.0,6.0,681.0,28333,36,car,single,1,15385.0,rent,bachelor,4,0,,0.191,0.352,0.13,1,0.745
54,70514.0,5.0,578.0,11622,48,debt_consolidation,single,0,11785.0,own,bachelor,5,0,,0.167,0.165,0.144,1,0.7
54,43707.0,3.0,682.0,17661,72,personal,married,0,32397.0,own,bachelor,7,0,,0.741,0.404,0.14,0,0.346
27,78341.0,11.0,769.0,7203,36,debt_consolidation,divorced,0,9280.0,own,master,3,0,,0.118,0.092,0.034,1,0.932
27,23443.0,7.0,625.0,20936,48,business,single,2,22184.0,mortgage,bachelor,3,0,,0.946,0.893,0.266,0,0.051
36,20043.0,6.0,694.0,18013,36,education,divorced,0,0.0,mortgage,other,2,0,,0.0,0.899,0.233,0,0.351
34,71590.0,6.0,692.0,20142,24,debt_consolidation,single,1,29425.0,rent,master,1,1,20.0,0.411,0.281,0.16,0,0.312
38,64491.0,6.0,620.0,1399,48,debt_consolidation,married,0,30706.0,own,bachelor,3,0,,0.476,0.022,0.094,0,0.571
31,38493.0,6.0,725.0,500,48,debt_consolidation,divorced,0,6182.0,own,bachelor,2,0,,0.161,0.013,0.04,1,0.685
26,21613.0,5.0,619.0,3674,48,debt_consolidation,single,3,15628.0,rent,bachelor,3,0,,0.723,0.17,0.124,0,0.206
63,86493.0,8.0,686.0,19991,36,debt_consolidation,single,1,0.0,other,high_school,1,0,,0.0,0.231,0.103,1,0.835
18,6997.0,6.0,631.0,21735,60,education,single,0,6693.0,own,high_school,5,0,,0.956,3.106,0.35,0,0.052
68,35039.0,8.0,653.0,26293,12,car,single,4,21060.0,mortgage,high_school,1,0,,0.601,0.75,0.224,0,0.155
62,55714.0,13.0,725.0,10955,36,car,married,2,17273.0,other,other,2,0,,0.31,0.197,0.077,1,0.761
30,95054.0,4.0,494.0,17086,60,education,married,0,0.0,rent,high_school,3,0,,0.0,0.18,0.189,1,0.718
21,59578.0,1.0,699.0,7990,72,personal,divorced,2,0.0,rent,bachelor,3,0,,0.0,0.134,0.077,1,0.687
18,62008.0,4.0,707.0,28674,48,personal,single,1,1180.0,rent,bachelor,2,0,,0.019,0.462,0.139,1,0.617
66,35765.0,2.0,604.0,7907,60,debt_consolidation,married,2,13297.0,rent,bachelor,6,0,,0.372,0.221,0.142,0,0.412
57,64212.0,7.0,647.0,26785,36,car,single,4,0.0,rent,bachelor,5,0,,0.0,0.417,0.16,0,0.755
49,52633.0,4.0,572.0,12487,36,debt_consolidation,divorced,0,0.0,other,high_school,2,0,,0.0,0.237,0.161,0,0.518
51,10288.0,5.0,586.0,30752,60,debt_consolidation,single,2,0.0,other,master,1,0,,0.0,2.989,0.35,0,0.027
45,69823.0,8.0,672.0,16830,72,education,widowed,0,41293.0,mortgage,master,5,0,,0.591,0.241,0.112,1,0.683
48,74260.0,6.0,850.0,16611,36,home_improvement,married,0,13030.0,mortgage,bachelor,6,0,,0.175,0.224,0.03,1,0.923
25,70084.0,5.0,703.0,7459,24,business,married,0,0.0,rent,master,5,0,,0.0,0.106,0.07,1,0.847
56,50833.0,2.0,582.0,36670,24,home_improvement,single,1,25495.0,own,high_school,6,0,,0.502,0.721,0.253,0,0.231
43,26096.0,6.0,712.0,24908,36,debt_consolidation,married,0,32404.0,rent,high_school,4,1,41.0,1.242,0.954,0.285,0,0.041
51,5000.0,5.0,696.0,20120,60,personal,married,1,13200.0,rent,bachelor,7,0,,2.639,4.023,0.35,0,0.01
20,53926.0,6.0,512.0,17396,48,debt_consolidation,married,1,19346.0,rent,master,3,0,,0.359,0.323,0.209,0,0.338
67,77049.0,3.0,625.0,8393,48,debt_consolidation,married,1,29632.0,mortgage,high_school,3,0,,0.385,0.109,0.109,1,0.578
29,74888.0,6.0,639.0,21733,48,debt_consolidation,single,0,19084.0,rent,bachelor,3,0,,0.255,0.29,0.138,1,0.654
18,70402.0,6.0,659.0,14333,60,personal,single,0,19489.0,rent,high_school,4,0,,0.277,0.204,0.111,1,0.692
61,48145.0,4.0,647.0,15575,24,home_improvement,married,2,0.0,mortgage,other,4,0,,0.0,0.323,0.141,1,0.628
22,77187.0,7.0,662.0,23910,60,car,single,1,0.0,mortgage,master,4,0,,0.0,0.31,0.131,1,0.811
47,73104.0,4.0,575.0,17845,72,business,married,1,22922.0,rent,bachelor,4,0,,0.314,0.244,0.161,0,0.517
47,39434.0,0.0,624.0,15182,36,education,married,1,6636.0,rent,other,3,0,,0.168,0.385,0.165,0,0.359
34,66915.0,9.0,629.0,29356,60,personal,single,1,3178.0,mortgage,high_school,4,0,,0.047,0.439,0.173,1,0.731
65,,1.0,743.0,6811,60,home_improvement,married,0,24598.0,rent,bachelor,4,0,,0.492,0.136,0.066,0,0.34
64,63501.0,6.0,594.0,500,12,personal,married,0,0.0,mortgage,high_school,5,1,101.0,0.0,0.008,0.155,1,0.589
40,17522.0,4.0,630.0,7040,36,business,married,2,,rent,high_school,3,0,,,0.402,0.165,0,0.161
32,19445.0,5.0,622.0,16520,48,home_improvement,married,1,10856.0,mortgage,high_school,4,0,,0.558,0.85,0.259,0,0.127
54,76455.0,6.0,777.0,21946,48,home_improvement,single,0,20347.0,mortgage,high_school,5,0,,0.266,0.287,0.069,1,0.84
38,,8.0,703.0,7559,48,personal,divorced,1,15119.0,mortgage,phd,2,0,,0.302,0.151,0.069,1,0.777
31,65840.0,4.0,575.0,51875,36,medical,single,1,15126.0,rent,bachelor,2,0,,0.23,0.788,0.27,0,0.246
19,52199.0,5.0,682.0,16822,60,education,married,2,3930.0,rent,high_school,5,0,,0.075,0.322,0.123,1,0.751
28,5000.0,10.0,569.0,16518,36,business,single,1,4323.0,mortgage,bachelor,5,0,,0.864,3.303,0.35,0,0.01
68,48128.0,5.0,671.0,2104,36,car,single,0,15104.0,own,bachelor,3,1,80.0,0.314,0.044,0.123,0,0.337
56,61355.0,7.0,759.0,572,36,debt_consolidation,married,0,2492.0,mortgage,other,6,0,,0.041,0.009,0.03,1,0.931
55,36632.0,6.0,493.0,500,60,debt_consolidation,single,1,0.0,mortgage,bachelor,6,0,,0.0,0.014,0.156,1,0.637
51,32188.0,4.0,569.0,28714,24,car,widowed,1,29294.0,own,master,4,0,,0.91,0.892,0.294,0,0.052
55,86111.0,3.0,662.0,27125,36,debt_consolidation,single,2,0.0,other,bachelor,5,0,,0.0,0.315,0.132,1,0.821
67,48493.0,5.0,618.0,14985,36,home_improvement,single,1,3121.0,own,high_school,2,0,,0.064,0.309,0.153,0,0.51
51,61370.0,4.0,667.0,2851,24,business,single,0,28399.0,mortgage,bachelor,3,0,,0.463,0.046,0.076,1,0.532
35,69353.0,4.0,643.0,12225,36,debt_consolidation,single,1,0.0,mortgage,bachelor,5,1,49.0,0.0,0.176,0.164,0,0.587
47,24964.0,5.0,516.0,29214,48,debt_consolidation,married,0,14817.0,own,bachelor,2,0,,0.594,1.17,0.35,0,0.055
32,54830.0,2.0,700.0,9958,60,personal,married,1,16137.0,own,bachelor,6,0,,0.294,0.182,0.086,1,0.654
44,82991.0,7.0,,5980,60,education,single,2,8647.0,mortgage,bachelor,4,0,,0.104,0.072,0.143,1,0.805
68,95481.0,3.0,666.0,11190,48,debt_consolidation,single,0,4174.0,own,other,5,0,,0.044,0.117,0.09,1,0.879
51,50998.0,5.0,614.0,12071,24,personal,single,0,0.0,own,other,3,0,,0.0,0.237,0.14,1,0.607
69,44051.0,6.0,842.0,22381,72,education,single,0,19418.0,mortgage,bachelor,7,0,,0.441,0.508,0.081,1,0.764
55,56726.0,8.0,640.0,500,36,debt_consolidation,married,0,26540.0,rent,bachelor,3,0,,0.468,0.009,0.082,1,0.615
50,56091.0,5.0,678.0,16693,60,home_improvement,married,2,24943.0,rent,bachelor,2,0,,0.445,0.298,0.121,0,0.438
41,84669.0,3.0,694.0,8032,72,debt_consolidation,married,1,15563.0,rent,bachelor,2,1,90.0,0.184,0.095,0.122,0,0.517
32,25090.0,3.0,677.0,9645,60,personal,divorced,1,0.0,own,other,4,0,,0.0,0.384,0.138,0,0.494
47,43003.0,5.0,648.0,22545,36,car,married,0,21542.0,mortgage,high_school,4,0,,0.501,0.524,0.181,0,0.305
59,22071.0,7.0,,1982,36,car,married,1,8374.0,mortgage,bachelor,1,0,,0.379,0.09,0.132,0,0.263
68,24698.0,5.0,641.0,16799,12,personal,single,1,1119.0,other,high_school,4,0,,0.045,0.68,0.216,0,0.367
34,59414.0,5.0,501.0,19813,48,debt_consolidation,divorced,0,19863.0,rent,bachelor,3,0,,0.334,0.333,0.216,0,0.336
22,70246.0,10.0,689.0,20796,48,debt_consolidation,married,2,13390.0,mortgage,high_school,4,0,,0.191,0.296,0.115,1,0.821
46,33765.0,2.0,850.0,22069,60,debt_consolidation,single,0,25134.0,rent,master,5,0,,0.744,0.654,0.106,0,0.328
21,69302.0,6.0,664.0,20719,12,debt_consolidation,married,1,15113.0,rent,bachelor,8,0,,0.218,0.299,0.128,1,0.831
27,77789.0,7.0,677.0,22193,60,education,widowed,1,5997.0,mortgage,master,1,0,,0.077,0.285,0.118,1,0.766
34,98368.0,4.0,526.0,6192,60,education,married,1,4766.0,rent,other,4,0,,0.048,0.063,0.15,1,0.814
27,51744.0,11.0,585.0,28657,24,debt_consolidation,single,1,19169.0,rent,master,3,0,,0.37,0.554,0.218,0,0.443
34,34006.0,5.0,722.0,3154,36,debt_consolidation,divorced,1,0.0,rent,bachelor,1,0,,0.0,0.093,0.058,1,0.647
37,24938.0,4.0,534.0,18703,48,debt_consolidation,widowed,1,2476.0,mortgage,high_school,5,0,,0.099,0.75,0.283,0,0.248
41,22455.0,1.0,592.0,8191,48,personal,single,1,0.0,mortgage,phd,5,0,,0.0,0.365,0.177,1,0.376
22,81245.0,11.0,695.0,500,24,medical,married,1,,rent,master,3,0,,,0.006,0.054,1,0.86
51,12123.0,3.0,715.0,9299,24,car,married,3,19676.0,rent,high_school,1,0,,1.623,0.767,0.196,0,0.012
23,80444.0,2.0,641.0,13815,60,debt_consolidation,single,1,0.0,rent,bachelor,7,0,,0.0,0.172,0.114,1,0.855
19,28289.0,7.0,660.0,28869,36,home_improvement,married,1,0.0,rent,high_school,7,0,,0.0,1.02,0.274,1,0.486
30,32870.0,5.0,660.0,33197,36,debt_consolidation,single,3,24298.0,mortgage,bachelor,5,0,,0.739,1.01,0.272,0,0.139
60,46211.0,,551.0,13704,60,personal,married,1,0.0,mortgage,high_school,8,0,,0.0,0.297,0.184,1,0.591
60,32409.0,6.0,644.0,1110,48,business,divorced,0,19650.0,other,bachelor,5,0,,0.606,0.034,0.085,0,0.425
65,73299.0,4.0,669.0,1939,48,education,married,0,9788.0,mortgage,bachelor,4,0,,0.134,0.026,0.071,1,0.831
28,95334.0,9.0,643.0,22719,48,car,single,0,2065.0,mortgage,high_school,6,0,,0.022,0.238,0.126,1,0.911
68,33564.0,4.0,496.0,22082,48,car,divorced,0,18701.0,mortgage,phd,5,1,83.0,0.557,0.658,0.334,0,0.047
64,39194.0,9.0,773.0,8926,48,debt_consolidation,widowed,1,10477.0,other,master,3,0,,0.267,0.228,0.059,1,0.725
40,45917.0,5.0,563.0,3258,72,debt_consolidation,single,1,32417.0,mortgage,bachelor,2,1,18.0,0.706,0.071,0.183,0,0.115
33,63526.0,2.0,656.0,24923,36,car,divorced,1,0.0,own,master,5,0,,0.0,0.392,0.15,1,0.667
48,46163.0,8.0,676.0,2720,36,debt_consolidation,single,0,0.0,rent,master,3,0,,0.0,0.059,0.074,1,0.791
28,84681.0,2.0,614.0,10557,24,debt_consolidation,single,0,9757.0,own,bachelor,4,0,,0.115,0.125,0.118,1,0.734
33,78666.0,7.0,670.0,19735,60,car,married,1,17145.0,mortgage,high_school,5,0,,0.218,0.251,0.115,1,0.793
25,20363.0,9.0,588.0,500,48,personal,married,2,7185.0,own,bachelor,3,0,,0.353,0.025,0.111,0,0.426
21,63024.0,3.0,822.0,24533,24,personal,married,0,36976.0,mortgage,master,5,0,,0.587,0.389,0.067,1,0.61
57,88008.0,3.0,629.0,38803,36,debt_consolidation,single,1,28193.0,mortgage,bachelor,5,0,,0.32,0.441,0.174,1,0.628
21,37630.0,6.0,722.0,16139,36,debt_consolidation,single,1,2117.0,rent,bachelor,4,0,,0.056,0.429,0.125,1,0.66
42,42643.0,7.0,563.0,14653,36,car,divorced,1,10964.0,rent,other,4,0,,0.257,0.344,0.187,1,0.427
20,36799.0,2.0,708.0,15443,72,personal,single,1,0.0,mortgage,high_school,2,0,,0.0,0.42,0.13,0,0.47
49,37323.0,9.0,593.0,17248,60,personal,single,2,25774.0,own,high_school,4,0,,0.691,0.462,0.196,0,0.25
20,8289.0,5.0,539.0,7700,12,personal,married,1,0.0,rent,master,4,1,59.0,0.0,0.929,0.35,0,0.065
44,16792.0,5.0,565.0,3757,36,education,married,2,12984.0,mortgage,high_school,1,0,,0.773,0.224,0.162,0,0.137
46,,3.0,582.0,11469,12,debt_consolidation,single,0,6139.0,rent,high_school,3,0,,0.123,0.229,0.153,0,0.49
49,87840.0,6.0,659.0,16536,60,debt_consolidation,single,1,0.0,own,master,3,1,29.0,0.0,0.188,0.158,1,0.659
67,34666.0,6.0,850.0,5016,48,debt_consolidation,married,2,22503.0,rent,bachelor,4,0,,0.649,0.145,0.03,1,0.617
68,33931.0,4.0,850.0,1534,72,education,widowed,0,0.0,mortgage,bachelor,3,0,,0.0,0.045,0.03,1,0.862
36,92538.0,6.0,624.0,10596,60,debt_consolidation,single,1,2211.0,mortgage,bachelor,5,0,,0.024,0.115,0.111,1,0.888
38,22294.0,8.0,727.0,1666,48,medical,married,0,22793.0,own,high_school,1,0,,1.022,0.075,0.052,0,0.176
22,8469.0,4.0,550.0,21718,60,medical,single,0,0.0,mortgage,bachelor,10,0,,0.0,2.564,0.35,0,0.021
35,29287.0,6.0,482.0,500,60,debt_consolidation,married,1,32363.0,mortgage,bachelor,3,0,,1.105,0.017,0.162,0,0.1
45,33430.0,4.0,652.0,3319,36,personal,single,1,0.0,mortgage,high_school,8,0,,0.0,0.099,0.094,1,0.771
59,6314.0,9.0,694.0,29135,48,car,married,0,0.0,mortgage,master,2,0,,0.0,4.614,0.35,0,0.01
39,46799.0,5.0,713.0,12783,48,personal,married,0,10698.0,mortgage,high_school,2,0,,0.229,0.273,0.098,1,0.542
38,73711.0,7.0,736.0,16839,48,personal,married,0,34512.0,mortgage,high_school,5,0,,0.468,0.228,0.078,1,0.752
23,17851.0,2.0,624.0,13711,36,debt_consolidation,married,0,9911.0,own,high_school,3,0,,0.555,0.768,0.242,0,0.104
18,52189.0,4.0,656.0,8727,36,home_improvement,married,1,24721.0,rent,bachelor,7,0,,0.474,0.167,0.105,1,0.607
22,59898.0,4.0,716.0,25952,36,debt_consolidation,married,1,0.0,rent,master,2,0,,0.0,0.433,0.129,0,0.657
58,47915.0,7.0,745.0,9281,12,business,single,0,4503.0,mortgage,bachelor,6,0,,0.094,0.194,0.066,1,0.823
29,54642.0,3.0,577.0,6715,72,car,single,0,5459.0,rent,high_school,5,0,,0.1,0.123,0.136,1,0.605
43,54933.0,4.0,667.0,21568,60,personal,married,0,0.0,own,high_school,4,0,,0.0,0.393,0.145,1,0.648
63,29682.0,3.0,,500,60,debt_consolidation,married,0,0.0,rent,bachelor,3,0,,0.0,0.017,0.052,0,0.661
51,87465.0,3.0,662.0,12146,48,medical,married,1,6376.0,own,high_school,1,0,,0.073,0.139,0.097,1,0.685
66,81194.0,2.0,600.0,9810,60,personal,married,0,33696.0,rent,high_school,0,0,,0.415,0.121,0.124,0,0.38
31,79748.0,10.0,650.0,11958,72,education,married,3,13278.0,mortgage,bachelor,6,1,2.0,0.166,0.15,0.155,1,0.779
43,75342.0,3.0,692.0,10116,36,debt_consolidation,married,0,0.0,other,master,4,0,,0.0,0.134,0.081,1,0.827
62,10626.0,2.0,589.0,18751,60,car,married,0,0.0,mortgage,master,5,0,,0.0,1.764,0.35,0,0.06
44,73152.0,6.0,554.0,25997,36,debt_consolidation,single,0,4419.0,mortgage,master,5,0,,0.06,0.355,0.194,1,0.691
26,66390.0,4.0,815.0,19593,60,debt_consolidation,single,2,3404.0,other,bachelor,1,0,,0.051,0.295,0.052,1,0.775
43,115870.0,6.0,665.0,11631,60,debt_consolidation,married,0,15768.0,own,bachelor,6,0,,0.136,0.1,0.268,0,0.053
64,44627.0,2.0,725.0,21314,72,debt_consolidation,single,0,6194.0,own,bachelor,4,0,,0.139,0.478,0.133,0,0.542
39,56920.0,4.0,667.0,22486,12,business,single,1,19477.0,rent,high_school,3,1,74.0,0.342,0.395,0.196,0,0.221
64,91608.0,9.0,734.0,18609,36,home_improvement,single,4,21513.0,mortgage,bachelor,6,0,,0.235,0.203,0.074,1,0.921
47,68118.0,10.0,656.0,25486,24,medical,single,1,8952.0,rent,high_school,4,0,,0.131,0.374,0.147,1,0.746
60,28386.0,5.0,697.0,500,48,debt_consolidation,married,0,9163.0,mortgage,high_school,5,0,,0.323,0.018,0.055,1,0.622
65,92385.0,2.0,561.0,15268,48,debt_consolidation,single,0,10514.0,mortgage,high_school,4,0,,0.114,0.165,0.153,1,0.698
34,51094.0,3.0,509.0,18079,36,debt_consolidation,married,0,0.0,own,other,5,0,,0.0,0.354,0.216,0,0.487
43,43604.0,7.0,612.0,500,60,debt_consolidation,single,0,20806.0,rent,master,2,1,29.0,0.477,0.011,0.146,0,0.233
53,41822.0,,536.0,17208,36,home_improvement,married,0,35459.0,mortgage,bachelor,5,0,,0.848,0.411,0.214,0,0.169
18,,4.0,481.0,24150,60,education,married,2,10889.0,mortgage,high_school,2,0,,0.218,0.483,0.35,0,0.051
25,47256.0,2.0,674.0,12761,36,personal,married,0,0.0,rent,high_school,5,0,,0.0,0.27,0.117,1,0.656
66,62437.0,7.0,508.0,21565,36,home_improvement,married,0,9895.0,mortgage,bachelor,2,0,,0.158,0.345,0.215,0,0.433
52,40365.0,6.0,726.0,25228,48,debt_consolidation,single,0,3476.0,mortgage,bachelor,3,0,,0.086,0.625,0.162,0,0.552
69,60511.0,7.0,765.0,28425,48,debt_consolidation,married,2,10411.0,other,master,2,0,,0.172,0.47,0.112,1,0.693
32,28390.0,7.0,535.0,26622,24,personal,single,1,5320.0,own,high_school,2,0,,0.187,0.938,0.32,0,0.141
64,46477.0,3.0,673.0,28656,60,medical,single,0,0.0,rent,bachelor,4,0,,0.0,0.617,0.187,0,0.489
39,57914.0,3.0,799.0,10005,48,business,divorced,0,11431.0,own,other,2,0,,0.197,0.173,0.035,1,0.687
31,54742.0,4.0,612.0,11099,60,debt_consolidation,widowed,2,43365.0,mortgage,high_school,6,0,,0.792,0.203,0.135,0,0.367
43,9863.0,5.0,699.0,500,60,debt_consolidation,married,0,0.0,mortgage,bachelor,8,0,,0.0,0.051,0.061,1,0.779
45,39025.0,2.0,841.0,4348,48,debt_consolidation,widowed,1,26458.0,mortgage,high_school,5,0,,0.678,0.111,0.03,0,0.569
40,91937.0,4.0,516.0,27184,72,personal,married,1,16009.0,mortgage,high_school,4,0,,0.174,0.296,0.201,0,0.597
31,,7.0,568.0,8951,60,debt_consolidation,married,0,0.0,mortgage,master,0,0,,0.0,0.179,0.163,1,0.431
41,50395.0,5.0,695.0,18976,72,education,single,0,0.0,mortgage,bachelor,4,0,,0.0,0.377,0.128,1,0.737
19,47831.0,6.0,824.0,17407,60,car,divorced,3,13940.0,rent,bachelor,5,0,,0.291,0.364,0.061,1,0.747
62,89206.0,4.0,593.0,27407,60,car,married,2,15414.0,rent,bachelor,7,0,,0.173,0.307,0.165,1,0.77
43,82259.0,9.0,845.0,500,48,debt_consolidation,single,6,0.0,mortgage,master,10,0,,0.0,0.006,0.03,1,0.99
31,70188.0,2.0,661.0,18526,36,education,married,1,23895.0,mortgage,high_school,6,0,,0.34,0.264,0.122,1,0.68
68,25669.0,6.0,493.0,18364,72,debt_consolidation,single,2,2584.0,own,high_school,3,1,29.0,0.101,0.715,0.346,0,0.096
24,58980.0,4.0,777.0,6422,60,personal,divorced,1,17391.0,rent,master,6,0,,0.295,0.109,0.033,1,0.804
20,64199.0,3.0,613.0,24602,36,debt_consolidation,married,1,20548.0,rent,master,3,0,,0.32,0.383,0.17,0,0.43
64,32535.0,6.0,686.0,1010,36,debt_consolidation,single,0,23437.0,own,master,3,0,,0.72,0.031,0.063,0,0.373
40,28237.0,7.0,517.0,25645,60,debt_consolidation,single,1,0.0,mortgage,bachelor,2,0,,0.0,0.908,0.323,0,0.206
63,92625.0,,590.0,500,48,personal,widowed,0,40172.0,rent,high_school,4,0,,0.434,0.005,0.106,1,0.749
60,42480.0,9.0,530.0,5951,24,debt_consolidation,married,0,0.0,rent,phd,8,0,,0.0,0.14,0.163,1,0.793
64,90374.0,5.0,522.0,13601,24,home_improvement,single,0,23417.0,mortgage,bachelor,5,0,,0.259,0.15,0.169,1,0.68
62,74927.0,4.0,658.0,17177,60,debt_consolidation,married,1,2512.0,rent,high_school,2,0,,0.034,0.229,0.117,1,0.712
35,60197.0,3.0,695.0,500,36,debt_consolidation,single,0,10780.0,rent,bachelor,2,0,,0.179,0.008,0.054,1,0.675
55,61313.0,7.0,606.0,25429,48,education,single,1,8129.0,rent,high_school,5,0,,0.133,0.415,0.18,1,0.696
52,14990.0,4.0,535.0,22536,60,debt_consolidation,married,1,17005.0,own,high_school,4,0,,1.134,1.503,0.35,0,0.028
68,55169.0,8.0,548.0,34033,60,medical,married,1,25721.0,own,high_school,3,0,,0.466,0.617,0.249,0,0.246
32,85426.0,8.0,680.0,22021,36,business,single,1,817.0,mortgage,high_school,5,0,,0.01,0.258,0.112,1,0.874
42,67033.0,1.0,659.0,7636,24,personal,married,0,0.0,own,high_school,4,0,,0.0,0.114,0.093,1,0.717
54,53858.0,5.0,681.0,4287,48,debt_consolidation,single,0,0.0,mortgage,high_school,3,0,,0.0,0.08,0.076,1,0.763
45,92798.0,4.0,775.0,10794,60,home_improvement,divorced,0,12704.0,rent,high_school,6,0,,0.137,0.116,0.036,1,0.926
27,45374.0,3.0,696.0,36808,24,personal,single,1,7464.0,mortgage,high_school,5,1,88.0,0.164,0.811,0.264,0,0.21
56,34511.0,2.0,683.0,15476,36,business,single,2,11631.0,mortgage,high_school,2,1,34.0,0.337,0.448,0.198,0,0.108
34,53846.0,,839.0,15903,60,debt_consolidation,single,0,8477.0,rent,high_school,5,0,,0.157,0.295,0.039,1,0.884
56,69162.0,8.0,628.0,28795,72,car,single,1,21384.0,mortgage,bachelor,3,0,,0.309,0.416,0.169,1,0.57
39,7055.0,3.0,841.0,3355,48,personal,single,0,2403.0,rent,bachelor,3,0,,0.341,0.475,0.075,0,0.366
43,57122.0,4.0,764.0,20390,24,home_improvement,single,1,15237.0,own,high_school,4,0,,0.267,0.357,0.089,1,0.669
61,70259.0,12.0,626.0,20163,36,personal,married,1,9521.0,mortgage,high_school,9,0,,0.136,0.287,0.144,1,0.903
42,43259.0,3.0,714.0,24574,36,home_improvement,single,1,0.0,mortgage,phd,0,0,,0.0,0.568,0.157,1,0.407
34,77674.0,3.0,633.0,23523,36,debt_consolidation,single,1,0.0,mortgage,bachelor,2,1,106.0,0.0,0.303,0.194,0,0.421
30,66030.0,4.0,535.0,14413,48,debt_consolidation,divorced,0,23802.0,mortgage,bachelor,4,0,,0.36,0.218,0.176,0,0.449
37,103535.0,3.0,649.0,1169,48,debt_consolidation,single,1,22359.0,mortgage,bachelor,7,0,,0.216,0.011,0.078,1,0.904
42,31235.0,4.0,533.0,9351,24,debt_consolidation,married,0,21083.0,mortgage,high_school,4,0,,0.675,0.299,0.193,0,0.169
21,70768.0,6.0,669.0,23421,60,personal,single,0,7468.0,rent,bachelor,2,0,,0.106,0.331,0.132,1,0.665
27,24567.0,4.0,714.0,33544,48,education,single,1,0.0,rent,bachelor,4,0,,0.0,1.365,0.316,0,0.278
20,9616.0,3.0,633.0,2771,48,medical,married,1,0.0,rent,bachelor,5,0,,0.0,0.288,0.141,0,0.42
58,5000.0,8.0,,2112,72,education,single,0,6056.0,rent,bachelor,2,0,,1.211,0.422,0.15,0,0.108
62,63458.0,2.0,667.0,500,48,home_improvement,divorced,0,0.0,rent,master,5,0,,0.0,0.008,0.068,1,0.8
35,54606.0,3.0,718.0,7330,72,debt_consolidation,single,3,27171.0,mortgage,bachelor,4,0,,0.498,0.134,0.068,1,0.558
64,38024.0,7.0,657.0,24476,36,personal,married,0,0.0,own,high_school,3,0,,0.0,0.644,0.2,0,0.495
53,5662.0,3.0,,28162,36,car,married,1,5880.0,mortgage,high_school,3,1,10.0,1.038,4.973,0.35,0,0.01
64,32740.0,7.0,714.0,500,48,home_improvement,single,1,36028.0,rent,high_school,6,0,,1.1,0.015,0.046,0,0.365
39,50102.0,5.0,663.0,2948,48,personal,married,1,25460.0,mortgage,high_school,3,0,,0.508,0.059,0.08,0,0.478
51,69829.0,2.0,479.0,1078,36,home_improvement,married,0,15195.0,mortgage,bachelor,5,0,,0.218,0.015,0.164,0,0.527
64,49587.0,9.0,622.0,6323,60,personal,married,2,13317.0,rent,high_school,3,0,,0.269,0.128,0.115,0,0.616
25,56302.0,4.0,609.0,12777,12,personal,married,1,0.0,mortgage,phd,6,0,,0.0,0.227,0.141,1,0.717
57,40597.0,3.0,662.0,11026,60,debt_consolidation,single,0,21418.0,rent,bachelor,5,0,,0.528,0.272,0.123,0,0.395
66,93731.0,1.0,653.0,20138,48,debt_consolidation,married,1,13191.0,mortgage,bachelor,4,0,,0.141,0.215,0.117,1,0.751
61,24544.0,2.0,494.0,500,60,personal,single,0,7968.0,rent,high_school,7,0,,0.325,0.02,0.157,0,0.342
36,32519.0,6.0,531.0,9795,48,home_improvement,single,0,19616.0,own,high_school,4,0,,0.603,0.301,0.195,0,0.21
59,37691.0,10.0,574.0,28664,72,debt_consolidation,single,1,19884.0,other,master,3,1,23.0,0.528,0.76,0.315,0,0.105
58,63568.0,6.0,655.0,29045,36,home_improvement,divorced,2,0.0,mortgage,bachelor,4,0,,0.0,0.457,0.164,0,0.706
54,24029.0,6.0,736.0,31647,72,education,single,2,23751.0,own,high_school,4,0,,0.988,1.317,0.295,0,0.106
23,53393.0,2.0,522.0,18933,24,business,single,0,,mortgage,master,5,0,,,0.355,0.21,0,0.38
69,54123.0,4.0,596.0,8449,60,personal,single,0,11249.0,rent,high_school,4,0,,0.208,0.156,0.133,1,0.545
43,32641.0,5.0,646.0,16749,48,personal,single,1,0.0,rent,bachelor,8,0,,0.0,0.513,0.18,1,0.656
51,58249.0,8.0,575.0,40277,60,personal,single,0,0.0,rent,other,4,0,,0.0,0.691,0.251,0,0.542
62,24805.0,5.0,657.0,9694,60,debt_consolidation,single,1,0.0,rent,high_school,7,0,,0.0,0.391,0.15,0,0.657
23,22073.0,3.0,701.0,33328,60,medical,single,3,45896.0,mortgage,bachelor,7,0,,2.079,1.51,0.35,0,0.01
54,52490.0,1.0,589.0,500,24,debt_consolidation,single,1,44025.0,mortgage,phd,9,1,88.0,0.839,0.01,0.158,0,0.218
50,8506.0,7.0,676.0,20720,60,debt_consolidation,married,1,0.0,rent,high_school,6,0,,0.0,2.436,0.35,0,0.083
39,5000.0,7.0,641.0,21473,36,personal,divorced,4,0.0,mortgage,master,6,0,,0.0,4.294,0.35,0,0.01
38,63321.0,4.0,558.0,18736,12,home_improvement,single,0,2316.0,rent,bachelor,8,0,,0.037,0.296,0.18,1,0.735
23,76224.0,4.0,639.0,19391,36,personal,married,0,26607.0,rent,master,5,0,,0.349,0.254,0.131,1,0.64
23,38330.0,4.0,687.0,20232,48,debt_consolidation,single,0,19378.0,mortgage,high_school,3,0,,0.506,0.528,0.162,0,0.288
65,33298.0,9.0,763.0,20700,60,personal,married,0,42512.0,rent,other,6,1,29.0,1.277,0.622,0.193,0,0.083
21,75138.0,1.0,782.0,11693,36,debt_consolidation,single,1,5432.0,rent,bachelor,2,0,,0.072,0.156,0.04,1,0.783
47,21362.0,3.0,605.0,12290,24,debt_consolidation,married,0,0.0,mortgage,bachelor,3,0,,0.0,0.575,0.212,0,0.307
28,15916.0,4.0,600.0,1392,48,home_improvement,married,1,10839.0,other,master,7,0,,0.681,0.087,0.117,0,0.298
47,67691.0,3.0,653.0,22325,72,home_improvement,married,3,7393.0,own,bachelor,6,0,,0.109,0.33,0.14,1,0.722
48,50226.0,3.0,607.0,28023,48,home_improvement,married,1,9591.0,rent,high_school,2,0,,0.191,0.558,0.208,0,0.31
41,76622.0,8.0,747.0,32444,60,personal,married,2,11603.0,rent,high_school,1,0,,0.151,0.423,0.111,1,0.731
26,5000.0,11.0,658.0,6789,48,education,single,0,41800.0,mortgage,high_school,1,0,,8.358,1.358,0.343,0,0.05
20,14983.0,4.0,654.0,500,60,debt_consolidation,married,0,11803.0,mortgage,bachelor,3,0,,0.788,0.033,0.08,0,0.209
68,50358.0,2.0,701.0,18763,72,debt_consolidation,single,1,0.0,mortgage,master,3,0,,0.0,0.373,0.124,1,0.607
48,60442.0,3.0,663.0,3444,48,home_improvement,single,0,5642.0,mortgage,bachelor,1,0,,0.093,0.057,0.08,1,0.613
57,71175.0,4.0,674.0,20718,48,home_improvement,married,0,20885.0,mortgage,bachelor,3,0,,0.293,0.291,0.121,1,0.602
54,54370.0,2.0,671.0,500,60,education,married,2,19006.0,mortgage,master,5,0,,0.35,0.009,0.066,1,0.664
53,54116.0,7.0,638.0,25872,72,debt_consolidation,single,0,18188.0,own,high_school,3,0,,0.336,0.478,0.177,0,0.466
41,40265.0,2.0,578.0,16533,24,business,married,1,0.0,mortgage,bachelor,4,0,,0.0,0.411,0.193,0,0.402
48,89773.0,11.0,791.0,500,48,debt_consolidation,married,1,0.0,mortgage,high_school,3,1,3.0,0.0,0.006,0.056,1,0.905
23,22424.0,5.0,578.0,18041,60,car,single,2,8030.0,rent,high_school,4,0,,0.358,0.805,0.272,0,0.152
19,58976.0,5.0,782.0,15950,48,education,single,2,16691.0,own,bachelor,7,1,22.0,0.283,0.27,0.113,1,0.669
37,25305.0,4.0,677.0,20229,48,debt_consolidation,divorced,0,0.0,rent,high_school,3,0,,0.0,0.799,0.221,0,0.35
45,63369.0,4.0,602.0,23020,60,personal,married,2,32413.0,mortgage,high_school,1,0,,0.511,0.363,0.172,0,0.265
28,24075.0,4.0,694.0,500,36,education,single,0,18112.0,rent,bachelor,3,0,,0.752,0.021,0.057,0,0.322
21,68595.0,3.0,713.0,10288,36,education,single,1,2228.0,mortgage,bachelor,3,0,,0.032,0.15,0.074,1,0.809
32,,5.0,787.0,14110,72,home_improvement,single,2,51703.0,rent,bachelor,2,1,9.0,1.034,0.282,0.11,0,0.148
23,93616.0,9.0,545.0,12046,48,personal,single,1,3017.0,mortgage,other,4,0,,0.032,0.129,0.153,1,0.833
66,42975.0,5.0,639.0,11490,60,medical,single,1,4459.0,rent,bachelor,3,0,,0.104,0.267,0.134,1,0.516
47,60624.0,,760.0,25545,60,home_improvement,divorced,2,3759.0,mortgage,bachelor,6,1,19.0,0.062,0.421,0.154,0,0.549
55,30509.0,6.0,710.0,500,60,debt_consolidation,divorced,2,10627.0,rent,bachelor,4,0,,0.348,0.016,0.048,1,0.62
68,42803.0,7.0,689.0,12085,60,debt_consolidation,married,1,0.0,own,bachelor,4,0,,0.0,0.282,0.112,1,0.74
19,52644.0,5.0,768.0,12877,36,debt_consolidation,single,1,21058.0,rent,high_school,3,0,,0.4,0.245,0.065,1,0.625
32,11820.0,7.0,636.0,13906,48,personal,single,0,23122.0,own,bachelor,4,0,,1.956,1.176,0.317,0,0.01
28,14559.0,7.0,458.0,5227,48,home_improvement,married,3,20007.0,mortgage,high_school,3,0,,1.374,0.359,0.243,0,0.032
25,64996.0,8.0,621.0,36417,48,personal,married,2,3203.0,mortgage,high_school,8,1,31.0,0.049,0.56,0.252,0,0.575
43,46348.0,7.0,811.0,24786,36,debt_consolidation,single,2,3271.0,rent,bachelor,7,0,,0.071,0.535,0.102,1,0.853
68,35177.0,3.0,674.0,37115,36,home_improvement,married,1,19196.0,own,bachelor,4,0,,0.546,1.055,0.274,0,0.136
62,31575.0,,583.0,21403,36,personal,married,1,,mortgage,bachelor,2,0,,,0.678,0.244,0,0.133
61,32538.0,4.0,757.0,22623,48,debt_consolidation,married,2,0.0,mortgage,bachelor,3,0,,0.0,0.695,0.16,1,0.518
22,52814.0,3.0,718.0,14956,72,car,married,0,0.0,rent,bachelor,2,0,,0.0,0.283,0.098,1,0.635
23,61126.0,7.0,662.0,30631,72,personal,married,2,4079.0,rent,master,7,0,,0.067,0.501,0.169,1,0.771
43,5000.0,7.0,697.0,20655,36,personal,single,2,17830.0,own,high_school,1,0,,3.565,4.13,0.35,0,0.01
21,85321.0,3.0,569.0,13094,36,personal,married,0,17423.0,rent,bachelor,1,0,,0.204,0.153,0.146,1,0.52
36,83543.0,7.0,,33466,12,personal,single,0,0.0,mortgage,high_school,2,0,,0.0,0.401,0.17,1,0.713
37,5000.0,8.0,645.0,1972,36,education,single,2,22560.0,mortgage,high_school,4,1,51.0,4.511,0.394,0.206,0,0.05
50,77148.0,3.0,738.0,7679,60,debt_consolidation,single,1,37765.0,rent,bachelor,2,0,,0.49,0.1,0.051,1,0.627
37,76380.0,,606.0,43106,72,medical,single,0,4732.0,own,high_school,3,0,,0.062,0.564,0.21,0,0.527
66,50011.0,7.0,648.0,21707,36,personal,widowed,1,6948.0,mortgage,bachelor,6,1,39.0,0.139,0.434,0.213,0,0.428
29,17571.0,1.0,765.0,500,36,car,single,1,2152.0,rent,master,4,0,,0.122,0.028,0.03,1,0.588
64,75381.0,4.0,850.0,25189,36,debt_consolidation,divorced,1,4703.0,rent,bachelor,13,0,,0.062,0.334,0.042,1,0.988
18,,2.0,580.0,4769,36,car,single,0,28173.0,mortgage,master,6,0,,0.563,0.095,0.132,0,0.318
43,63722.0,2.0,661.0,9257,60,medical,single,0,0.0,rent,bachelor,3,0,,0.0,0.145,0.098,1,0.662
31,105480.0,5.0,529.0,40509,48,debt_consolidation,married,1,13634.0,mortgage,master,5,0,,0.129,0.384,0.212,1,0.742
55,56296.0,6.0,649.0,31555,60,medical,single,0,5874.0,mortgage,high_school,5,0,,0.104,0.561,0.188,0,0.592
54,27078.0,5.0,627.0,34981,48,car,married,2,12861.0,other,bachelor,5,0,,0.475,1.292,0.345,0,0.102
28,41607.0,4.0,750.0,8927,36,education,single,2,5709.0,own,bachelor,5,0,,0.137,0.215,0.068,1,0.765
53,30264.0,5.0,556.0,12089,36,debt_consolidation,married,1,22311.0,mortgage,master,5,0,,0.737,0.399,0.202,0,0.181
30,60837.0,7.0,545.0,17187,12,debt_consolidation,single,0,25614.0,mortgage,high_school,7,0,,0.421,0.283,0.184,0,0.58
60,29848.0,4.0,772.0,23684,60,education,married,0,15611.0,rent,high_school,6,0,,0.523,0.793,0.173,0,0.387
20,38179.0,2.0,599.0,11580,60,car,single,0,6768.0,rent,other,6,0,,0.177,0.303,0.161,0,0.463
50,17889.0,9.0,666.0,33784,60,debt_consolidation,married,1,21801.0,rent,high_school,1,0,,1.219,1.888,0.35,0,0.028
23,46698.0,4.0,674.0,19912,24,debt_consolidation,married,1,0.0,mortgage,high_school,7,1,11.0,0.0,0.426,0.198,0,0.503
67,54419.0,3.0,587.0,29909,60,debt_consolidation,single,0,16443.0,own,bachelor,5,1,32.0,0.302,0.55,0.266,0,0.192
27,5000.0,4.0,587.0,7200,12,home_improvement,single,0,2283.0,own,bachelor,5,0,,0.457,1.44,0.35,0,0.053
22,56489.0,4.0,740.0,10811,24,personal,married,0,13225.0,mortgage,master,3,0,,0.234,0.191,0.068,1,0.663
40,48857.0,6.0,704.0,17457,48,business,divorced,0,0.0,own,bachelor,2,0,,0.0,0.357,0.119,1,0.635
27,30875.0,4.0,649.0,10409,48,personal,single,2,27757.0,rent,bachelor,4,0,,0.899,0.337,0.143,0,0.158
61,100716.0,6.0,639.0,25477,60,car,married,1,0.0,own,high_school,3,0,,0.0,0.253,0.131,1,0.836
19,73962.0,9.0,675.0,25676,60,car,married,1,8071.0,mortgage,bachelor,2,0,,0.109,0.347,0.132,1,0.741
30,22590.0,3.0,681.0,12609,36,debt_consolidation,married,0,0.0,mortgage,high_school,5,0,,0.0,0.558,0.171,1,0.483
57,70956.0,3.0,751.0,21580,36,medical,divorced,1,27438.0,mortgage,high_school,3,0,,0.387,0.304,0.085,1,0.589
19,81112.0,8.0,648.0,35419,36,home_improvement,married,1,33313.0,own,phd,8,0,,0.411,0.437,0.163,1,0.782
37,53301.0,6.0,685.0,25446,24,medical,married,3,0.0,mortgage,high_school,6,0,,0.0,0.477,0.153,1,0.726
18,,1.0,707.0,21520,36,home_improvement,married,1,14864.0,own,bachelor,5,0,,0.297,0.43,0.12,0,0.584
54,58459.0,7.0,709.0,27953,60,debt_consolidation,single,1,5563.0,own,master,9,0,,0.095,0.478,0.141,1,0.866
26,5000.0,5.0,766.0,31808,36,debt_consolidation,married,1,17681.0,mortgage,high_school,5,0,,3.535,6.36,0.35,0,0.02
34,45328.0,7.0,649.0,30179,60,personal,divorced,0,33646.0,mortgage,high_school,5,0,,0.742,0.666,0.209,0,0.25
26,44027.0,5.0,605.0,14280,48,debt_consolidation,married,0,15781.0,mortgage,bachelor,1,0,,0.358,0.324,0.162,0,0.303
28,85754.0,2.0,621.0,24023,36,debt_consolidation,single,0,0.0,rent,high_school,4,0,,0.0,0.28,0.146,1,0.744
32,58343.0,6.0,701.0,12019,48,personal,single,0,0.0,rent,master,2,0,,0.0,0.206,0.091,1,0.73
41,42560.0,7.0,641.0,14456,60,education,married,0,4692.0,rent,high_school,3,0,,0.11,0.34,0.148,1,0.606
55,47747.0,5.0,833.0,19792,48,debt_consolidation,married,0,0.0,rent,other,3,0,,0.0,0.415,0.066,1,0.788
52,75585.0,6.0,651.0,516,12,debt_consolidation,single,0,21403.0,own,master,4,1,97.0,0.283,0.007,0.126,0,0.559
47,45385.0,5.0,574.0,18686,72,debt_consolidation,single,2,22682.0,mortgage,master,7,0,,0.5,0.412,0.195,1,0.404
48,32545.0,6.0,676.0,8086,24,car,married,1,28894.0,own,high_school,5,0,,0.888,0.248,0.112,0,0.272
66,,3.0,773.0,3139,72,business,married,2,3629.0,rent,high_school,1,1,70.0,0.073,0.063,0.078,0,0.395
22,73517.0,4.0,585.0,22949,12,debt_consolidation,married,0,27314.0,rent,high_school,5,0,,0.372,0.312,0.17,0,0.549
61,62404.0,5.0,582.0,12392,60,personal,divorced,1,35249.0,own,bachelor,7,1,113.0,0.565,0.199,0.199,0,0.288
67,51107.0,8.0,635.0,17200,48,debt_consolidation,single,2,0.0,mortgage,high_school,3,0,,0.0,0.337,0.15,1,0.686
31,54788.0,10.0,598.0,12636,48,debt_consolidation,married,0,2691.0,mortgage,master,3,0,,0.049,0.231,0.147,1,0.719
28,36006.0,5.0,542.0,8834,24,personal,married,1,8378.0,other,bachelor,5,0,,0.233,0.245,0.178,0,0.409
26,45151.0,3.0,527.0,16176,36,debt_consolidation,divorced,1,22334.0,mortgage,bachelor,2,0,,0.495,0.358,0.208,0,0.18
51,33417.0,7.0,669.0,1378,60,personal,single,1,30102.0,own,bachelor,3,0,,0.901,0.041,0.074,0,0.279
29,42631.0,2.0,707.0,14038,60,medical,single,1,0.0,mortgage,bachelor,2,0,,0.0,0.329,0.112,0,0.512
52,83654.0,6.0,594.0,34807,48,debt_consolidation,married,0,0.0,rent,high_school,4,0,,0.0,0.416,0.186,1,0.748
52,23053.0,6.0,644.0,3005,36,home_improvement,divorced,1,27183.0,rent,high_school,3,0,,1.179,0.13,0.104,0,0.122
18,32782.0,6.0,665.0,29262,24,car,married,0,0.0,rent,bachelor,4,0,,0.0,0.893,0.246,0,0.403
57,18643.0,5.0,562.0,35868,60,personal,married,0,21973.0,rent,bachelor,2,0,,1.179,1.924,0.35,0,0.01
39,13227.0,0.0,719.0,7145,36,home_improvement,single,1,18603.0,rent,high_school,3,0,,1.406,0.54,0.149,0,0.038
46,45331.0,6.0,667.0,18276,24,home_improvement,married,1,21659.0,mortgage,master,0,0,,0.478,0.403,0.147,0,0.275
25,34560.0,4.0,692.0,2003,60,debt_consolidation,married,0,21851.0,own,master,3,1,47.0,0.632,0.058,0.116,0,0.188
28,94042.0,6.0,704.0,506,48,education,married,0,3601.0,mortgage,high_school,5,1,35.0,0.038,0.005,0.099,1,0.86
58,42929.0,3.0,844.0,16672,12,debt_consolidation,married,2,6013.0,mortgage,bachelor,3,0,,0.14,0.388,0.056,1,0.692
54,82235.0,6.0,568.0,19092,24,debt_consolidation,single,2,4819.0,other,high_school,5,0,,0.059,0.232,0.162,1,0.78
31,74200.0,3.0,579.0,9331,60,personal,married,0,13379.0,mortgage,high_school,6,0,,0.18,0.126,0.136,1,0.696
47,44776.0,5.0,785.0,3690,24,debt_consolidation,married,0,0.0,mortgage,master,7,0,,0.0,0.082,0.03,1,0.907
52,102753.0,2.0,702.0,7161,60,debt_consolidation,divorced,0,17237.0,own,other,3,0,,0.168,0.07,0.063,1,0.841
38,56713.0,4.0,656.0,23911,36,medical,married,1,35837.0,own,bachelor,8,0,,0.632,0.422,0.156,0,0.468
54,87825.0,7.0,612.0,23979,24,personal,married,1,12960.0,mortgage,master,1,0,,0.148,0.273,0.149,1,0.663
22,84915.0,6.0,631.0,21425,60,debt_consolidation,widowed,1,8165.0,mortgage,bachelor,3,0,,0.096,0.252,0.135,1,0.767
36,60366.0,7.0,633.0,11144,48,debt_consolidation,single,2,11103.0,other,bachelor,2,0,,0.184,0.185,0.12,1,0.633
31,68778.0,6.0,530.0,4244,36,debt_consolidation,single,0,17960.0,mortgage,bachelor,3,0,,0.261,0.062,0.147,1,0.572
43,65602.0,2.0,728.0,28128,48,debt_consolidation,married,2,27150.0,own,high_school,4,0,,0.414,0.429,0.122,1,0.532
21,21393.0,0.0,489.0,31412,12,education,single,2,8982.0,other,high_school,2,1,12.0,0.42,1.468,0.35,0,0.056
42,51432.0,4.0,582.0,9751,60,car,single,0,7497.0,other,bachelor,4,0,,0.146,0.19,0.147,1,0.532
62,76856.0,5.0,615.0,13411,36,education,married,1,0.0,own,bachelor,5,1,37.0,0.0,0.174,0.177,1,0.645
59,88155.0,2.0,821.0,500,60,car,married,0,10704.0,mortgage,bachelor,4,0,,0.121,0.006,0.03,1,0.899
42,31984.0,3.0,642.0,20339,48,personal,single,2,0.0,mortgage,bachelor,7,0,,0.0,0.636,0.206,0,0.516
35,63221.0,6.0,675.0,35758,60,car,single,0,1790.0,own,high_school,4,0,,0.028,0.566,0.176,1,0.668
57,53772.0,9.0,580.0,24436,60,personal,single,1,23163.0,mortgage,bachelor,3,0,,0.431,0.454,0.201,1,0.385
25,47053.0,6.0,719.0,37120,48,home_improvement,married,2,25313.0,rent,bachelor,3,0,,0.538,0.789,0.198,0,0.294
56,58900.0,4.0,850.0,11096,48,business,single,2,16949.0,own,high_school,0,0,,0.288,0.188,0.03,1,0.652
57,55450.0,2.0,689.0,1924,36,home_improvement,married,0,28217.0,own,master,3,0,,0.509,0.035,0.062,0,0.481
31,63535.0,6.0,623.0,30043,24,home_improvement,married,0,0.0,mortgage,bachelor,4,1,60.0,0.0,0.473,0.233,0,0.422
49,86043.0,7.0,487.0,16718,60,personal,single,0,34421.0,rent,high_school,4,0,,0.4,0.194,0.195,1,0.533
68,69603.0,2.0,705.0,6069,60,debt_consolidation,single,0,0.0,rent,bachelor,6,0,,0.0,0.087,0.065,1,0.864
55,57765.0,6.0,571.0,33723,36,car,married,0,14512.0,mortgage,bachelor,4,0,,0.251,0.584,0.231,0,0.401
50,96616.0,8.0,590.0,8939,60,medical,single,0,18.0,rent,bachelor,4,0,,0.0,0.093,0.124,1,0.851
40,77748.0,4.0,725.0,3802,48,business,married,0,14650.0,rent,other,5,0,,0.188,0.049,0.047,1,0.831
32,47690.0,6.0,612.0,21016,48,car,divorced,0,10268.0,mortgage,bachelor,2,0,,0.215,0.441,0.182,0,0.391
50,19572.0,6.0,642.0,1983,12,home_improvement,single,0,27063.0,own,master,6,0,,1.383,0.101,0.099,0,0.128
18,25304.0,1.0,710.0,101357,36,debt_consolidation,single,1,46975.0,mortgage,master,3,0,,1.856,4.005,0.244,0,0.028
34,73331.0,7.0,594.0,3477,48,personal,married,1,23227.0,own,high_school,3,0,,0.317,0.047,0.112,0,0.653
50,34242.0,6.0,547.0,17515,24,home_improvement,single,1,8207.0,mortgage,high_school,3,0,,0.24,0.511,0.229,0,0.274
64,24799.0,5.0,687.0,18167,48,business,single,1,32993.0,own,bachelor,7,0,,1.33,0.733,0.203,0,0.069
19,31048.0,3.0,710.0,17649,72,debt_consolidation,single,1,0.0,mortgage,master,6,0,,0.0,0.568,0.159,1,0.599
31,32815.0,7.0,604.0,2123,60,debt_consolidation,divorced,1,1292.0,rent,master,5,1,15.0,0.039,0.065,0.161,0,0.454
57,71266.0,4.0,600.0,13055,48,debt_consolidation,divorced,0,6537.0,rent,master,4,0,,0.092,0.183,0.137,1,0.696
57,46081.0,2.0,562.0,28736,48,education,single,1,5840.0,other,bachelor,5,0,,0.127,0.624,0.244,0,0.376
68,15691.0,7.0,707.0,12980,12,debt_consolidation,married,1,0.0,mortgage,bachelor,4,0,,0.0,0.827,0.212,0,0.439
56,50776.0,5.0,804.0,3491,72,debt_consolidation,single,2,20440.0,mortgage,bachelor,4,1,114.0,0.403,0.069,0.062,1,0.518
68,55557.0,8.0,725.0,10549,72,debt_consolidation,married,1,9968.0,rent,high_school,3,0,,0.179,0.19,0.076,1,0.769
23,38017.0,7.0,643.0,2417,60,debt_consolidation,single,0,7951.0,own,high_school,3,0,,0.209,0.064,0.091,1,0.609
23,78897.0,5.0,707.0,500,24,debt_consolidation,single,1,31140.0,rent,bachelor,3,0,,0.395,0.006,0.048,0,0.754
20,39477.0,4.0,583.0,13236,36,debt_consolidation,married,3,3304.0,rent,bachelor,4,0,,0.084,0.335,0.176,0,0.47
24,77708.0,3.0,679.0,16000,36,business,single,0,25415.0,own,bachelor,7,0,,0.327,0.206,0.102,1,0.75
68,64920.0,9.0,563.0,21989,48,home_improvement,single,0,5889.0,other,high_school,2,0,,0.091,0.339,0.186,1,0.598
25,73165.0,4.0,640.0,19674,36,home_improvement,married,1,6214.0,rent,high_school,4,0,,0.085,0.269,0.134,1,0.712
59,22536.0,8.0,736.0,21146,60,personal,married,0,0.0,rent,bachelor,6,0,,0.0,0.938,0.22,0,0.556
69,52458.0,4.0,715.0,14589,48,home_improvement,married,0,0.0,rent,other,4,0,,0.0,0.278,0.098,1,0.736
32,48679.0,2.0,695.0,36275,12,personal,divorced,0,79.0,mortgage,phd,5,1,16.0,0.002,0.745,0.252,0,0.281
64,14450.0,2.0,683.0,6585,60,debt_consolidation,married,0,0.0,own,bachelor,2,0,,0.0,0.456,0.15,0,0.342
46,77627.0,5.0,591.0,11829,36,home_improvement,single,0,13837.0,rent,master,4,0,,0.178,0.152,0.135,0,0.698
50,29565.0,8.0,661.0,31586,60,home_improvement,single,0,5275.0,mortgage,high_school,6,0,,0.178,1.068,0.283,1,0.373
69,34761.0,5.0,713.0,11101,36,car,single,3,26262.0,rent,master,5,0,,0.755,0.319,0.107,0,0.333
47,24667.0,6.0,631.0,13898,36,car,single,3,0.0,rent,bachelor,2,0,,0.0,0.563,0.197,0,0.363
56,67530.0,3.0,634.0,19042,12,debt_consolidation,married,1,6135.0,rent,master,6,0,,0.091,0.282,0.139,1,0.734
44,,5.0,612.0,26675,72,business,single,0,28267.0,rent,high_school,6,0,,0.565,0.533,0.35,0,0.01
53,65447.0,8.0,627.0,16420,48,home_improvement,single,0,23350.0,rent,master,3,0,,0.357,0.251,0.137,0,0.597
46,76113.0,4.0,588.0,6163,48,debt_consolidation,single,1,12045.0,rent,bachelor,6,0,,0.158,0.081,0.122,1,0.775
55,63429.0,5.0,652.0,10899,24,car,single,0,0.0,own,high_school,2,0,,0.0,0.172,0.108,1,0.691
50,67816.0,1.0,624.0,20400,60,business,married,1,18802.0,rent,high_school,6,0,,0.277,0.301,0.148,1,0.557
54,68989.0,5.0,532.0,12049,36,debt_consolidation,single,0,5677.0,rent,high_school,6,0,,0.082,0.175,0.169,1,0.713
44,26264.0,6.0,850.0,10327,72,debt_consolidation,single,0,2201.0,rent,bachelor,5,0,,0.084,0.393,0.054,1,0.78
50,85868.0,3.0,567.0,5680,72,personal,widowed,1,29969.0,rent,high_school,10,0,,0.349,0.066,0.13,1,0.806
21,38498.0,6.0,639.0,26935,60,personal,married,0,31995.0,rent,bachelor,5,0,,0.831,0.7,0.22,0,0.166
39,48340.0,5.0,655.0,13784,72,debt_consolidation,married,2,0.0,rent,master,5,0,,0.0,0.285,0.13,0,0.72
19,41684.0,5.0,607.0,13848,24,personal,married,1,,other,other,3,0,,,0.332,0.163,0,0.162
27,62289.0,6.0,643.0,21799,36,home_improvement,married,1,8655.0,own,high_school,1,0,,0.139,0.35,0.148,0,0.541
22,36549.0,6.0,585.0,1376,36,personal,single,0,21741.0,mortgage,high_school,7,0,,0.595,0.038,0.115,0,0.469
27,51673.0,7.0,708.0,15420,24,education,single,0,37469.0,mortgage,bachelor,4,0,,0.725,0.298,0.106,1,0.486
50,19116.0,6.0,,30053,72,personal,married,0,7557.0,mortgage,high_school,2,0,,0.395,1.572,0.35,0,0.053
55,,5.0,707.0,14362,24,business,single,1,13929.0,mortgage,master,3,0,,0.279,0.287,0.083,1,0.757
30,66769.0,6.0,768.0,17195,60,debt_consolidation,single,3,20852.0,mortgage,bachelor,3,0,,0.312,0.258,0.068,1,0.744
48,,6.0,628.0,16972,60,debt_consolidation,single,1,33705.0,mortgage,bachelor,3,0,,0.674,0.339,0.166,0,0.221
64,38271.0,5.0,712.0,25613,36,car,single,2,10299.0,mortgage,high_school,5,0,,0.269,0.669,0.178,0,0.454
53,66116.0,10.0,773.0,17012,12,debt_consolidation,divorced,1,22141.0,rent,bachelor,5,0,,0.335,0.257,0.065,1,0.861
62,32318.0,4.0,640.0,39686,12,home_improvement,single,0,0.0,rent,other,3,0,,0.0,1.228,0.326,0,0.209
41,53134.0,8.0,705.0,17313,36,personal,single,2,0.0,rent,bachelor,7,0,,0.0,0.326,0.113,1,0.854
69,79035.0,6.0,613.0,10642,48,debt_consolidation,married,0,0.0,mortgage,other,5,0,,0.0,0.135,0.12,1,0.849
32,29719.0,4.0,746.0,30119,48,home_improvement,married,0,0.0,own,high_school,2,0,,0.0,1.013,0.23,0,0.328
46,59215.0,5.0,610.0,12893,48,home_improvement,married,3,24627.0,mortgage,high_school,3,0,,0.416,0.218,0.139,0,0.454
25,57893.0,4.0,706.0,9004,60,education,single,1,8898.0,own,other,5,0,,0.154,0.156,0.078,1,0.796
22,47567.0,6.0,730.0,3116,36,debt_consolidation,married,2,837.0,own,bachelor,4,0,,0.018,0.066,0.048,1,0.827
46,37405.0,2.0,556.0,19788,36,debt_consolidation,married,0,0.0,own,high_school,5,0,,0.0,0.529,0.228,0,0.39
64,80370.0,2.0,597.0,10425,60,personal,single,1,3735.0,mortgage,bachelor,6,0,,0.046,0.13,0.128,1,0.769
21,35061.0,9.0,593.0,7226,36,personal,single,3,23759.0,mortgage,bachelor,1,0,,0.678,0.206,0.145,0,0.226
29,5000.0,1.0,736.0,9342,36,business,divorced,1,0.0,rent,bachelor,8,0,,0.0,1.868,0.35,0,0.121
62,66013.0,3.0,556.0,11367,60,business,single,1,8090.0,mortgage,master,1,0,,0.123,0.172,0.156,0,0.431
19,19967.0,4.0,676.0,23327,72,home_improvement,single,2,4267.0,rent,high_school,8,0,,0.214,1.168,0.296,0,0.285
44,67297.0,3.0,708.0,19835,72,medical,single,3,15313.0,own,bachelor,6,0,,0.228,0.295,0.105,1,0.709
48,83373.0,2.0,664.0,13555,24,home_improvement,single,1,37614.0,own,bachelor,2,0,,0.451,0.163,0.101,1,0.529
68,65744.0,6.0,752.0,20608,48,debt_consolidation,single,0,220.0,mortgage,bachelor,5,0,,0.003,0.313,0.087,1,0.87
68,76785.0,2.0,496.0,13937,24,home_improvement,single,0,14761.0,mortgage,bachelor,4,0,,0.192,0.182,0.188,0,0.491
53,100501.0,7.0,699.0,17066,72,debt_consolidation,single,0,9770.0,own,bachelor,4,0,,0.097,0.17,0.084,1,0.913
53,74169.0,10.0,635.0,8331,36,home_improvement,single,0,3008.0,rent,high_school,2,0,,0.041,0.112,0.105,1,0.819
43,58264.0,1.0,530.0,8423,36,debt_consolidation,single,0,10756.0,mortgage,bachelor,2,0,,0.185,0.145,0.164,0,0.365
60,90849.0,2.0,564.0,16513,60,car,married,3,37297.0,rent,high_school,2,0,,0.411,0.182,0.154,0,0.444
44,93869.0,,775.0,16536,72,home_improvement,married,2,8964.0,own,high_school,5,0,,0.095,0.176,0.048,1,0.913
22,94219.0,4.0,701.0,25112,60,medical,single,2,8962.0,rent,bachelor,7,0,,0.095,0.267,0.103,1,0.868
37,37696.0,8.0,714.0,19993,24,car,widowed,4,4318.0,rent,high_school,5,0,,0.115,0.53,0.149,0,0.653
28,16150.0,6.0,727.0,10081,48,personal,married,4,16231.0,mortgage,bachelor,1,0,,1.005,0.624,0.161,0,0.074
27,36170.0,2.0,541.0,2199,60,debt_consolidation,married,0,0.0,rent,high_school,2,0,,0.0,0.061,0.142,0,0.414
57,67591.0,6.0,670.0,23826,48,medical,single,1,11822.0,mortgage,bachelor,0,0,,0.175,0.352,0.135,0,0.511
55,53979.0,8.0,738.0,18317,24,education,married,1,16687.0,mortgage,other,3,0,,0.309,0.339,0.099,1,0.705
23,44838.0,8.0,618.0,24692,36,personal,divorced,0,0.0,mortgage,high_school,4,0,,0.0,0.551,0.201,1,0.581
25,64012.0,2.0,759.0,19588,60,home_improvement,single,0,33968.0,rent,bachelor,5,0,,0.531,0.306,0.082,1,0.581
40,13230.0,5.0,601.0,33050,48,debt_consolidation,married,2,33419.0,rent,bachelor,5,0,,2.526,2.498,0.35,0,0.02
64,53529.0,4.0,660.0,12836,60,debt_consolidation,married,2,43715.0,mortgage,high_school,2,0,,0.817,0.24,0.118,0,0.253
43,77961.0,3.0,682.0,15414,36,debt_consolidation,single,1,18570.0,mortgage,bachelor,3,0,,0.238,0.198,0.099,1,0.687
63,63733.0,8.0,710.0,22905,48,car,married,1,16234.0,own,high_school,5,0,,0.255,0.359,0.117,1,0.752
60,67295.0,3.0,627.0,23630,72,personal,single,1,8831.0,own,high_school,5,0,,0.131,0.351,0.157,1,0.628
29,89934.0,7.0,731.0,18271,36,debt_consolidation,single,0,11023.0,own,master,1,0,,0.123,0.203,0.075,1,0.833
43,48346.0,2.0,684.0,500,60,debt_consolidation,single,0,23905.0,mortgage,high_school,5,0,,0.494,0.01,0.06,1,0.549
30,33673.0,1.0,519.0,500,36,debt_consolidation,married,0,10258.0,mortgage,bachelor,4,0,,0.305,0.015,0.144,0,0.31
57,79738.0,5.0,797.0,11141,24,debt_consolidation,married,1,7738.0,mortgage,high_school,7,0,,0.097,0.14,0.03,1,0.947
35,79278.0,4.0,573.0,15218,60,personal,divorced,0,18384.0,mortgage,high_school,5,0,,0.232,0.192,0.152,1,0.653
42,63957.0,4.0,804.0,500,60,personal,married,2,605.0,mortgage,high_school,8,0,,0.009,0.008,0.03,1,0.937
50,45991.0,4.0,637.0,14702,60,debt_consolidation,single,2,33705.0,rent,high_school,1,0,,0.733,0.32,0.146,0,0.192
64,50034.0,3.0,622.0,21512,36,debt_consolidation,single,0,10126.0,mortgage,bachelor,4,0,,0.202,0.43,0.175,1,0.453
57,18081.0,0.0,682.0,14408,36,personal,married,0,,mortgage,bachelor,4,0,,,0.797,0.218,0,0.031
60,778240.0,2.0,594.0,17951,72,debt_consolidation,married,0,0.0,rent,bachelor,3,0,,0.0,0.023,0.149,1,0.661
29,76941.0,3.0,499.0,20878,36,education,married,2,9348.0,own,bachelor,2,0,,0.121,0.271,0.205,0,0.48
61,17208.0,4.0,641.0,500,60,personal,single,0,4095.0,mortgage,master,4,0,,0.238,0.029,0.085,1,0.449
53,71691.0,2.0,680.0,21526,36,car,married,1,4727.0,mortgage,other,5,0,,0.066,0.3,0.12,1,0.728
65,60103.0,6.0,773.0,7665,72,debt_consolidation,single,1,0.0,mortgage,bachelor,7,0,,0.0,0.128,0.039,1,0.932
21,24451.0,5.0,555.0,12619,72,debt_consolidation,single,2,25845.0,mortgage,phd,5,0,,1.057,0.516,0.226,0,0.09
22,19850.0,1.0,696.0,8389,12,personal,married,0,17267.0,rent,bachelor,4,0,,0.87,0.423,0.137,0,0.116
54,59337.0,8.0,642.0,25739,60,debt_consolidation,married,0,0.0,mortgage,master,1,0,,0.0,0.434,0.166,1,0.622
25,,6.0,653.0,3276,36,home_improvement,single,2,6813.0,own,bachelor,5,0,,0.136,0.066,0.09,1,0.686
59,95499.0,1.0,728.0,28813,36,business,married,1,6737.0,rent,master,3,0,,0.071,0.302,0.096,1,0.768
66,73815.0,9.0,609.0,38918,48,personal,single,1,15984.0,rent,bachelor,4,1,90.0,0.217,0.527,0.251,1,0.393
45,61842.0,3.0,663.0,500,48,home_improvement,single,0,7823.0,rent,bachelor,6,0,,0.126,0.008,0.07,1,0.794
48,63077.0,9.0,737.0,9139,36,debt_consolidation,divorced,0,26306.0,rent,bachelor,2,0,,0.417,0.145,0.06,1,0.716
26,83272.0,4.0,732.0,21124,48,car,single,1,24461.0,mortgage,master,5,0,,0.294,0.254,0.085,1,0.784
68,71163.0,3.0,552.0,5066,36,debt_consolidation,married,0,43103.0,rent,other,4,0,,0.606,0.071,0.138,0,0.405
46,62494.0,7.0,601.0,12281,12,debt_consolidation,married,1,0.0,rent,high_school,4,0,,0.0,0.197,0.139,1,0.756
31,25493.0,5.0,639.0,16759,48,personal,single,2,30511.0,rent,bachelor,7,0,,1.197,0.657,0.212,0,0.09
57,126549.0,6.0,715.0,7872,48,debt_consolidation,married,1,21923.0,mortgage,high_school,5,0,,0.173,0.062,0.055,1,0.963
58,22420.0,3.0,630.0,15820,60,debt_consolidation,single,1,7373.0,rent,high_school,8,0,,0.329,0.706,0.226,0,0.333
39,42186.0,7.0,657.0,24487,48,debt_consolidation,single,1,6150.0,rent,master,3,0,,0.146,0.58,0.188,0,0.487
28,8632.0,5.0,750.0,14217,60,home_improvement,married,1,8676.0,rent,bachelor,0,0,,1.005,1.647,0.35,0,0.023
40,63470.0,8.0,623.0,4613,48,medical,single,0,13718.0,rent,bachelor,2,0,,0.216,0.073,0.103,1,0.643
18,53778.0,7.0,768.0,26649,12,business,single,0,1887.0,rent,bachelor,5,0,,0.035,0.496,0.115,1,0.782
63,69132.0,3.0,522.0,28890,48,education,married,0,0.0,mortgage,bachelor,1,0,,0.0,0.418,0.223,0,0.435
54,6523.0,5.0,619.0,18686,60,education,married,0,2205.0,rent,high_school,2,0,,0.338,2.864,0.35,0,0.055
38,77823.0,9.0,541.0,5182,48,education,married,2,6014.0,rent,high_school,4,0,,0.077,0.067,0.143,1,0.831
43,29814.0,5.0,659.0,6223,60,debt_consolidation,married,0,18552.0,rent,bachelor,5,0,,0.622,0.209,0.112,0,0.367
63,46275.0,6.0,710.0,500,36,home_improvement,married,1,0.0,mortgage,high_school,5,0,,0.0,0.011,0.047,1,0.841
18,73289.0,4.0,637.0,101357,24,education,married,1,19639.0,rent,high_school,3,0,,0.268,1.383,0.106,1,0.679
40,56532.0,6.0,612.0,25656,60,debt_consolidation,single,1,0.0,other,high_school,5,0,,0.0,0.454,0.185,0,0.675
18,58299.0,6.0,541.0,8160,36,debt_consolidation,married,0,15959.0,mortgage,master,6,1,114.0,0.274,0.14,0.208,0,0.377
68,69979.0,5.0,785.0,5441,48,home_improvement,single,0,18285.0,own,high_school,1,0,,0.261,0.078,0.03,1,0.751
57,60720.0,6.0,648.0,25229,48,car,divorced,1,8044.0,mortgage,master,6,0,,0.132,0.415,0.159,1,0.704
32,41472.0,4.0,614.0,26513,48,home_improvement,single,1,10692.0,own,bachelor,2,1,107.0,0.258,0.639,0.271,0,0.115
38,45838.0,4.0,775.0,9639,48,medical,divorced,0,20462.0,own,high_school,3,1,70.0,0.446,0.21,0.105,0,0.287
64,55297.0,7.0,622.0,20094,12,home_improvement,married,1,1269.0,own,bachelor,6,0,,0.023,0.363,0.162,1,0.746
26,27611.0,7.0,577.0,6322,72,personal,married,0,14632.0,mortgage,bachelor,5,0,,0.53,0.229,0.157,0,0.325
26,74900.0,5.0,593.0,11574,60,home_improvement,married,1,4739.0,rent,master,4,0,,0.063,0.155,0.134,1,0.735
27,57216.0,3.0,581.0,500,48,car,single,2,33252.0,mortgage,master,2,0,,0.581,0.009,0.111,0,0.312
69,51869.0,3.0,565.0,18601,36,debt_consolidation,married,0,18148.0,mortgage,high_school,7,0,,0.35,0.359,0.189,0,0.468
43,79812.0,3.0,595.0,13971,24,debt_consolidation,single,0,0.0,rent,master,3,0,,0.0,0.175,0.138,1,0.712
58,46997.0,2.0,843.0,8281,60,personal,divorced,0,37267.0,other,high_school,3,0,,0.793,0.176,0.03,0,0.427
52,45439.0,6.0,558.0,14080,36,debt_consolidation,married,0,25026.0,rent,high_school,4,0,,0.551,0.31,0.183,0,0.309
69,37884.0,3.0,531.0,12849,36,debt_consolidation,married,0,0.0,mortgage,high_school,5,0,,0.0,0.339,0.202,0,0.455
42,58577.0,3.0,672.0,6728,36,car,single,0,0.0,mortgage,bachelor,2,0,,0.0,0.115,0.087,1,0.666
43,57711.0,11.0,644.0,18986,48,debt_consolidation,single,0,0.0,mortgage,high_school,2,0,,0.0,0.329,0.144,1,0.754
28,33343.0,4.0,703.0,12021,60,car,married,0,0.0,mortgage,bachelor,5,0,,0.0,0.361,0.121,1,0.64
55,45558.0,10.0,606.0,13657,48,debt_consolidation,single,0,12269.0,mortgage,master,5,0,,0.269,0.3,0.157,0,0.639
19,33510.0,8.0,581.0,500,60,home_improvement,married,0,11234.0,rent,master,2,0,,0.335,0.015,0.112,0,0.439
24,32378.0,3.0,784.0,13744,36,business,married,1,21022.0,mortgage,master,3,0,,0.649,0.424,0.093,0,0.286
35,6753.0,7.0,521.0,13207,48,education,single,0,5339.0,rent,high_school,5,1,62.0,0.79,1.955,0.35,0,0.054
44,44227.0,5.0,679.0,6744,24,home_improvement,married,0,6091.0,own,bachelor,4,0,,0.138,0.152,0.091,1,0.665
51,7445.0,3.0,705.0,20315,48,car,married,1,11688.0,mortgage,master,2,0,,1.57,2.728,0.35,0,0.01
44,38430.0,5.0,,500,48,business,married,0,26888.0,rent,high_school,0,0,,0.7,0.013,0.045,0,0.285
34,34683.0,6.0,626.0,10178,36,medical,married,1,0.0,rent,master,7,0,,0.0,0.293,0.146,1,0.681
60,76297.0,5.0,550.0,18100,36,debt_consolidation,single,3,6154.0,own,high_school,6,0,,0.081,0.237,0.172,1,0.743
61,24627.0,5.0,770.0,35985,60,debt_consolidation,single,0,29780.0,rent,bachelor,6,0,,1.209,1.461,0.307,0,0.064
68,30970.0,2.0,614.0,1343,24,debt_consolidation,married,3,11017.0,rent,bachelor,5,0,,0.356,0.043,0.102,0,0.432
41,40462.0,6.0,772.0,15886,48,debt_consolidation,single,0,5577.0,own,master,2,0,,0.138,0.393,0.093,1,0.628
42,35496.0,5.0,679.0,20479,72,debt_consolidation,married,1,0.0,mortgage,bachelor,3,0,,0.0,0.577,0.176,0,0.505
24,84231.0,4.0,611.0,15633,48,debt_consolidation,married,1,23538.0,own,master,4,0,,0.279,0.186,0.132,1,0.681
69,21536.0,7.0,681.0,2677,60,personal,divorced,0,2780.0,own,high_school,4,0,,0.129,0.124,0.084,1,0.613
23,40515.0,5.0,742.0,10163,60,car,widowed,2,2662.0,other,bachelor,2,0,,0.066,0.251,0.079,1,0.633
41,58302.0,6.0,657.0,500,36,debt_consolidation,married,1,30456.0,other,bachelor,1,0,,0.522,0.009,0.073,0,0.485
50,72030.0,6.0,591.0,15039,36,education,single,0,0.0,mortgage,bachelor,4,0,,0.0,0.209,0.146,1,0.791
66,40494.0,6.0,507.0,841,60,medical,married,0,34471.0,rent,bachelor,9,0,,0.851,0.021,0.151,0,0.337
46,5000.0,3.0,616.0,19557,60,home_improvement,single,0,12536.0,rent,other,6,0,,2.507,3.911,0.35,0,0.01
60,46247.0,5.0,715.0,8466,24,home_improvement,single,1,10368.0,mortgage,high_school,2,0,,0.224,0.183,0.079,1,0.587
39,83801.0,4.0,569.0,7525,36,debt_consolidation,married,0,14281.0,own,high_school,3,0,,0.17,0.09,0.134,1,0.676
43,57055.0,8.0,704.0,16666,36,car,married,1,10312.0,other,other,3,0,,0.181,0.292,0.106,1,0.703
45,55910.0,3.0,652.0,17603,60,home_improvement,single,0,2079.0,own,bachelor,6,0,,0.037,0.315,0.137,1,0.707
67,23425.0,2.0,710.0,23713,48,home_improvement,single,1,15163.0,mortgage,bachelor,4,0,,0.647,1.012,0.247,0,0.107
38,20858.0,1.0,463.0,12386,72,home_improvement,married,1,2652.0,rent,high_school,5,0,,0.127,0.594,0.287,0,0.154
66,50451.0,7.0,536.0,13942,72,education,divorced,1,16421.0,own,high_school,6,0,,0.325,0.276,0.187,1,0.556
24,14341.0,3.0,613.0,1137,60,car,single,1,44688.0,mortgage,high_school,7,1,84.0,3.116,0.079,0.159,0,0.01
34,69534.0,2.0,799.0,29484,60,home_improvement,single,0,19902.0,mortgage,high_school,2,0,,0.286,0.424,0.085,1,0.611
37,28834.0,4.0,590.0,5656,36,debt_consolidation,divorced,0,7170.0,mortgage,bachelor,5,1,85.0,0.249,0.196,0.194,0,0.229
58,49384.0,6.0,640.0,22248,24,education,single,0,13833.0,rent,master,3,0,,0.28,0.451,0.17,0,0.488
66,5000.0,2.0,822.0,22322,48,personal,married,0,5202.0,mortgage,master,4,0,,1.04,4.464,0.35,0,0.01
37,40155.0,7.0,684.0,18999,36,business,married,0,7243.0,own,high_school,6,0,,0.18,0.473,0.153,1,0.625
39,20353.0,4.0,719.0,12626,36,personal,single,1,8324.0,rent,high_school,1,0,,0.409,0.62,0.164,0,0.186
45,5000.0,10.0,599.0,11373,60,debt_consolidation,married,0,17129.0,own,bachelor,7,0,,3.425,2.274,0.35,0,0.02
57,63546.0,8.0,744.0,14359,48,debt_consolidation,married,3,23602.0,mortgage,high_school,3,0,,0.371,0.226,0.073,1,0.733
66,91029.0,6.0,757.0,500,60,car,single,0,41638.0,own,master,1,0,,0.457,0.005,0.03,1,0.76
24,78237.0,7.0,690.0,14739,36,debt_consolidation,single,2,19727.0,mortgage,bachelor,5,0,,0.252,0.188,0.093,1,0.832
18,67042.0,3.0,643.0,29858,36,debt_consolidation,married,0,0.0,own,other,6,0,,0.0,0.445,0.168,0,0.729
49,,4.0,695.0,12741,48,home_improvement,single,0,0.0,own,high_school,5,0,,0.0,0.255,0.117,0,0.683
30,70147.0,8.0,520.0,14673,72,debt_consolidation,married,1,8993.0,rent,high_school,4,0,,0.128,0.209,0.182,1,0.666
47,80596.0,5.0,737.0,4759,60,debt_consolidation,divorced,1,25006.0,own,high_school,7,1,32.0,0.31,0.059,0.093,1,0.742
40,53421.0,4.0,582.0,16857,36,personal,divorced,0,6881.0,rent,high_school,3,0,,0.129,0.316,0.172,0,0.462
68,20391.0,4.0,628.0,7220,36,debt_consolidation,single,2,7113.0,rent,bachelor,3,0,,0.349,0.354,0.157,0,0.273
36,37515.0,5.0,755.0,23499,72,debt_consolidation,single,1,23498.0,rent,phd,4,0,,0.626,0.626,0.148,0,0.33
49,92567.0,5.0,738.0,26413,24,debt_consolidation,single,1,9598.0,rent,high_school,3,0,,0.104,0.285,0.088,1,0.853
47,48131.0,4.0,520.0,28596,36,personal,divorced,0,25516.0,rent,high_school,1,0,,0.53,0.594,0.259,0,0.107
46,5000.0,3.0,574.0,565,36,medical,single,0,0.0,own,high_school,5,0,,0.0,0.113,0.136,0,0.389
66,13277.0,6.0,701.0,22227,48,debt_consolidation,single,2,17151.0,rent,bachelor,3,0,,1.292,1.674,0.35,0,0.031
62,39389.0,8.0,511.0,21470,48,debt_consolidation,married,1,0.0,rent,bachelor,2,0,,0.0,0.545,0.254,0,0.365
18,75896.0,5.0,764.0,101357,24,medical,married,0,14000.0,other,bachelor,1,0,,0.184,1.335,0.047,1,0.734
47,43172.0,5.0,659.0,26927,48,debt_consolidation,single,1,23510.0,own,bachelor,5,0,,0.545,0.624,0.195,0,0.323
33,76361.0,3.0,763.0,19144,24,personal,single,1,0.0,own,bachelor,3,0,,0.0,0.251,0.069,1,0.812
57,36846.0,5.0,590.0,28731,48,car,married,0,0.0,rent,bachelor,2,0,,0.0,0.78,0.261,0,0.279
36,5000.0,5.0,598.0,2324,48,debt_consolidation,married,2,22765.0,own,master,8,1,7.0,4.552,0.465,0.244,0,0.02
35,37711.0,10.0,733.0,7859,48,personal,married,0,16741.0,own,bachelor,2,0,,0.444,0.208,0.075,1,0.563
18,58624.0,4.0,626.0,15937,24,debt_consolidation,single,1,0.0,own,high_school,4,0,,0.0,0.272,0.141,1,0.68
31,56549.0,4.0,551.0,26726,48,debt_consolidation,single,2,13665.0,rent,high_school,2,0,,0.242,0.473,0.219,0,0.314
68,18622.0,9.0,695.0,19548,48,debt_consolidation,married,0,1878.0,mortgage,high_school,7,0,,0.101,1.05,0.262,0,0.479
64,41220.0,5.0,523.0,5517,48,business,married,3,7313.0,mortgage,bachelor,8,0,,0.177,0.134,0.165,1,0.593
67,117117.0,4.0,765.0,32763,48,debt_consolidation,single,1,5975.0,mortgage,bachelor,6,1,23.0,0.051,0.28,0.124,1,0.871
19,19168.0,2.0,,12053,48,home_improvement,single,0,0.0,rent,high_school,5,1,32.0,0.0,0.629,0.243,0,0.192
45,66518.0,4.0,579.0,5837,12,debt_consolidation,married,0,23516.0,mortgage,master,4,0,,0.354,0.088,0.128,1,0.558
66,5000.0,4.0,742.0,7249,24,personal,married,0,0.0,rent,bachelor,5,0,,0.0,1.45,0.319,0,0.193
67,71595.0,5.0,743.0,1678,36,debt_consolidation,single,1,11390.0,mortgage,high_school,4,0,,0.159,0.023,0.033,1,0.86
47,27692.0,2.0,650.0,500,60,debt_consolidation,married,1,19781.0,own,master,6,0,,0.714,0.018,0.079,0,0.341
55,60052.0,8.0,832.0,13834,48,car,widowed,1,0.0,own,bachelor,3,0,,0.0,0.23,0.03,1,0.882
68,17712.0,3.0,830.0,500,60,medical,married,0,5877.0,own,high_school,7,0,,0.332,0.028,0.03,1,0.704
21,57271.0,5.0,676.0,18137,60,personal,single,1,2369.0,mortgage,other,7,0,,0.041,0.317,0.125,1,0.792
18,27284.0,4.0,735.0,24843,60,debt_consolidation,married,0,35867.0,mortgage,high_school,4,1,7.0,1.315,0.911,0.265,0,0.038
25,32124.0,5.0,755.0,18766,36,personal,single,1,23723.0,rent,master,4,1,10.0,0.738,0.584,0.189,0,0.112
46,61050.0,7.0,559.0,15440,36,home_improvement,single,2,21398.0,mortgage,other,2,0,,0.35,0.253,0.171,0,0.428
56,39240.0,6.0,673.0,500,60,debt_consolidation,married,1,43156.0,mortgage,bachelor,12,0,,1.1,0.013,0.066,1,0.577
20,59510.0,7.0,595.0,23460,36,personal,married,2,15282.0,rent,bachelor,4,0,,0.257,0.394,0.181,1,0.532
49,45229.0,3.0,584.0,34466,48,car,divorced,0,4961.0,rent,master,3,0,,0.11,0.762,0.26,0,0.261
27,51687.0,8.0,660.0,29083,36,education,single,0,0.0,mortgage,high_school,4,0,,0.0,0.563,0.183,1,0.708
27,61127.0,3.0,666.0,1695,72,personal,single,1,0.0,own,high_school,3,0,,0.0,0.028,0.073,1,0.733
36,41250.0,6.0,521.0,14220,48,car,divorced,2,12389.0,mortgage,bachelor,4,0,,0.3,0.345,0.209,0,0.327
63,25099.0,6.0,677.0,12173,36,debt_consolidation,single,0,23971.0,own,master,4,0,,0.955,0.485,0.158,0,0.164
51,36692.0,6.0,630.0,11020,60,personal,single,1,192.0,other,bachelor,5,0,,0.005,0.3,0.145,1,0.636
50,79878.0,3.0,762.0,15271,36,debt_consolidation,married,2,33755.0,mortgage,other,9,0,,0.423,0.191,0.057,1,0.875
40,52904.0,1.0,743.0,36651,72,car,widowed,0,0.0,rent,high_school,4,0,,0.0,0.693,0.167,0,0.55
45,28878.0,6.0,582.0,16074,36,debt_consolidation,married,1,4368.0,rent,master,5,0,,0.151,0.557,0.22,0,0.394
49,60039.0,5.0,755.0,10557,60,debt_consolidation,single,0,16057.0,own,master,2,0,,0.267,0.176,0.058,1,0.691
67,61708.0,2.0,693.0,17979,36,medical,married,2,11968.0,rent,bachelor,5,0,,0.194,0.291,0.112,1,0.627
24,63000.0,4.0,633.0,1867,60,home_improvement,widowed,0,17151.0,own,other,4,0,,0.272,0.03,0.09,0,0.656
46,25554.0,10.0,609.0,7839,60,education,married,2,11928.0,mortgage,high_school,1,0,,0.467,0.307,0.157,0,0.325
25,32940.0,3.0,558.0,24862,60,personal,single,1,19723.0,mortgage,other,5,0,,0.599,0.755,0.272,0,0.114
18,33079.0,11.0,553.0,16883,60,debt_consolidation,married,0,6341.0,mortgage,master,5,0,,0.192,0.51,0.226,0,0.498
20,40984.0,2.0,504.0,36017,24,car,married,0,5491.0,rent,high_school,6,0,,0.134,0.879,0.324,0,0.206
41,63473.0,3.0,652.0,17677,72,business,married,0,0.0,mortgage,bachelor,5,0,,0.0,0.278,0.13,1,0.71
40,57405.0,3.0,485.0,2542,48,medical,married,1,42606.0,own,bachelor,2,1,101.0,0.742,0.044,0.216,0,0.046
25,59380.0,2.0,581.0,500,60,car,single,1,8823.0,rent,high_school,7,0,,0.149,0.008,0.111,1,0.7
64,83850.0,3.0,703.0,25016,60,home_improvement,married,0,16533.0,own,high_school,3,0,,0.197,0.298,0.108,1,0.711
54,67222.0,6.0,769.0,4585,36,home_improvement,married,0,6830.0,mortgage,high_school,2,0,,0.102,0.068,0.03,1,0.83
20,46455.0,6.0,558.0,3689,48,home_improvement,single,1,33878.0,own,bachelor,2,0,,0.729,0.079,0.137,0,0.237
68,20403.0,,699.0,9850,24,debt_consolidation,single,0,9832.0,other,bachelor,7,0,,0.482,0.483,0.147,0,0.466
50,32136.0,3.0,625.0,24963,60,medical,single,2,14912.0,mortgage,phd,5,0,,0.464,0.777,0.243,0,0.164
45,43457.0,5.0,609.0,11323,48,debt_consolidation,married,2,0.0,own,high_school,1,0,,0.0,0.261,0.148,1,0.492
64,70728.0,2.0,662.0,6584,36,personal,married,2,36407.0,rent,bachelor,3,0,,0.515,0.093,0.088,1,0.489
25,49317.0,5.0,598.0,27126,72,business,married,1,13255.0,rent,high_school,7,0,,0.269,0.55,0.211,0,0.485
51,33595.0,4.0,643.0,25419,72,debt_consolidation,married,1,36953.0,mortgage,bachelor,8,0,,1.1,0.757,0.23,0,0.138
52,31678.0,1.0,656.0,31671,60,debt_consolidation,married,0,989.0,own,master,4,0,,0.031,1.0,0.272,0,0.255
49,48261.0,3.0,743.0,28513,60,medical,divorced,0,3370.0,own,bachelor,2,0,,0.07,0.591,0.147,0,0.477
41,72250.0,3.0,760.0,25589,60,medical,single,0,2093.0,own,high_school,4,0,,0.029,0.354,0.091,1,0.77
31,89775.0,8.0,602.0,7488,60,personal,married,1,5745.0,mortgage,bachelor,4,0,,0.064,0.083,0.116,1,0.848
49,44856.0,10.0,628.0,21590,24,debt_consolidation,married,2,20058.0,rent,high_school,1,0,,0.447,0.481,0.182,0,0.349
63,48881.0,4.0,714.0,27146,72,debt_consolidation,single,0,0.0,own,bachelor,2,0,,0.0,0.555,0.154,0,0.557
60,19651.0,5.0,636.0,33558,60,personal,single,0,9276.0,mortgage,high_school,2,0,,0.472,1.708,0.35,0,0.032
33,98480.0,6.0,707.0,16711,60,debt_consolidation,single,2,0.0,rent,high_school,2,0,,0.0,0.17,0.08,1,0.888
21,14975.0,3.0,722.0,10080,72,medical,married,0,0.0,mortgage,bachelor,4,0,,0.0,0.673,0.174,1,0.373
69,79292.0,11.0,732.0,6159,48,debt_consolidation,married,0,17024.0,mortgage,master,9,0,,0.215,0.078,0.05,1,0.973
54,40867.0,5.0,657.0,24794,48,business,married,0,14500.0,rent,bachelor,6,1,4.0,0.355,0.607,0.243,0,0.201
38,35016.0,5.0,557.0,8333,72,debt_consolidation,single,2,22946.0,mortgage,high_school,2,0,,0.655,0.238,0.169,0,0.181
31,22250.0,3.0,637.0,16072,48,medical,single,1,15811.0,mortgage,high_school,9,0,,0.711,0.722,0.226,0,0.182
48,110251.0,7.0,609.0,6197,48,car,divorced,1,12696.0,mortgage,other,6,1,110.0,0.115,0.056,0.157,1,0.792
65,55537.0,2.0,712.0,13411,36,personal,single,0,1621.0,own,master,6,0,,0.029,0.241,0.092,1,0.76
35,50532.0,5.0,772.0,19390,48,debt_consolidation,married,0,0.0,other,high_school,2,0,,0.0,0.384,0.091,1,0.716
24,72168.0,4.0,774.0,17693,60,debt_consolidation,single,1,18987.0,rent,master,3,0,,0.263,0.245,0.062,1,0.755
27,33729.0,6.0,721.0,22379,48,debt_consolidation,single,1,6162.0,own,other,4,0,,0.183,0.663,0.172,0,0.491
24,50046.0,4.0,575.0,1259,48,personal,divorced,0,15988.0,rent,high_school,1,0,,0.319,0.025,0.118,0,0.37
50,51408.0,5.0,762.0,13835,36,car,widowed,0,9932.0,own,bachelor,6,0,,0.193,0.269,0.073,1,0.777
40,37196.0,3.0,684.0,10298,48,car,single,0,0.0,mortgage,bachelor,3,0,,0.0,0.277,0.113,1,0.562
38,79991.0,5.0,584.0,5176,72,debt_consolidation,single,1,17253.0,mortgage,high_school,7,0,,0.216,0.065,0.121,1,0.815
36,44534.0,6.0,719.0,7505,12,home_improvement,single,2,612.0,mortgage,high_school,4,0,,0.014,0.169,0.074,1,0.773
65,11172.0,3.0,632.0,6059,24,home_improvement,single,1,22963.0,rent,bachelor,7,0,,2.055,0.542,0.192,0,0.022
36,42463.0,7.0,494.0,18499,24,debt_consolidation,married,0,0.0,mortgage,master,5,0,,0.0,0.436,0.24,1,0.495
53,56229.0,4.0,572.0,19001,72,business,married,1,38486.0,rent,master,2,0,,0.684,0.338,0.182,0,0.179
46,27663.0,2.0,645.0,23756,60,debt_consolidation,married,0,1060.0,rent,high_school,5,0,,0.038,0.859,0.249,0,0.319
35,29635.0,12.0,642.0,18281,72,education,married,0,17068.0,mortgage,bachelor,4,0,,0.576,0.617,0.202,0,0.38
19,36344.0,4.0,565.0,16588,48,personal,single,0,0.0,rent,bachelor,2,0,,0.0,0.456,0.209,0,0.332
18,80531.0,2.0,710.0,15789,48,personal,married,0,1350.0,rent,bachelor,3,0,,0.017,0.196,0.084,1,0.774
64,37821.0,7.0,692.0,21757,60,medical,married,0,20279.0,mortgage,master,7,0,,0.536,0.575,0.169,0,0.442
22,85728.0,1.0,535.0,500,36,debt_consolidation,married,1,6970.0,mortgage,bachelor,5,0,,0.081,0.006,0.134,1,0.721
37,34626.0,0.0,850.0,14409,36,education,divorced,0,8011.0,mortgage,high_school,3,0,,0.231,0.416,0.058,1,0.564
28,58125.0,3.0,553.0,18172,48,debt_consolidation,married,0,22742.0,own,high_school,4,0,,0.391,0.313,0.186,1,0.361
59,38844.0,10.0,,32896,36,debt_consolidation,married,1,12834.0,rent,bachelor,7,0,,0.33,0.847,0.263,1,0.465
19,68852.0,2.0,680.0,3884,36,education,divorced,0,16724.0,rent,bachelor,3,0,,0.243,0.056,0.071,1,0.697
20,,9.0,614.0,3531,24,personal,married,1,629.0,mortgage,bachelor,1,0,,0.013,0.071,0.125,1,0.495
40,,3.0,766.0,500,36,debt_consolidation,married,1,19998.0,rent,bachelor,3,0,,0.4,0.01,0.03,1,0.772
29,52847.0,6.0,636.0,1092,36,debt_consolidation,single,0,11674.0,mortgage,master,3,0,,0.221,0.021,0.086,1,0.657
37,34000.0,5.0,576.0,13487,60,car,married,0,,rent,bachelor,7,1,11.0,,0.397,0.241,0,0.163
22,45844.0,3.0,699.0,7760,36,debt_consolidation,single,1,15457.0,mortgage,other,4,0,,0.337,0.169,0.084,1,0.558
54,88346.0,8.0,418.0,7546,36,education,married,0,26943.0,rent,high_school,4,0,,0.305,0.085,0.208,1,0.621
55,53446.0,4.0,693.0,15229,24,debt_consolidation,married,1,17572.0,rent,master,8,0,,0.329,0.285,0.11,1,0.727
47,32432.0,5.0,753.0,20823,48,debt_consolidation,married,1,0.0,mortgage,high_school,3,0,,0.0,0.642,0.152,0,0.558
26,19883.0,4.0,465.0,15125,48,car,married,4,1083.0,rent,bachelor,2,0,,0.054,0.761,0.32,0,0.11
51,62635.0,4.0,618.0,15267,60,personal,married,1,13395.0,own,bachelor,4,0,,0.214,0.244,0.14,1,0.578
61,54896.0,3.0,518.0,19036,60,medical,single,1,15976.0,mortgage,bachelor,7,1,111.0,0.291,0.347,0.26,0,0.203
52,,5.0,651.0,500,36,personal,married,0,0.0,mortgage,other,2,0,,0.0,0.01,0.076,1,0.755
69,13444.0,3.0,829.0,16290,24,debt_consolidation,married,1,0.0,rent,high_school,1,0,,0.0,1.212,0.228,0,0.245
39,20693.0,7.0,668.0,14251,36,personal,married,2,26403.0,mortgage,bachelor,5,0,,1.276,0.689,0.204,0,0.069
61,78672.0,2.0,633.0,14929,72,home_improvement,single,1,39487.0,mortgage,master,1,1,82.0,0.502,0.19,0.172,0,0.195
41,58284.0,7.0,424.0,9159,60,personal,married,4,0.0,mortgage,high_school,4,0,,0.0,0.157,0.219,0,0.529
34,63335.0,4.0,562.0,12945,12,home_improvement,married,0,13873.0,mortgage,other,3,0,,0.219,0.204,0.16,1,0.493
27,25933.0,3.0,639.0,19026,24,debt_consolidation,single,0,10718.0,mortgage,bachelor,2,0,,0.413,0.734,0.227,0,0.152
18,25475.0,3.0,657.0,101357,48,debt_consolidation,married,1,25171.0,mortgage,master,3,1,80.0,0.988,3.979,0.35,0,0.031
63,74781.0,8.0,677.0,500,36,car,single,1,17446.0,rent,bachelor,7,0,,0.233,0.007,0.063,1,0.888
40,75959.0,10.0,711.0,20718,60,debt_consolidation,married,0,22436.0,other,bachelor,3,0,,0.295,0.273,0.099,1,0.802
49,22792.0,5.0,578.0,27179,48,personal,married,0,0.0,rent,high_school,4,0,,0.0,1.192,0.349,0,0.171
34,18016.0,8.0,,2294,48,debt_consolidation,married,0,9893.0,other,master,1,0,,0.549,0.127,0.099,0,0.29
67,47285.0,1.0,610.0,13206,48,debt_consolidation,married,1,0.0,rent,high_school,2,1,97.0,0.0,0.279,0.201,0,0.236
68,30016.0,6.0,575.0,17758,36,debt_consolidation,single,0,0.0,own,bachelor,3,0,,0.0,0.592,0.231,0,0.371
34,29496.0,2.0,580.0,35089,48,debt_consolidation,married,1,0.0,mortgage,high_school,5,0,,0.0,1.19,0.348,0,0.193
31,18716.0,4.0,693.0,36733,60,medical,single,0,13426.0,rent,high_school,5,0,,0.717,1.963,0.35,0,0.01
26,38289.0,4.0,445.0,2293,36,car,married,1,15002.0,rent,high_school,7,0,,0.392,0.06,0.19,0,0.351
57,21133.0,8.0,502.0,11978,48,personal,single,1,19464.0,mortgage,master,7,0,,0.921,0.567,0.262,0,0.11
19,22615.0,7.0,850.0,16995,60,debt_consolidation,married,0,3954.0,mortgage,bachelor,5,0,,0.175,0.751,0.125,1,0.633
62,57460.0,4.0,597.0,20565,24,personal,married,1,30762.0,rent,bachelor,6,0,,0.535,0.358,0.173,0,0.408
42,48620.0,7.0,768.0,17008,48,debt_consolidation,married,1,0.0,own,master,5,0,,0.0,0.35,0.086,1,0.841
56,62122.0,5.0,645.0,5519,36,personal,married,0,0.0,own,bachelor,1,0,,0.0,0.089,0.095,1,0.668
26,8774.0,7.0,,5077,60,debt_consolidation,single,0,13282.0,rent,high_school,2,0,,1.514,0.579,0.213,0,0.039
39,50247.0,3.0,703.0,500,12,medical,married,2,0.0,own,bachelor,5,0,,0.0,0.01,0.05,1,0.772
60,101891.0,4.0,656.0,500,60,car,married,1,17977.0,rent,other,8,0,,0.176,0.005,0.073,1,0.916
63,,8.0,636.0,500,24,home_improvement,single,1,134.0,rent,high_school,5,0,,0.003,0.01,0.084,1,0.796
21,70619.0,7.0,646.0,26615,24,debt_consolidation,single,0,1316.0,mortgage,bachelor,5,0,,0.019,0.377,0.152,1,0.801
43,70400.0,2.0,682.0,22103,60,education,married,0,98.0,mortgage,bachelor,3,0,,0.001,0.314,0.122,1,0.728
46,71630.0,2.0,595.0,20533,48,debt_consolidation,single,0,0.0,own,bachelor,3,0,,0.0,0.287,0.16,1,0.613
62,54167.0,6.0,611.0,12773,60,car,single,0,9971.0,rent,other,4,0,,0.184,0.236,0.142,1,0.595
51,64152.0,8.0,572.0,14585,48,education,single,0,13588.0,mortgage,bachelor,10,0,,0.212,0.227,0.159,1,0.874
40,67475.0,4.0,553.0,12313,48,medical,single,0,0.0,mortgage,high_school,0,0,,0.0,0.182,0.16,0,0.465
54,65886.0,6.0,798.0,500,60,personal,single,3,0.0,own,other,3,1,105.0,0.0,0.008,0.053,1,0.749
28,22065.0,8.0,577.0,21477,36,debt_consolidation,married,0,17480.0,own,bachelor,4,0,,0.792,0.973,0.306,0,0.092
23,7315.0,6.0,730.0,23527,12,debt_consolidation,single,1,15819.0,other,high_school,3,0,,2.162,3.216,0.35,0,0.02
35,11160.0,4.0,622.0,3497,36,debt_consolidation,single,1,20719.0,mortgage,high_school,1,0,,1.856,0.313,0.152,0,0.03
38,43246.0,6.0,693.0,3488,36,medical,single,1,0.0,mortgage,master,5,0,,0.0,0.081,0.07,1,0.773
59,64848.0,6.0,650.0,18518,36,personal,married,3,0.0,mortgage,high_school,5,0,,0.0,0.286,0.132,1,0.778
53,22390.0,4.0,507.0,18429,72,personal,married,0,,rent,bachelor,1,0,,,0.823,0.311,0,0.018
58,73099.0,4.0,652.0,22327,60,personal,married,0,23441.0,rent,high_school,4,0,,0.321,0.305,0.135,1,0.596
55,37443.0,5.0,698.0,29136,72,personal,married,0,3863.0,mortgage,other,0,0,,0.103,0.778,0.207,0,0.282
51,37681.0,9.0,574.0,4421,72,personal,married,0,0.0,own,master,5,0,,0.0,0.117,0.136,1,0.707
34,29097.0,5.0,836.0,14180,48,home_improvement,single,0,0.0,own,bachelor,3,0,,0.0,0.487,0.079,1,0.685
54,5000.0,6.0,715.0,4995,36,personal,single,0,0.0,rent,bachelor,3,0,,0.0,0.999,0.242,0,0.264
42,55733.0,9.0,716.0,5715,48,business,single,1,21969.0,mortgage,master,7,0,,0.394,0.103,0.063,1,0.81
55,92817.0,3.0,724.0,10702,60,debt_consolidation,single,1,20694.0,mortgage,other,4,1,78.0,0.223,0.115,0.111,1,0.648
29,48433.0,10.0,463.0,29404,48,debt_consolidation,single,2,11220.0,own,master,7,0,,0.232,0.607,0.29,0,0.464
40,5000.0,7.0,706.0,26048,48,debt_consolidation,married,1,0.0,mortgage,master,1,0,,0.0,5.209,0.35,0,0.02
59,695090.0,6.0,832.0,14252,24,business,single,1,0.0,rent,bachelor,4,0,,0.0,0.021,0.03,1,0.891
39,9380.0,5.0,711.0,500,48,education,divorced,0,766.0,own,bachelor,2,1,21.0,0.082,0.053,0.105,0,0.325
38,19774.0,5.0,629.0,18928,36,debt_consolidation,married,0,0.0,own,master,6,0,,0.0,0.957,0.277,0,0.353
44,44042.0,9.0,561.0,18697,36,medical,widowed,0,13399.0,mortgage,master,3,0,,0.304,0.425,0.205,0,0.367
48,53071.0,7.0,553.0,5664,60,debt_consolidation,single,2,21436.0,own,master,6,0,,0.404,0.107,0.145,1,0.584
23,24783.0,7.0,543.0,23307,24,personal,married,1,21908.0,own,high_school,3,0,,0.884,0.94,0.316,0,0.044
44,43067.0,5.0,618.0,5472,72,business,married,0,0.0,rent,bachelor,2,0,,0.0,0.127,0.116,1,0.563
57,67879.0,2.0,565.0,23277,12,personal,divorced,1,1034.0,rent,bachelor,5,0,,0.015,0.343,0.186,1,0.592
51,71304.0,5.0,638.0,17411,72,debt_consolidation,married,0,1702.0,mortgage,master,2,0,,0.024,0.244,0.13,1,0.696
29,81286.0,4.0,666.0,500,48,personal,married,1,25287.0,rent,high_school,6,0,,0.311,0.006,0.068,1,0.806
62,97735.0,7.0,512.0,11385,60,debt_consolidation,single,0,0.0,rent,master,4,0,,0.0,0.116,0.167,1,0.823
24,70247.0,3.0,589.0,16447,36,home_improvement,single,0,9956.0,own,high_school,6,0,,0.142,0.234,0.152,0,0.681
27,44582.0,3.0,604.0,18002,60,home_improvement,single,1,0.0,rent,bachelor,2,1,109.0,0.0,0.404,0.229,0,0.214
62,71483.0,6.0,,25332,60,education,divorced,0,7127.0,own,bachelor,6,0,,0.1,0.354,0.17,1,0.782
34,61668.0,3.0,651.0,26578,24,personal,single,2,20408.0,own,bachelor,2,0,,0.331,0.431,0.161,0,0.381
43,62659.0,5.0,660.0,12614,24,car,single,1,,rent,bachelor,2,0,,,0.201,0.11,1,0.65
38,54430.0,3.0,616.0,20593,36,personal,divorced,0,0.0,rent,other,6,0,,0.0,0.378,0.168,0,0.646
45,27199.0,8.0,596.0,31079,36,debt_consolidation,single,1,21215.0,rent,high_school,0,0,,0.78,1.143,0.331,0,0.057
63,24298.0,3.0,648.0,4813,24,home_improvement,married,0,11949.0,own,bachelor,6,0,,0.492,0.198,0.116,0,0.375
19,47572.0,7.0,765.0,8920,60,car,married,0,17234.0,mortgage,high_school,5,0,,0.362,0.188,0.055,0,0.732
60,53723.0,5.0,534.0,500,36,debt_consolidation,single,1,13970.0,rent,master,6,0,,0.26,0.009,0.135,1,0.621
18,33014.0,6.0,741.0,8686,60,personal,single,0,0.0,mortgage,bachelor,4,0,,0.0,0.263,0.082,1,0.719
68,60584.0,4.0,519.0,17058,60,medical,married,0,29577.0,mortgage,bachelor,5,0,,0.488,0.282,0.197,0,0.321
53,102019.0,6.0,679.0,500,60,home_improvement,widowed,1,7016.0,rent,master,2,0,,0.069,0.005,0.062,1,0.882
68,6392.0,7.0,734.0,19370,24,business,married,0,22637.0,mortgage,bachelor,4,0,,3.541,3.03,0.35,0,0.01
43,64556.0,10.0,544.0,10277,48,home_improvement,single,2,4748.0,mortgage,high_school,5,0,,0.074,0.159,0.16,1,0.771
46,48351.0,7.0,678.0,14373,36,debt_consolidation,single,0,18486.0,mortgage,other,2,0,,0.382,0.297,0.12,0,0.49
38,61266.0,6.0,566.0,3311,36,car,single,2,25162.0,mortgage,bachelor,6,0,,0.411,0.054,0.128,0,0.611
28,39232.0,4.0,744.0,13977,36,education,married,0,23237.0,rent,bachelor,1,0,,0.592,0.356,0.099,0,0.33
57,46349.0,6.0,522.0,31792,72,personal,single,0,11581.0,rent,bachelor,2,0,,0.25,0.686,0.276,0,0.204
28,53238.0,2.0,579.0,11002,60,debt_consolidation,single,1,4907.0,own,master,3,1,71.0,0.092,0.207,0.202,0,0.263
53,42459.0,2.0,661.0,500,24,car,married,0,0.0,rent,high_school,5,0,,0.0,0.012,0.072,1,0.705
66,11986.0,3.0,707.0,27138,48,debt_consolidation,married,0,0.0,rent,high_school,5,0,,0.0,2.264,0.35,0,0.078
56,44152.0,9.0,657.0,20424,36,debt_consolidation,single,4,26746.0,mortgage,bachelor,4,0,,0.606,0.463,0.164,0,0.404
57,14589.0,4.0,690.0,15940,72,education,married,0,0.0,own,bachelor,4,0,,0.0,1.093,0.274,0,0.294
52,66330.0,7.0,606.0,20681,72,debt_consolidation,married,1,22063.0,own,high_school,8,1,58.0,0.333,0.312,0.209,0,0.509
51,5000.0,8.0,563.0,15825,36,medical,married,0,23716.0,rent,bachelor,5,0,,4.742,3.164,0.35,0,0.01
64,75716.0,6.0,767.0,31433,36,car,married,0,16830.0,rent,high_school,4,0,,0.222,0.415,0.1,1,0.777
41,60739.0,3.0,690.0,22520,48,debt_consolidation,married,1,15868.0,rent,master,3,0,,0.261,0.371,0.129,1,0.542
39,60835.0,6.0,611.0,10436,48,home_improvement,married,0,0.0,mortgage,bachelor,2,0,,0.0,0.172,0.129,0,0.666
22,5000.0,,518.0,29920,36,debt_consolidation,married,3,0.0,other,high_school,4,0,,0.0,5.983,0.35,0,0.02
50,41785.0,7.0,748.0,33200,60,personal,married,0,119.0,own,high_school,5,0,,0.003,0.795,0.185,0,0.648
53,78839.0,6.0,751.0,24104,36,debt_consolidation,married,0,34792.0,rent,master,3,0,,0.441,0.306,0.086,1,0.708
64,37035.0,2.0,633.0,19069,60,debt_consolidation,married,2,30622.0,mortgage,master,4,0,,0.827,0.515,0.186,0,0.144
37,23048.0,1.0,597.0,6459,36,education,married,0,10558.0,mortgage,master,3,0,,0.458,0.28,0.158,0,0.219
36,34083.0,2.0,629.0,21857,60,personal,single,0,29416.0,mortgage,high_school,6,0,,0.863,0.641,0.214,0,0.123
52,48293.0,5.0,633.0,18880,60,personal,single,3,0.0,mortgage,other,5,0,,0.0,0.391,0.162,1,0.641
69,28716.0,4.0,,14732,48,debt_consolidation,married,1,4459.0,own,bachelor,2,0,,0.155,0.513,0.147,0,0.395
60,80845.0,5.0,559.0,21993,60,debt_consolidation,single,1,33809.0,mortgage,high_school,6,0,,0.418,0.272,0.175,0,0.611
34,48383.0,8.0,603.0,15871,48,education,single,3,41533.0,rent,bachelor,2,0,,0.858,0.328,0.164,0,0.249
62,36111.0,4.0,635.0,20488,24,personal,married,0,21574.0,mortgage,bachelor,9,0,,0.597,0.567,0.196,1,0.366
60,17466.0,6.0,671.0,25358,36,home_improvement,single,0,0.0,mortgage,high_school,4,0,,0.0,1.452,0.35,0,0.191
51,62111.0,3.0,719.0,1689,36,home_improvement,married,0,30243.0,mortgage,master,7,0,,0.487,0.027,0.046,1,0.739
26,61542.0,4.0,675.0,4753,24,debt_consolidation,married,0,5983.0,own,master,6,0,,0.097,0.077,0.078,1,0.822
43,30195.0,,790.0,5878,60,debt_consolidation,single,0,20839.0,mortgage,high_school,3,0,,0.69,0.195,0.044,0,0.49
19,5000.0,5.0,571.0,34400,36,car,single,1,11487.0,mortgage,master,2,0,,2.297,6.879,0.35,0,0.01
26,,7.0,767.0,21335,24,debt_consolidation,single,0,25098.0,rent,bachelor,4,0,,0.502,0.427,0.087,1,0.698
26,45330.0,2.0,574.0,22266,60,debt_consolidation,single,1,10701.0,mortgage,bachelor,4,0,,0.236,0.491,0.211,0,0.316
57,58402.0,5.0,618.0,26294,60,debt_consolidation,single,1,50934.0,mortgage,master,4,0,,0.872,0.45,0.181,0,0.235
34,98929.0,10.0,681.0,4533,48,home_improvement,single,1,24477.0,mortgage,bachelor,3,0,,0.247,0.046,0.069,1,0.893
18,49329.0,4.0,744.0,500,36,debt_consolidation,married,2,0.0,rent,bachelor,4,0,,0.0,0.01,0.03,1,0.831
42,37154.0,5.0,619.0,14371,36,home_improvement,married,0,0.0,mortgage,high_school,7,0,,0.0,0.387,0.168,0,0.661
60,21317.0,3.0,681.0,23976,48,personal,married,0,0.0,own,bachelor,3,0,,0.0,1.125,0.285,0,0.205
57,42189.0,3.0,625.0,13024,60,debt_consolidation,married,1,18924.0,mortgage,bachelor,7,0,,0.449,0.309,0.149,1,0.464
59,54014.0,8.0,466.0,1301,36,education,single,0,24436.0,other,bachelor,4,0,,0.452,0.024,0.172,0,0.46
42,51333.0,,,5948,48,personal,single,1,0.0,mortgage,bachelor,3,0,,0.0,0.116,0.1,0,0.643
56,93087.0,7.0,551.0,3207,72,debt_consolidation,single,0,28316.0,mortgage,bachelor,10,0,,0.304,0.034,0.131,1,0.903
52,62477.0,8.0,752.0,8876,48,debt_consolidation,divorced,0,,rent,bachelor,4,0,,,0.142,0.052,1,0.834
20,46630.0,4.0,752.0,3406,48,debt_consolidation,married,0,34259.0,other,bachelor,4,0,,0.735,0.073,0.039,0,0.49
67,32336.0,5.0,583.0,16468,60,education,single,1,0.0,other,high_school,2,0,,0.0,0.509,0.21,0,0.389
54,56667.0,6.0,571.0,9524,60,car,married,2,14360.0,rent,high_school,0,0,,0.253,0.168,0.148,0,0.385
61,27325.0,1.0,600.0,21334,48,debt_consolidation,divorced,4,14246.0,own,bachelor,3,0,,0.521,0.781,0.256,0,0.106
61,54496.0,2.0,693.0,5235,60,personal,married,2,0.0,own,high_school,1,0,,0.0,0.096,0.073,1,0.617
68,62185.0,,693.0,17553,48,medical,married,1,0.0,rent,high_school,2,0,,0.0,0.282,0.11,0,0.63
47,44589.0,4.0,850.0,14624,60,debt_consolidation,single,0,23970.0,rent,high_school,7,0,,0.538,0.328,0.041,1,0.719
55,34243.0,4.0,625.0,18960,72,business,single,0,13437.0,own,high_school,3,0,,0.392,0.554,0.198,0,0.221
51,5000.0,4.0,657.0,20367,48,debt_consolidation,married,2,15909.0,other,bachelor,5,0,,3.181,4.073,0.35,0,0.02
29,78596.0,3.0,805.0,21436,48,education,married,1,30441.0,rent,bachelor,0,0,,0.387,0.273,0.052,0,0.652
36,60083.0,5.0,673.0,23308,48,debt_consolidation,married,0,9404.0,mortgage,high_school,4,0,,0.157,0.388,0.141,1,0.651
54,60690.0,5.0,563.0,20423,60,medical,single,4,,mortgage,high_school,2,0,,,0.337,0.186,0,0.374
61,10966.0,2.0,677.0,17979,60,debt_consolidation,divorced,0,15286.0,mortgage,high_school,2,0,,1.394,1.639,0.35,0,0.024
66,84496.0,6.0,706.0,8333,12,car,married,0,15685.0,rent,bachelor,3,0,,0.186,0.099,0.067,1,0.817
34,38370.0,3.0,623.0,23507,60,debt_consolidation,single,0,0.0,own,master,4,0,,0.0,0.613,0.211,1,0.428
27,42780.0,4.0,714.0,8031,60,medical,single,1,9701.0,own,high_school,0,0,,0.227,0.188,0.081,1,0.428
66,23268.0,3.0,707.0,12081,60,debt_consolidation,married,0,27376.0,mortgage,bachelor,1,0,,1.177,0.519,0.15,0,0.069
64,5326.0,6.0,613.0,6383,60,debt_consolidation,single,2,8080.0,own,high_school,6,0,,1.517,1.198,0.333,0,0.033
29,78934.0,4.0,774.0,6175,12,debt_consolidation,single,0,2910.0,rent,high_school,2,0,,0.037,0.078,0.03,1,0.864
33,82165.0,1.0,587.0,11830,48,debt_consolidation,single,0,24528.0,rent,bachelor,2,0,,0.299,0.144,0.135,0,0.494
41,45862.0,9.0,685.0,12670,60,medical,divorced,3,10205.0,own,bachelor,2,1,28.0,0.223,0.276,0.163,0,0.338
36,33015.0,7.0,602.0,6864,72,personal,married,0,555.0,other,high_school,1,0,,0.017,0.208,0.141,0,0.473
25,40574.0,5.0,515.0,15220,36,business,single,0,0.0,own,high_school,3,0,,0.0,0.375,0.218,0,0.373
48,41260.0,4.0,679.0,16568,48,personal,married,1,9192.0,mortgage,high_school,2,0,,0.223,0.402,0.141,0,0.402
38,20004.0,,804.0,9551,60,debt_consolidation,married,1,77.0,rent,master,4,0,,0.004,0.477,0.093,1,0.585
34,42694.0,4.0,646.0,37896,60,debt_consolidation,single,0,23522.0,mortgage,high_school,2,0,,0.551,0.888,0.255,0,0.148
40,53828.0,5.0,531.0,18327,48,car,married,0,0.0,own,high_school,2,0,,0.0,0.34,0.202,1,0.439
54,75454.0,4.0,668.0,16183,12,personal,married,3,14174.0,mortgage,master,6,0,,0.188,0.214,0.109,1,0.778
33,50356.0,6.0,,8240,60,education,married,0,16298.0,own,high_school,4,0,,0.324,0.164,0.14,1,0.551
23,10591.0,3.0,734.0,16378,60,home_improvement,married,1,19494.0,mortgage,high_school,5,0,,1.84,1.546,0.342,0,0.015
25,58839.0,7.0,632.0,17408,60,debt_consolidation,married,1,33546.0,own,high_school,4,0,,0.57,0.296,0.143,1,0.475
42,43602.0,5.0,508.0,14965,60,debt_consolidation,single,1,0.0,rent,high_school,5,0,,0.0,0.343,0.215,1,0.503
35,84260.0,6.0,691.0,29187,48,home_improvement,single,2,19119.0,rent,high_school,6,0,,0.227,0.346,0.124,1,0.823
42,85736.0,7.0,667.0,500,72,medical,married,0,19345.0,rent,phd,5,0,,0.226,0.006,0.068,1,0.841
29,86611.0,2.0,626.0,11196,60,debt_consolidation,divorced,1,0.0,own,master,4,0,,0.0,0.129,0.113,1,0.795
32,35960.0,6.0,567.0,22138,48,personal,married,1,13909.0,mortgage,bachelor,3,0,,0.387,0.616,0.24,0,0.207
43,99746.0,4.0,793.0,6033,72,personal,single,0,3707.0,rent,bachelor,7,0,,0.037,0.06,0.03,1,0.955
58,58774.0,6.0,614.0,500,72,personal,single,2,31029.0,own,bachelor,4,0,,0.528,0.009,0.095,1,0.536
62,90660.0,3.0,722.0,9811,60,personal,married,0,1472.0,own,bachelor,6,1,49.0,0.016,0.108,0.111,1,0.774
43,37435.0,6.0,613.0,25439,48,debt_consolidation,single,0,6772.0,own,master,6,0,,0.181,0.68,0.23,0,0.453
64,42535.0,8.0,704.0,6270,48,personal,single,0,4294.0,rent,bachelor,4,0,,0.101,0.147,0.077,1,0.753
49,56851.0,3.0,654.0,11436,36,home_improvement,married,0,0.0,own,high_school,2,0,,0.0,0.201,0.113,0,0.618
27,53797.0,7.0,652.0,19215,36,personal,divorced,1,0.0,rent,high_school,6,0,,0.0,0.357,0.145,1,0.769
33,81370.0,15.0,584.0,9207,48,debt_consolidation,married,0,0.0,rent,master,2,0,,0.0,0.113,0.131,1,0.891
24,44197.0,7.0,692.0,10600,48,home_improvement,single,1,12158.0,own,high_school,4,1,33.0,0.275,0.24,0.152,0,0.388
34,79115.0,6.0,762.0,8479,36,debt_consolidation,single,2,14236.0,rent,master,4,0,,0.18,0.107,0.04,1,0.883
40,68306.0,3.0,567.0,9322,72,debt_consolidation,married,1,22186.0,mortgage,bachelor,4,0,,0.325,0.136,0.144,0,0.523
43,44665.0,2.0,583.0,3371,48,personal,divorced,3,25747.0,mortgage,bachelor,2,0,,0.576,0.075,0.124,0,0.227
38,66367.0,5.0,850.0,12427,48,personal,widowed,0,16010.0,mortgage,high_school,5,0,,0.241,0.187,0.03,1,0.864
39,38168.0,6.0,570.0,25642,48,car,married,0,21950.0,rent,high_school,5,1,47.0,0.575,0.672,0.299,0,0.082
24,108755.0,6.0,606.0,30828,24,car,married,2,17861.0,mortgage,bachelor,4,0,,0.164,0.283,0.154,1,0.805
31,5000.0,4.0,761.0,27498,60,medical,single,0,0.0,mortgage,bachelor,3,0,,0.0,5.499,0.35,0,0.01
32,66824.0,,763.0,16377,36,debt_consolidation,single,1,15721.0,rent,bachelor,4,1,30.0,0.235,0.245,0.118,0,0.465
24,5885.0,6.0,456.0,31589,48,business,single,0,10178.0,rent,bachelor,3,0,,1.729,5.367,0.35,0,0.01
26,44359.0,,711.0,38029,48,home_improvement,widowed,0,1528.0,rent,bachelor,3,0,,0.034,0.857,0.216,1,0.532
68,47860.0,2.0,634.0,16813,48,education,single,0,10183.0,rent,master,7,0,,0.213,0.351,0.153,1,0.61
65,87691.0,2.0,638.0,5094,48,personal,single,2,15359.0,mortgage,master,3,0,,0.175,0.058,0.093,1,0.712
25,32696.0,2.0,,28119,36,home_improvement,divorced,1,6972.0,mortgage,master,1,0,,0.213,0.86,0.2,0,0.227
67,827000.0,5.0,622.0,2965,36,home_improvement,single,1,24877.0,rent,bachelor,2,0,,0.03,0.004,0.096,1,0.665
40,20530.0,7.0,609.0,6135,48,personal,single,1,15118.0,rent,high_school,1,1,78.0,0.736,0.299,0.205,0,0.052
46,83667.0,7.0,624.0,500,60,personal,married,0,23113.0,rent,high_school,2,0,,0.276,0.006,0.089,1,0.724
35,38141.0,9.0,622.0,22274,48,personal,married,1,28847.0,own,bachelor,3,0,,0.756,0.584,0.206,0,0.195
48,51836.0,4.0,678.0,500,36,car,married,1,4063.0,rent,bachelor,7,0,,0.078,0.01,0.063,1,0.821
47,41591.0,7.0,756.0,24929,24,debt_consolidation,divorced,0,3329.0,rent,bachelor,4,0,,0.08,0.599,0.142,1,0.67
69,82059.0,5.0,684.0,33094,60,debt_consolidation,single,2,27352.0,rent,bachelor,7,0,,0.333,0.403,0.139,1,0.781
56,77193.0,7.0,649.0,32278,48,debt_consolidation,divorced,0,0.0,mortgage,master,2,0,,0.0,0.418,0.159,1,0.73
52,61088.0,7.0,694.0,2342,24,medical,married,1,,mortgage,high_school,1,0,,,0.038,0.061,1,0.695
35,21203.0,3.0,712.0,500,60,debt_consolidation,single,1,2689.0,mortgage,master,6,0,,0.127,0.024,0.049,1,0.687
59,32124.0,5.0,696.0,8575,36,education,married,2,0.0,mortgage,high_school,4,0,,0.0,0.267,0.105,1,0.693
56,242860.0,5.0,597.0,23792,48,personal,single,0,17469.0,rent,high_school,4,0,,0.072,0.098,0.298,0,0.071
34,5000.0,5.0,684.0,27038,36,personal,single,0,5987.0,mortgage,master,6,0,,1.197,5.407,0.35,0,0.01
31,81533.0,5.0,480.0,21645,72,debt_consolidation,divorced,1,0.0,rent,phd,6,0,,0.0,0.265,0.213,1,0.717
48,41804.0,8.0,773.0,20280,36,debt_consolidation,single,0,23878.0,own,master,6,0,,0.571,0.485,0.111,0,0.602
41,41538.0,2.0,772.0,38610,48,personal,single,3,0.0,rent,master,4,0,,0.0,0.929,0.2,0,0.466
52,87403.0,6.0,721.0,10220,72,car,single,0,7784.0,rent,master,5,0,,0.089,0.117,0.063,1,0.894
61,38100.0,6.0,750.0,7220,36,personal,single,2,23355.0,own,bachelor,4,0,,0.613,0.189,0.063,1,0.492
62,28988.0,6.0,644.0,3109,48,personal,married,0,23726.0,rent,bachelor,2,0,,0.818,0.107,0.099,0,0.204
51,44381.0,1.0,590.0,19330,36,home_improvement,divorced,2,16413.0,rent,high_school,4,0,,0.37,0.436,0.192,0,0.262
20,21683.0,10.0,550.0,13204,24,home_improvement,married,0,0.0,rent,high_school,5,0,,0.0,0.609,0.247,0,0.461
54,58609.0,5.0,731.0,23250,48,home_improvement,single,1,12408.0,mortgage,bachelor,5,0,,0.212,0.397,0.114,1,0.709
60,406580.0,,590.0,10495,72,education,married,1,15335.0,rent,bachelor,5,0,,0.038,0.026,0.157,0,0.417
57,37318.0,0.0,620.0,21288,48,home_improvement,single,0,3372.0,own,bachelor,2,0,,0.09,0.57,0.204,0,0.25
43,35152.0,7.0,668.0,11161,48,business,single,0,15649.0,mortgage,bachelor,0,0,,0.445,0.317,0.129,0,0.274
40,47344.0,4.0,647.0,13373,48,personal,single,1,0.0,rent,other,3,0,,0.0,0.282,0.133,1,0.589
61,52087.0,6.0,671.0,14320,48,debt_consolidation,single,3,0.0,mortgage,bachelor,9,0,,0.0,0.275,0.12,1,0.876
56,37001.0,4.0,505.0,500,48,personal,married,0,367.0,mortgage,other,6,0,,0.01,0.014,0.15,0,0.58
32,41031.0,2.0,631.0,13600,36,education,divorced,0,20397.0,other,master,0,0,,0.497,0.331,0.151,0,0.216
66,47962.0,4.0,716.0,20621,36,personal,married,1,22903.0,own,bachelor,3,0,,0.478,0.43,0.128,0,0.387
21,45440.0,9.0,615.0,5119,48,debt_consolidation,married,1,0.0,rent,high_school,3,0,,0.0,0.113,0.115,1,0.734
46,50777.0,4.0,581.0,34101,60,debt_consolidation,single,0,32018.0,mortgage,high_school,3,0,,0.631,0.672,0.244,0,0.168
39,33083.0,5.0,726.0,15049,36,debt_consolidation,married,1,11350.0,rent,bachelor,7,0,,0.343,0.455,0.128,1,0.592
42,75115.0,8.0,616.0,8732,48,debt_consolidation,divorced,2,0.0,rent,bachelor,4,0,,0.0,0.116,0.115,1,0.848
30,52421.0,2.0,665.0,8427,36,debt_consolidation,divorced,2,14554.0,rent,bachelor,1,0,,0.278,0.161,0.1,0,0.432
35,37404.0,2.0,633.0,28705,36,personal,single,0,29084.0,mortgage,master,1,1,118.0,0.778,0.767,0.287,0,0.024
50,58610.0,5.0,650.0,6752,48,home_improvement,married,1,2729.0,rent,bachelor,4,0,,0.047,0.115,0.098,1,0.745
33,48141.0,4.0,772.0,17981,60,personal,married,0,24656.0,mortgage,high_school,2,0,,0.512,0.373,0.089,0,0.419
62,6654.0,8.0,696.0,23830,48,car,single,0,31636.0,rent,master,4,0,,4.754,3.581,0.35,0,0.01
59,58524.0,6.0,552.0,20542,36,debt_consolidation,widowed,1,10608.0,mortgage,high_school,5,0,,0.181,0.351,0.194,1,0.564
61,24512.0,9.0,620.0,9373,72,car,single,4,0.0,own,high_school,3,0,,0.0,0.382,0.166,1,0.529
19,73361.0,7.0,617.0,23392,24,personal,single,1,27555.0,rent,high_school,2,0,,0.376,0.319,0.155,0,0.514
52,43956.0,2.0,667.0,16558,60,car,married,1,27502.0,rent,high_school,2,1,45.0,0.626,0.377,0.192,0,0.085
59,69502.0,,723.0,500,60,debt_consolidation,single,1,0.0,rent,master,1,0,,0.0,0.007,0.04,1,0.86
51,34245.0,3.0,653.0,27233,60,personal,divorced,1,8474.0,rent,bachelor,5,1,1.0,0.247,0.795,0.283,0,0.13
47,51748.0,5.0,650.0,8864,72,debt_consolidation,single,0,20812.0,own,bachelor,5,0,,0.402,0.171,0.109,1,0.584
30,80256.0,4.0,471.0,13244,60,medical,single,1,21642.0,other,bachelor,8,0,,0.27,0.165,0.198,1,0.627
30,43275.0,5.0,756.0,18095,36,car,married,0,5662.0,mortgage,bachelor,4,0,,0.131,0.418,0.106,1,0.651
35,352300.0,4.0,637.0,9681,36,debt_consolidation,single,1,0.0,mortgage,bachelor,1,0,,0.0,0.027,0.136,0,0.456
49,66376.0,8.0,671.0,22569,36,debt_consolidation,married,0,33560.0,other,master,4,0,,0.506,0.34,0.132,0,0.601
49,65892.0,0.0,671.0,3962,12,personal,married,1,11341.0,own,bachelor,3,0,,0.172,0.06,0.076,0,0.608
52,36281.0,7.0,588.0,9256,72,personal,married,1,7320.0,rent,master,2,0,,0.202,0.255,0.157,0,0.404
56,5000.0,4.0,630.0,27257,24,car,divorced,1,1176.0,mortgage,master,3,0,,0.235,5.45,0.35,0,0.01
63,34749.0,5.0,588.0,15253,60,debt_consolidation,married,2,,mortgage,high_school,9,0,,,0.439,0.194,0,0.588
69,66934.0,2.0,761.0,4432,60,debt_consolidation,married,0,0.0,other,bachelor,1,0,,0.0,0.066,0.033,1,0.772
46,30624.0,3.0,472.0,15787,60,debt_consolidation,divorced,1,24985.0,mortgage,master,4,0,,0.816,0.515,0.267,0,0.079
66,49727.0,3.0,574.0,19017,48,car,married,1,5937.0,mortgage,master,2,0,,0.119,0.382,0.189,0,0.351
46,33563.0,1.0,624.0,500,60,debt_consolidation,single,0,0.0,mortgage,high_school,5,0,,0.0,0.015,0.091,1,0.619
61,5000.0,3.0,770.0,31543,36,debt_consolidation,single,1,0.0,mortgage,high_school,3,0,,0.0,6.307,0.35,0,0.02
33,33113.0,4.0,,32894,60,home_improvement,married,0,24363.0,own,bachelor,3,0,,0.736,0.993,0.245,0,0.113
61,66828.0,4.0,519.0,16200,36,medical,divorced,2,7866.0,own,high_school,5,0,,0.118,0.242,0.189,1,0.546
64,5000.0,,641.0,12999,72,personal,married,1,0.0,mortgage,high_school,2,0,,0.0,2.599,0.35,0,0.021
27,56304.0,9.0,708.0,15229,36,car,single,0,11986.0,mortgage,high_school,3,0,,0.213,0.27,0.1,1,0.718
47,20348.0,1.0,828.0,23931,36,medical,married,1,5520.0,rent,high_school,2,0,,0.271,1.176,0.221,0,0.144
42,65211.0,3.0,623.0,19526,48,home_improvement,married,1,11657.0,own,bachelor,5,0,,0.179,0.299,0.148,1,0.62
56,67858.0,5.0,555.0,17392,60,home_improvement,single,1,14794.0,mortgage,master,1,1,4.0,0.218,0.256,0.224,0,0.221
37,45701.0,1.0,676.0,28823,60,medical,married,0,0.0,rent,high_school,4,0,,0.0,0.631,0.188,0,0.434
22,45758.0,3.0,647.0,26309,36,medical,married,0,1359.0,rent,bachelor,1,0,,0.03,0.575,0.192,0,0.333
18,29841.0,5.0,687.0,5401,24,home_improvement,married,0,0.0,rent,bachelor,4,0,,0.0,0.181,0.093,1,0.662
47,16360.0,,705.0,23874,36,car,single,1,0.0,mortgage,master,5,0,,0.0,1.459,0.339,0,0.249
66,92452.0,4.0,676.0,26516,48,personal,married,0,580.0,rent,bachelor,4,0,,0.006,0.287,0.119,1,0.825
20,28373.0,6.0,692.0,17783,48,education,single,0,5645.0,own,high_school,4,0,,0.199,0.627,0.179,0,0.465
62,89195.0,,781.0,20990,48,education,married,1,883.0,mortgage,master,2,0,,0.01,0.235,0.056,1,0.902
31,28512.0,3.0,627.0,11926,60,business,single,0,12398.0,rent,master,10,0,,0.435,0.418,0.17,0,0.459
47,63130.0,5.0,,2956,48,debt_consolidation,married,1,5295.0,rent,bachelor,3,0,,0.084,0.047,0.133,1,0.639
67,21555.0,4.0,675.0,33873,72,car,single,1,0.0,mortgage,high_school,2,0,,0.0,1.571,0.35,0,0.107
21,63085.0,4.0,547.0,1605,36,personal,married,1,0.0,mortgage,high_school,11,0,,0.0,0.025,0.132,1,0.869
35,41860.0,4.0,560.0,31813,48,home_improvement,married,1,0.0,rent,high_school,6,0,,0.0,0.76,0.272,0,0.411
54,42187.0,5.0,584.0,14348,48,debt_consolidation,widowed,0,4532.0,mortgage,high_school,2,0,,0.107,0.34,0.176,0,0.415
42,65251.0,4.0,550.0,27474,36,education,single,2,24364.0,mortgage,high_school,3,0,,0.373,0.421,0.209,0,0.377
65,38271.0,8.0,743.0,15229,48,debt_consolidation,single,1,8951.0,mortgage,high_school,2,0,,0.234,0.398,0.108,1,0.582
18,14296.0,3.0,654.0,24374,36,car,single,2,0.0,rent,high_school,3,0,,0.0,1.705,0.35,0,0.076
63,69033.0,5.0,707.0,19489,36,debt_consolidation,single,1,11470.0,own,master,5,0,,0.166,0.282,0.103,1,0.787
32,21352.0,4.0,691.0,8306,48,car,single,1,3212.0,mortgage,bachelor,5,0,,0.15,0.389,0.132,0,0.483
26,62913.0,3.0,633.0,16341,36,education,married,1,18565.0,rent,high_school,3,0,,0.295,0.26,0.136,1,0.536
32,74325.0,5.0,727.0,13571,36,home_improvement,married,3,0.0,rent,other,4,0,,0.0,0.183,0.073,1,0.857
66,40613.0,5.0,611.0,21430,48,home_improvement,single,0,28168.0,rent,master,5,0,,0.694,0.528,0.2,0,0.228
41,79559.0,5.0,637.0,16415,48,debt_consolidation,single,3,,own,high_school,3,0,,,0.206,0.123,1,0.699
21,62045.0,2.0,593.0,17862,24,debt_consolidation,married,1,6867.0,rent,high_school,5,0,,0.111,0.288,0.161,0,0.591
29,32603.0,4.0,762.0,4741,24,home_improvement,single,0,0.0,rent,high_school,5,0,,0.0,0.145,0.048,1,0.775
54,85036.0,4.0,641.0,2219,48,debt_consolidation,married,0,0.0,mortgage,bachelor,6,0,,0.0,0.026,0.085,1,0.897
54,21458.0,7.0,698.0,15706,60,business,single,0,20281.0,own,high_school,4,0,,0.945,0.732,0.197,0,0.109
60,40582.0,2.0,603.0,16816,72,medical,single,3,22048.0,rent,high_school,2,0,,0.543,0.414,0.181,0,0.142
23,44842.0,3.0,718.0,4484,24,debt_consolidation,single,0,25624.0,mortgage,bachelor,7,0,,0.571,0.1,0.061,0,0.609
56,65131.0,4.0,712.0,20716,24,debt_consolidation,single,2,35009.0,own,bachelor,4,0,,0.538,0.318,0.108,1,0.539
63,77886.0,5.0,520.0,21150,24,debt_consolidation,married,0,21237.0,mortgage,high_school,4,0,,0.273,0.272,0.194,0,0.538
41,76320.0,7.0,650.0,16561,48,car,single,4,16112.0,rent,bachelor,3,0,,0.211,0.217,0.118,0,0.717
28,55594.0,5.0,659.0,15157,48,debt_consolidation,married,2,45827.0,rent,high_school,6,0,,0.824,0.273,0.125,0,0.409
30,42993.0,3.0,626.0,2325,48,debt_consolidation,single,1,1818.0,own,bachelor,5,1,119.0,0.042,0.054,0.148,0,0.435
51,5000.0,2.0,761.0,2157,60,home_improvement,married,0,8490.0,other,bachelor,2,0,,1.698,0.431,0.106,0,0.03
42,17146.0,5.0,553.0,18947,60,personal,divorced,1,0.0,rent,bachelor,1,0,,0.0,1.105,0.344,0,0.101
24,94166.0,7.0,614.0,6720,72,medical,married,1,19367.0,mortgage,bachelor,10,0,,0.206,0.071,0.107,1,0.904
69,5000.0,5.0,582.0,7422,24,personal,single,0,6948.0,rent,high_school,2,1,27.0,1.389,1.484,0.35,0,0.01
21,30388.0,5.0,732.0,17788,24,debt_consolidation,married,0,,rent,high_school,7,0,,,0.585,0.151,0,0.691
25,78615.0,7.0,568.0,35377,36,debt_consolidation,married,1,1009.0,rent,high_school,2,0,,0.013,0.45,0.206,0,0.629
37,55243.0,7.0,503.0,11026,12,debt_consolidation,single,3,0.0,mortgage,high_school,6,0,,0.0,0.2,0.189,1,0.693
46,73201.0,10.0,685.0,35507,72,personal,married,2,7466.0,rent,high_school,2,0,,0.102,0.485,0.154,1,0.729
68,63571.0,4.0,639.0,14237,36,debt_consolidation,divorced,0,0.0,rent,high_school,3,0,,0.0,0.224,0.125,1,0.695
62,86740.0,4.0,733.0,20639,48,home_improvement,single,2,0.0,mortgage,bachelor,4,0,,0.0,0.238,0.081,1,0.869
63,57386.0,0.0,715.0,24597,36,home_improvement,married,0,0.0,rent,high_school,5,0,,0.0,0.429,0.128,1,0.659
27,66586.0,3.0,647.0,25325,36,medical,single,2,698.0,rent,master,5,0,,0.01,0.38,0.153,1,0.672
60,31894.0,3.0,535.0,18391,36,debt_consolidation,single,0,3040.0,rent,master,2,0,,0.095,0.577,0.248,0,0.216
51,64658.0,2.0,554.0,12703,36,car,married,0,0.0,other,high_school,5,0,,0.0,0.196,0.162,1,0.623
43,40097.0,9.0,508.0,23281,48,personal,married,0,2273.0,rent,bachelor,6,0,,0.057,0.581,0.262,0,0.489
58,38672.0,8.0,639.0,19240,72,home_improvement,single,0,0.0,other,other,3,0,,0.0,0.498,0.18,1,0.565
66,72368.0,8.0,597.0,10641,48,car,married,0,21741.0,rent,bachelor,4,0,,0.3,0.147,0.131,0,0.685
20,72541.0,4.0,636.0,29091,48,car,married,1,0.0,rent,master,1,1,27.0,0.0,0.401,0.212,0,0.331
23,92211.0,10.0,664.0,19574,12,personal,married,0,25060.0,mortgage,master,2,0,,0.272,0.212,0.11,1,0.792
22,90582.0,3.0,802.0,7508,60,debt_consolidation,single,1,36128.0,own,phd,2,0,,0.399,0.083,0.03,1,0.794
22,72933.0,2.0,696.0,6338,12,debt_consolidation,single,0,27502.0,rent,high_school,3,0,,0.377,0.087,0.069,1,0.632
64,6989.0,2.0,656.0,34589,72,business,divorced,0,0.0,own,high_school,2,0,,0.0,4.948,0.35,0,0.01
40,95692.0,2.0,,10074,48,home_improvement,married,1,17792.0,rent,high_school,6,0,,0.186,0.105,0.158,1,0.723
66,72949.0,6.0,652.0,22529,36,personal,married,1,0.0,mortgage,bachelor,1,0,,0.0,0.309,0.136,1,0.673
26,30853.0,2.0,,18769,48,education,married,2,0.0,mortgage,bachelor,4,0,,0.0,0.608,0.161,0,0.519
52,68223.0,9.0,681.0,22189,72,car,single,0,0.0,rent,high_school,0,1,9.0,0.0,0.325,0.174,0,0.471
37,24068.0,8.0,566.0,34118,36,debt_consolidation,married,2,12042.0,mortgage,high_school,5,0,,0.5,1.418,0.35,0,0.097
18,65466.0,4.0,620.0,101357,36,medical,single,0,0.0,own,bachelor,3,0,,0.0,1.548,0.166,0,0.588
59,17093.0,4.0,656.0,23358,24,medical,single,1,10580.0,rent,high_school,3,0,,0.619,1.366,0.345,0,0.025
52,29795.0,3.0,617.0,13031,48,education,single,1,28937.0,rent,bachelor,5,0,,0.971,0.437,0.179,0,0.161
67,67748.0,9.0,601.0,8354,24,debt_consolidation,married,0,,mortgage,bachelor,5,0,,,0.123,0.124,1,0.853
35,76822.0,10.0,478.0,39195,60,personal,single,1,0.0,rent,bachelor,2,0,,0.0,0.51,0.263,0,0.549
34,58136.0,5.0,589.0,14582,72,debt_consolidation,single,0,398.0,own,high_school,3,0,,0.007,0.251,0.156,1,0.623
41,,5.0,670.0,13933,72,debt_consolidation,single,1,31420.0,mortgage,master,1,0,,0.628,0.279,0.13,0,0.221
20,5000.0,9.0,720.0,17888,24,personal,single,1,20329.0,mortgage,high_school,6,0,,4.065,3.577,0.35,0,0.01
49,44774.0,2.0,656.0,16915,48,medical,married,2,0.0,mortgage,master,4,0,,0.0,0.378,0.148,0,0.524
52,63337.0,5.0,735.0,30928,24,home_improvement,married,0,0.0,rent,master,6,0,,0.0,0.488,0.13,1,0.814
55,42081.0,5.0,644.0,20396,48,personal,single,1,14855.0,mortgage,bachelor,5,1,89.0,0.353,0.485,0.225,0,0.208
30,49436.0,8.0,580.0,1901,60,debt_consolidation,single,1,11464.0,rent,bachelor,4,0,,0.232,0.038,0.118,1,0.651
64,45360.0,6.0,612.0,8404,48,debt_consolidation,married,2,19342.0,mortgage,bachelor,1,0,,0.426,0.185,0.131,0,0.353
42,41957.0,6.0,690.0,15107,60,medical,married,2,0.0,rent,master,8,0,,0.0,0.36,0.127,1,0.779
26,51897.0,7.0,629.0,25256,60,debt_consolidation,married,0,8743.0,rent,high_school,8,0,,0.168,0.487,0.183,1,0.721
21,43183.0,,599.0,500,36,personal,single,0,23440.0,rent,bachelor,2,0,,0.543,0.012,0.103,0,0.329
31,86082.0,5.0,525.0,19939,48,personal,married,0,26929.0,rent,high_school,6,1,31.0,0.313,0.232,0.234,0,0.395
54,5000.0,7.0,579.0,22313,12,debt_consolidation,married,1,0.0,rent,phd,3,0,,0.0,4.462,0.35,0,0.021
51,36354.0,4.0,618.0,23824,36,personal,married,1,8720.0,mortgage,phd,5,1,34.0,0.24,0.655,0.272,0,0.153
28,28244.0,4.0,603.0,14199,36,debt_consolidation,single,2,5710.0,mortgage,bachelor,3,0,,0.202,0.503,0.199,0,0.293
58,55478.0,6.0,572.0,25492,72,car,single,1,0.0,mortgage,bachelor,4,0,,0.0,0.459,0.206,0,0.562
20,51929.0,6.0,775.0,6850,48,personal,married,1,0.0,rent,high_school,4,0,,0.0,0.132,0.039,1,0.843
45,90555.0,4.0,698.0,24455,60,personal,single,0,18505.0,rent,bachelor,7,0,,0.204,0.27,0.105,1,0.853
46,98779.0,3.0,825.0,14384,60,home_improvement,single,0,0.0,other,master,7,0,,0.0,0.146,0.03,1,0.965
26,30673.0,3.0,522.0,15429,60,debt_consolidation,married,0,8151.0,rent,bachelor,5,0,,0.266,0.503,0.24,0,0.246
20,50013.0,10.0,675.0,15318,60,debt_consolidation,married,2,17301.0,own,bachelor,1,0,,0.346,0.306,0.124,0,0.543
42,54908.0,6.0,615.0,21501,36,car,married,0,36287.0,rent,master,6,1,101.0,0.661,0.392,0.221,0,0.192
51,30055.0,6.0,652.0,3952,60,car,married,1,14490.0,other,high_school,4,0,,0.482,0.131,0.1,1,0.418
29,65710.0,4.0,798.0,23853,48,debt_consolidation,married,2,20812.0,rent,master,3,0,,0.317,0.363,0.074,1,0.694
59,44012.0,1.0,511.0,23709,48,home_improvement,married,1,13944.0,rent,bachelor,3,0,,0.317,0.539,0.252,0,0.164
26,23309.0,5.0,604.0,11985,12,personal,divorced,0,6916.0,mortgage,high_school,7,0,,0.297,0.514,0.201,0,0.375
32,43011.0,7.0,590.0,15025,36,home_improvement,married,1,6648.0,rent,bachelor,3,0,,0.155,0.349,0.175,0,0.479
57,25058.0,4.0,604.0,6406,72,debt_consolidation,married,0,8256.0,mortgage,master,4,0,,0.329,0.256,0.149,0,0.34
42,75916.0,3.0,481.0,3396,36,personal,single,0,0.0,rent,bachelor,8,0,,0.0,0.045,0.168,1,0.767
22,97539.0,5.0,753.0,16974,48,debt_consolidation,married,0,5095.0,own,bachelor,10,0,,0.052,0.174,0.058,1,0.981
28,,7.0,756.0,17039,36,business,single,0,16574.0,rent,master,3,0,,0.331,0.341,0.083,0,0.671
51,52782.0,9.0,697.0,11629,24,debt_consolidation,married,1,0.0,own,master,0,0,,0.0,0.22,0.096,1,0.712
41,53811.0,,543.0,2502,36,home_improvement,single,2,31792.0,mortgage,other,5,0,,0.591,0.046,0.138,0,0.336
32,79556.0,6.0,672.0,19571,48,home_improvement,married,1,11878.0,other,high_school,2,0,,0.149,0.246,0.113,1,0.725
55,79017.0,2.0,719.0,11387,72,car,single,0,8032.0,mortgage,bachelor,6,0,,0.102,0.144,0.069,1,0.84
25,47109.0,3.0,681.0,7507,36,car,married,0,22538.0,mortgage,master,4,0,,0.478,0.159,0.091,0,0.455
22,56315.0,5.0,646.0,27759,36,debt_consolidation,single,0,18461.0,own,bachelor,3,0,,0.328,0.493,0.176,0,0.436
65,,3.0,763.0,5248,48,car,single,1,26992.0,rent,bachelor,3,0,,0.54,0.105,0.034,1,0.67
43,21558.0,4.0,593.0,20619,36,home_improvement,married,2,29914.0,mortgage,bachelor,2,0,,1.388,0.956,0.295,0,0.022
35,80315.0,5.0,636.0,500,72,debt_consolidation,single,3,31980.0,rent,bachelor,2,0,,0.398,0.006,0.083,1,0.646
18,93371.0,4.0,700.0,101357,36,personal,single,0,16853.0,rent,high_school,4,0,,0.18,1.086,0.051,1,0.854
54,79126.0,5.0,675.0,19827,48,personal,married,0,0.0,mortgage,high_school,2,0,,0.0,0.251,0.113,1,0.753
65,18860.0,2.0,695.0,11639,48,personal,widowed,1,6425.0,mortgage,bachelor,6,0,,0.341,0.617,0.176,1,0.298
30,5000.0,4.0,693.0,3312,60,medical,single,2,34585.0,rent,bachelor,9,0,,6.916,0.662,0.186,0,0.01
45,67718.0,5.0,692.0,24499,48,debt_consolidation,single,0,13891.0,mortgage,master,1,0,,0.205,0.362,0.126,0,0.577
22,30995.0,6.0,621.0,18713,36,car,married,1,3487.0,mortgage,high_school,8,0,,0.112,0.604,0.21,1,0.557
30,57178.0,10.0,594.0,500,24,personal,single,0,1827.0,own,high_school,5,1,104.0,0.032,0.009,0.155,1,0.639
34,88379.0,5.0,661.0,24594,72,debt_consolidation,single,0,0.0,mortgage,other,4,0,,0.0,0.278,0.125,1,0.841
67,33576.0,6.0,771.0,4361,60,home_improvement,married,0,23790.0,rent,bachelor,4,0,,0.709,0.13,0.041,1,0.48
57,40561.0,7.0,648.0,500,12,home_improvement,single,0,3225.0,other,high_school,3,0,,0.08,0.012,0.078,1,0.694
62,56918.0,4.0,698.0,6794,60,debt_consolidation,married,0,0.0,rent,master,1,0,,0.0,0.119,0.075,1,0.692
49,17562.0,,,14582,48,home_improvement,married,0,0.0,mortgage,bachelor,0,0,,0.0,0.83,0.237,0,0.242
46,31054.0,6.0,813.0,15774,48,personal,divorced,1,0.0,mortgage,bachelor,2,1,43.0,0.0,0.508,0.145,0,0.391
68,50621.0,2.0,639.0,500,12,medical,widowed,0,20592.0,mortgage,master,1,0,,0.407,0.01,0.082,0,0.345
20,42489.0,3.0,698.0,869,60,debt_consolidation,married,2,6439.0,mortgage,high_school,8,0,,0.152,0.02,0.055,1,0.812
57,65210.0,4.0,592.0,7391,36,education,married,1,0.0,own,bachelor,5,0,,0.0,0.113,0.127,1,0.787
51,119149.0,4.0,560.0,8030,60,debt_consolidation,married,0,30807.0,mortgage,master,3,0,,0.259,0.067,0.133,1,0.782
57,52478.0,5.0,649.0,22618,12,education,single,1,10698.0,mortgage,bachelor,8,0,,0.204,0.431,0.162,1,0.734
44,28957.0,7.0,744.0,10867,60,personal,single,2,0.0,rent,master,5,0,,0.0,0.375,0.103,1,0.725
30,85456.0,3.0,701.0,22426,12,car,divorced,0,20827.0,rent,high_school,5,0,,0.244,0.262,0.102,1,0.763
62,10280.0,3.0,483.0,25958,36,medical,single,0,0.0,own,high_school,6,0,,0.0,2.525,0.35,0,0.01
50,15277.0,6.0,709.0,20557,36,home_improvement,single,0,18932.0,mortgage,bachelor,6,0,,1.239,1.346,0.315,0,0.044
23,35122.0,3.0,527.0,500,36,car,married,1,17577.0,mortgage,bachelor,4,0,,0.5,0.014,0.139,0,0.266
41,42928.0,9.0,717.0,11960,48,medical,married,0,12060.0,mortgage,high_school,4,0,,0.281,0.279,0.097,1,0.655
36,34523.0,7.0,694.0,13337,36,personal,single,1,0.0,rent,high_school,5,1,48.0,0.0,0.386,0.18,0,0.454
33,49212.0,5.0,638.0,14456,72,education,single,0,0.0,own,other,2,1,6.0,0.0,0.294,0.19,0,0.374
57,56869.0,6.0,708.0,500,48,personal,single,0,9266.0,mortgage,master,5,0,,0.163,0.009,0.048,1,0.813
45,76724.0,6.0,629.0,7359,48,personal,divorced,1,0.0,mortgage,high_school,5,0,,0.0,0.096,0.105,1,0.841
50,52280.0,3.0,662.0,1378,36,business,divorced,0,28290.0,rent,bachelor,1,0,,0.541,0.026,0.074,0,0.345
65,35951.0,8.0,535.0,5734,48,personal,single,0,8478.0,mortgage,bachelor,1,0,,0.236,0.159,0.164,0,0.343
58,75366.0,10.0,630.0,12413,24,debt_consolidation,married,1,0.0,own,master,3,0,,0.0,0.165,0.118,1,0.853
30,29557.0,6.0,724.0,7584,60,home_improvement,single,0,24978.0,own,bachelor,4,0,,0.845,0.257,0.089,0,0.3
60,9185.0,7.0,544.0,6470,36,car,married,1,,mortgage,master,5,0,,,0.704,0.269,0,0.285
62,80149.0,2.0,715.0,13020,60,home_improvement,single,0,8022.0,mortgage,master,7,0,,0.1,0.162,0.075,1,0.868
42,78546.0,5.0,489.0,10078,36,personal,married,1,18343.0,rent,bachelor,7,0,,0.234,0.128,0.181,0,0.673
59,30193.0,8.0,555.0,16997,72,debt_consolidation,single,1,0.0,mortgage,high_school,2,0,,0.0,0.563,0.235,0,0.367
53,40023.0,6.0,625.0,10801,36,debt_consolidation,single,2,3514.0,rent,bachelor,8,0,,0.088,0.27,0.142,1,0.747
44,27077.0,2.0,662.0,500,12,personal,single,3,0.0,mortgage,master,4,0,,0.0,0.018,0.073,0,0.597
55,58166.0,3.0,604.0,4689,48,debt_consolidation,single,1,0.0,rent,bachelor,2,0,,0.0,0.081,0.114,1,0.618
24,93301.0,10.0,602.0,11719,72,debt_consolidation,widowed,2,11147.0,mortgage,master,3,0,,0.119,0.126,0.124,1,0.859
22,67572.0,3.0,739.0,10520,48,home_improvement,divorced,1,22765.0,mortgage,master,6,0,,0.337,0.156,0.062,1,0.767
60,75893.0,4.0,745.0,865,24,business,married,0,40056.0,rent,bachelor,5,0,,0.528,0.011,0.03,1,0.741
62,70493.0,9.0,616.0,21766,48,car,single,0,21429.0,other,bachelor,4,0,,0.304,0.309,0.154,1,0.665
68,49997.0,2.0,618.0,18122,72,personal,single,0,5960.0,rent,bachelor,4,0,,0.119,0.362,0.163,0,0.469
48,77084.0,5.0,627.0,8992,12,debt_consolidation,single,0,26720.0,rent,high_school,3,0,,0.347,0.117,0.11,1,0.644
40,68626.0,1.0,827.0,13363,36,personal,single,0,0.0,mortgage,bachelor,4,0,,0.0,0.195,0.03,1,0.843
59,85986.0,5.0,651.0,4281,60,debt_consolidation,single,1,1956.0,mortgage,high_school,2,0,,0.023,0.05,0.085,1,0.82
27,38511.0,9.0,776.0,23531,60,debt_consolidation,married,1,24289.0,rent,master,8,0,,0.631,0.611,0.134,1,0.62
49,6547.0,2.0,709.0,35689,60,home_improvement,single,1,129.0,mortgage,phd,2,0,,0.02,5.45,0.35,0,0.01
60,76131.0,,642.0,8554,72,debt_consolidation,married,1,10867.0,mortgage,high_school,1,0,,0.143,0.112,0.101,1,0.676
47,58744.0,6.0,598.0,27239,24,home_improvement,married,2,0.0,rent,bachelor,9,0,,0.0,0.464,0.194,1,0.791
56,42599.0,7.0,712.0,6392,48,home_improvement,single,0,6765.0,mortgage,bachelor,4,0,,0.159,0.15,0.074,1,0.728
48,43996.0,3.0,587.0,9680,60,debt_consolidation,married,0,8961.0,own,master,4,0,,0.204,0.22,0.151,0,0.456
35,113867.0,7.0,619.0,29337,60,personal,single,0,17070.0,rent,bachelor,6,0,,0.15,0.258,0.142,1,0.889
53,33945.0,7.0,703.0,13802,60,home_improvement,single,0,12486.0,mortgage,high_school,1,0,,0.368,0.407,0.13,0,0.368
19,28667.0,6.0,,21870,72,personal,single,1,20725.0,mortgage,high_school,4,1,110.0,0.723,0.763,0.287,0,0.052
31,52132.0,4.0,618.0,12305,36,personal,married,2,15882.0,mortgage,high_school,5,0,,0.305,0.236,0.138,1,0.525
30,79512.0,10.0,625.0,500,12,debt_consolidation,single,0,7002.0,mortgage,master,2,0,,0.088,0.006,0.089,1,0.847
46,106960.0,6.0,595.0,38374,36,car,married,0,861.0,mortgage,bachelor,3,0,,0.008,0.359,0.174,1,0.796
29,66434.0,8.0,686.0,12832,60,education,single,0,0.0,rent,other,1,0,,0.0,0.193,0.096,1,0.807
56,18240.0,3.0,653.0,16561,36,personal,single,2,0.0,mortgage,bachelor,2,0,,0.0,0.908,0.255,0,0.198
19,99272.0,6.0,542.0,7675,60,personal,single,0,8274.0,rent,bachelor,4,0,,0.083,0.077,0.144,1,0.799
49,49513.0,9.0,611.0,22801,36,education,married,0,0.0,own,master,6,0,,0.0,0.46,0.186,1,0.772
30,29057.0,3.0,621.0,22066,12,debt_consolidation,married,1,0.0,other,master,6,0,,0.0,0.759,0.241,0,0.409
63,23015.0,7.0,620.0,500,48,home_improvement,married,3,5492.0,mortgage,high_school,4,0,,0.239,0.022,0.094,1,0.539
44,70908.0,4.0,698.0,16711,60,personal,single,0,2184.0,rent,high_school,3,0,,0.031,0.236,0.098,1,0.749
66,55971.0,3.0,594.0,23771,36,medical,single,0,18214.0,mortgage,high_school,7,0,,0.325,0.425,0.188,0,0.472
58,,9.0,850.0,27004,60,personal,married,1,,own,master,7,1,70.0,,0.54,0.117,1,0.776
34,82163.0,4.0,761.0,21464,48,education,single,3,34402.0,rent,master,6,0,,0.419,0.261,0.072,1,0.839
57,29946.0,4.0,760.0,22343,36,debt_consolidation,single,0,42911.0,mortgage,high_school,4,0,,1.433,0.746,0.169,0,0.076
48,84154.0,3.0,567.0,9599,24,personal,single,0,5408.0,mortgage,high_school,4,0,,0.064,0.114,0.139,1,0.708
51,37021.0,2.0,488.0,2710,60,personal,married,2,0.0,mortgage,bachelor,6,0,,0.0,0.073,0.171,0,0.493
41,104100.0,3.0,623.0,11891,36,debt_consolidation,married,0,0.0,own,bachelor,1,0,,0.0,0.114,0.111,1,0.787
62,64968.0,6.0,673.0,2482,72,debt_consolidation,single,0,37417.0,rent,bachelor,2,1,112.0,0.576,0.038,0.121,0,0.307
52,26994.0,12.0,637.0,7610,48,car,married,1,0.0,mortgage,other,4,0,,0.0,0.282,0.138,1,0.704
65,5000.0,7.0,608.0,7460,36,business,married,0,1896.0,rent,master,3,0,,0.379,1.492,0.35,0,0.039
23,70223.0,4.0,511.0,5593,36,home_improvement,single,0,0.0,rent,high_school,4,0,,0.0,0.08,0.161,1,0.657
36,40645.0,7.0,596.0,20323,24,debt_consolidation,single,3,5100.0,other,high_school,5,0,,0.125,0.5,0.202,1,0.527
47,46111.0,5.0,631.0,4873,48,car,married,0,2846.0,mortgage,high_school,2,0,,0.062,0.106,0.106,0,0.581
24,69155.0,8.0,610.0,33356,48,debt_consolidation,married,1,22402.0,mortgage,high_school,6,0,,0.324,0.482,0.191,1,0.657
27,75260.0,4.0,610.0,24892,60,home_improvement,single,0,0.0,rent,master,4,0,,0.0,0.331,0.161,1,0.705
58,80593.0,7.0,586.0,26895,36,education,married,0,7186.0,rent,bachelor,5,0,,0.089,0.334,0.174,1,0.8
49,20629.0,5.0,782.0,8108,36,personal,married,0,20770.0,own,bachelor,3,0,,1.007,0.393,0.088,0,0.171
51,85647.0,2.0,707.0,17003,24,car,married,3,0.0,mortgage,bachelor,2,0,,0.0,0.199,0.086,1,0.765
45,35524.0,4.0,726.0,4571,36,medical,single,0,18825.0,mortgage,high_school,1,0,,0.53,0.129,0.063,0,0.324
32,5000.0,6.0,672.0,17174,48,education,single,1,11343.0,mortgage,high_school,1,0,,2.268,3.434,0.35,0,0.05
47,20539.0,6.0,543.0,500,72,car,married,1,0.0,own,master,6,0,,0.0,0.024,0.133,1,0.596
54,55451.0,4.0,709.0,25623,60,debt_consolidation,married,1,0.0,mortgage,master,3,0,,0.0,0.462,0.138,1,0.657
46,25530.0,3.0,758.0,8551,60,home_improvement,single,0,16098.0,mortgage,high_school,2,0,,0.631,0.335,0.088,0,0.254
39,47799.0,4.0,770.0,18028,36,debt_consolidation,married,1,,mortgage,bachelor,8,0,,,0.377,0.09,1,0.762
21,58456.0,5.0,700.0,19885,24,personal,married,1,0.0,other,bachelor,4,0,,0.0,0.34,0.118,1,0.736
37,45465.0,7.0,650.0,9460,36,personal,married,0,21398.0,mortgage,bachelor,2,0,,0.471,0.208,0.117,0,0.411
49,37641.0,10.0,650.0,7017,36,car,single,2,2724.0,rent,bachelor,1,0,,0.072,0.186,0.112,0,0.61
53,18733.0,7.0,692.0,13798,48,personal,married,1,25517.0,mortgage,master,6,0,,1.362,0.737,0.201,0,0.069
67,50549.0,5.0,519.0,23030,36,personal,married,2,14545.0,rent,high_school,4,0,,0.288,0.456,0.232,0,0.313
21,5000.0,3.0,701.0,13530,60,personal,single,2,32200.0,other,bachelor,7,1,108.0,6.439,2.705,0.35,0,0.01
44,32850.0,4.0,611.0,21030,72,debt_consolidation,single,0,15445.0,mortgage,master,2,0,,0.47,0.64,0.222,0,0.167
34,26805.0,4.0,827.0,22941,36,medical,single,0,10420.0,mortgage,master,1,0,,0.389,0.856,0.158,0,0.225
29,44016.0,8.0,626.0,13075,60,education,married,0,0.0,rent,high_school,2,0,,0.0,0.297,0.146,1,0.648
39,44667.0,8.0,,13873,60,medical,single,0,10805.0,rent,bachelor,3,0,,0.242,0.311,0.129,0,0.548
34,73999.0,4.0,662.0,16388,36,debt_consolidation,widowed,0,6412.0,rent,high_school,5,0,,0.087,0.221,0.113,1,0.792
27,89587.0,4.0,595.0,26424,72,medical,married,0,34227.0,mortgage,master,3,0,,0.382,0.295,0.162,1,0.52
18,22056.0,8.0,687.0,11567,36,home_improvement,married,0,13202.0,own,bachelor,3,0,,0.599,0.524,0.161,0,0.258
39,99821.0,4.0,677.0,26378,60,personal,married,3,21738.0,own,high_school,2,0,,0.218,0.264,0.114,1,0.728
43,30518.0,6.0,732.0,17551,36,business,married,5,31058.0,mortgage,bachelor,9,0,,1.018,0.575,0.149,0,0.294
35,54313.0,6.0,708.0,7634,36,debt_consolidation,single,0,30093.0,rent,bachelor,7,0,,0.554,0.141,0.074,1,0.704
67,62772.0,1.0,665.0,14580,48,debt_consolidation,married,1,8695.0,mortgage,high_school,9,0,,0.139,0.232,0.114,1,0.798
31,111115.0,5.0,584.0,3794,60,medical,single,1,41934.0,own,master,3,0,,0.377,0.034,0.115,1,0.718
64,36443.0,3.0,587.0,1540,24,car,single,2,2409.0,rent,high_school,6,0,,0.066,0.042,0.115,1,0.615
46,5082.0,9.0,783.0,21068,24,car,single,0,29957.0,mortgage,bachelor,3,1,117.0,5.894,4.145,0.35,0,0.01
29,87259.0,4.0,657.0,22978,48,business,married,0,0.0,mortgage,bachelor,3,0,,0.0,0.263,0.124,1,0.765
53,29166.0,8.0,816.0,14670,24,personal,single,3,22900.0,rent,master,2,0,,0.785,0.503,0.093,0,0.304
52,40960.0,,585.0,15477,60,debt_consolidation,married,0,0.0,own,high_school,4,0,,0.0,0.378,0.183,1,0.605
69,22056.0,2.0,826.0,9232,60,car,divorced,0,19281.0,mortgage,bachelor,2,0,,0.874,0.419,0.071,0,0.172
29,41032.0,6.0,575.0,16699,60,personal,single,0,0.0,rent,high_school,4,0,,0.0,0.407,0.194,1,0.513
24,289900.0,9.0,615.0,34815,60,personal,married,1,0.0,own,master,3,0,,0.0,0.12,0.333,0,0.26
46,66911.0,4.0,685.0,25097,72,debt_consolidation,married,1,0.0,mortgage,high_school,3,0,,0.0,0.375,0.132,1,0.71
28,52020.0,4.0,730.0,14239,60,debt_consolidation,single,0,17470.0,mortgage,bachelor,2,0,,0.336,0.274,0.09,0,0.53
50,32974.0,6.0,704.0,13368,72,debt_consolidation,divorced,1,,mortgage,bachelor,6,0,,,0.405,0.129,0,0.474
23,74897.0,13.0,497.0,11236,36,personal,married,0,17353.0,rent,high_school,5,0,,0.232,0.15,0.182,1,0.755
64,56375.0,6.0,604.0,889,48,home_improvement,single,1,13320.0,own,high_school,3,0,,0.236,0.016,0.101,1,0.621
32,5000.0,8.0,558.0,10171,72,home_improvement,single,2,2739.0,mortgage,high_school,6,0,,0.548,2.034,0.35,0,0.033
49,72993.0,8.0,539.0,21742,60,debt_consolidation,widowed,0,0.0,rent,master,4,0,,0.0,0.298,0.19,1,0.726
68,54622.0,1.0,649.0,5680,60,debt_consolidation,divorced,2,0.0,own,bachelor,4,0,,0.0,0.104,0.096,1,0.677
28,84768.0,8.0,,12199,12,education,single,1,0.0,mortgage,master,2,0,,0.0,0.144,0.188,1,0.722
40,53098.0,4.0,730.0,3818,60,car,single,1,28195.0,mortgage,high_school,3,0,,0.531,0.072,0.049,0,0.535
43,30207.0,4.0,710.0,22854,60,car,married,2,0.0,rent,high_school,5,0,,0.0,0.757,0.196,0,0.488
51,44893.0,,780.0,2268,36,debt_consolidation,single,0,0.0,rent,phd,3,1,3.0,0.0,0.051,0.07,0,0.55
63,70098.0,6.0,565.0,20927,12,home_improvement,divorced,0,0.0,own,bachelor,2,0,,0.0,0.299,0.177,0,0.612
51,30732.0,6.0,573.0,25286,36,personal,married,0,0.0,mortgage,master,4,1,93.0,0.0,0.823,0.328,0,0.143
46,38993.0,3.0,734.0,11766,72,debt_consolidation,married,0,14570.0,mortgage,master,2,0,,0.374,0.302,0.093,0,0.417
21,44458.0,5.0,740.0,8131,60,personal,single,0,1961.0,rent,other,6,0,,0.044,0.183,0.067,1,0.806
34,21266.0,8.0,758.0,19751,72,debt_consolidation,married,1,7543.0,rent,high_school,3,0,,0.355,0.929,0.207,0,0.311
52,31092.0,9.0,742.0,31024,48,debt_consolidation,single,0,8252.0,mortgage,high_school,4,0,,0.265,0.998,0.229,0,0.414
30,54314.0,3.0,668.0,28417,72,home_improvement,single,1,14330.0,mortgage,high_school,1,0,,0.264,0.523,0.171,0,0.337
58,80062.0,2.0,613.0,14262,48,personal,married,0,11519.0,mortgage,master,5,0,,0.144,0.178,0.129,1,0.699
56,57929.0,7.0,709.0,6168,36,debt_consolidation,married,0,27757.0,mortgage,bachelor,4,0,,0.479,0.106,0.067,1,0.678
32,48853.0,6.0,615.0,12679,36,education,married,1,0.0,other,bachelor,4,0,,0.0,0.26,0.145,1,0.702
46,29218.0,6.0,658.0,500,72,car,married,0,1118.0,own,master,4,0,,0.038,0.017,0.074,1,0.677
46,77379.0,6.0,619.0,9443,36,debt_consolidation,single,1,8666.0,own,bachelor,4,0,,0.112,0.122,0.115,1,0.789
28,60838.0,4.0,671.0,19505,36,debt_consolidation,single,0,8901.0,rent,high_school,2,0,,0.146,0.321,0.129,0,0.578
69,32332.0,6.0,749.0,11323,12,personal,married,0,0.0,mortgage,bachelor,4,0,,0.0,0.35,0.096,0,0.697
49,72466.0,10.0,622.0,8996,36,debt_consolidation,single,3,0.0,own,high_school,4,0,,0.0,0.124,0.114,1,0.871
19,63989.0,4.0,610.0,14445,60,medical,married,2,7888.0,rent,bachelor,7,0,,0.123,0.226,0.14,1,0.713
64,29662.0,3.0,642.0,12306,48,personal,married,1,30787.0,rent,high_school,3,0,,1.038,0.415,0.162,0,0.084
31,47466.0,0.0,556.0,22555,48,debt_consolidation,divorced,1,32271.0,rent,high_school,3,0,,0.68,0.475,0.217,0,0.125
37,37681.0,8.0,703.0,1732,72,home_improvement,married,2,,rent,master,7,0,,,0.046,0.058,1,0.876
39,115838.0,3.0,659.0,20265,48,debt_consolidation,single,1,3542.0,rent,other,6,0,,0.031,0.175,0.106,1,0.928
28,63294.0,4.0,647.0,14539,60,debt_consolidation,single,0,12438.0,other,other,3,1,25.0,0.197,0.23,0.172,0,0.366
44,54669.0,5.0,676.0,19343,36,debt_consolidation,single,1,14559.0,rent,high_school,2,1,52.0,0.266,0.354,0.183,0,0.278
20,61817.0,3.0,532.0,1109,72,education,single,1,0.0,own,master,4,0,,0.0,0.018,0.138,1,0.681
34,84479.0,2.0,762.0,23830,24,medical,single,1,35537.0,rent,bachelor,2,0,,0.421,0.282,0.075,1,0.595
61,47915.0,8.0,608.0,20430,60,education,single,2,1446.0,mortgage,master,4,0,,0.03,0.426,0.181,0,0.664
45,35252.0,4.0,620.0,31732,60,personal,widowed,0,15533.0,own,master,4,0,,0.441,0.9,0.27,0,0.16
46,71107.0,3.0,719.0,6673,36,debt_consolidation,single,2,5061.0,rent,other,8,0,,0.071,0.094,0.059,1,0.908
38,45626.0,8.0,699.0,9150,36,debt_consolidation,married,1,5135.0,mortgage,high_school,8,0,,0.113,0.201,0.091,1,0.867
64,23253.0,5.0,810.0,500,36,debt_consolidation,single,2,21351.0,mortgage,master,5,1,26.0,0.918,0.022,0.049,0,0.231
33,18383.0,6.0,573.0,6764,24,debt_consolidation,single,1,24775.0,other,bachelor,4,0,,1.348,0.368,0.187,0,0.065
54,88232.0,7.0,575.0,29343,48,debt_consolidation,single,0,20211.0,rent,high_school,5,0,,0.229,0.333,0.179,0,0.734
37,53291.0,10.0,554.0,17951,72,home_improvement,single,0,0.0,own,bachelor,0,0,,0.0,0.337,0.19,1,0.518
23,35261.0,7.0,661.0,7736,48,personal,married,1,,other,high_school,4,0,,,0.219,0.113,1,0.679
36,44142.0,,628.0,16331,48,personal,married,0,49905.0,mortgage,master,8,0,,1.131,0.37,0.16,0,0.188
22,70186.0,3.0,594.0,14384,12,debt_consolidation,married,1,14605.0,mortgage,master,2,0,,0.208,0.205,0.144,0,0.516
20,42665.0,7.0,645.0,500,24,personal,married,0,0.0,mortgage,bachelor,6,0,,0.0,0.012,0.08,1,0.812
18,13765.0,3.0,567.0,500,48,personal,married,1,24133.0,mortgage,bachelor,4,0,,1.753,0.036,0.124,0,0.022
55,58146.0,3.0,774.0,26068,72,home_improvement,married,0,0.0,mortgage,high_school,3,0,,0.0,0.448,0.103,1,0.713
32,80209.0,3.0,594.0,22366,60,debt_consolidation,married,0,39526.0,rent,master,10,0,,0.493,0.279,0.159,1,0.718
51,78537.0,8.0,,500,36,personal,single,1,3884.0,mortgage,high_school,1,0,,0.049,0.006,0.099,1,0.76
52,,2.0,459.0,13731,48,education,divorced,0,22883.0,mortgage,bachelor,3,0,,0.458,0.275,0.247,0,0.131
66,81729.0,5.0,518.0,7843,48,personal,divorced,1,9327.0,rent,master,6,0,,0.114,0.096,0.16,1,0.741
42,55324.0,4.0,603.0,25888,60,home_improvement,married,0,0.0,rent,bachelor,4,0,,0.0,0.468,0.192,0,0.556
41,81029.0,2.0,626.0,19476,60,home_improvement,married,1,0.0,rent,bachelor,4,0,,0.0,0.24,0.135,1,0.733
29,64342.0,3.0,708.0,3954,60,debt_consolidation,single,1,0.0,mortgage,high_school,3,0,,0.0,0.061,0.058,0,0.795
35,11960.0,2.0,530.0,16202,12,personal,married,2,0.0,mortgage,high_school,4,0,,0.0,1.355,0.35,0,0.071
32,93668.0,6.0,686.0,14589,72,debt_consolidation,married,0,12812.0,mortgage,bachelor,7,0,,0.137,0.156,0.088,1,0.926
61,51295.0,3.0,700.0,14616,24,debt_consolidation,married,0,0.0,mortgage,high_school,5,0,,0.0,0.285,0.107,1,0.737
33,64420.0,6.0,704.0,9899,48,car,married,0,12914.0,own,high_school,5,0,,0.2,0.154,0.079,1,0.788
44,16399.0,5.0,733.0,15248,72,home_improvement,single,2,0.0,mortgage,bachelor,8,1,16.0,0.0,0.93,0.27,0,0.306
18,62633.0,4.0,557.0,101357,48,debt_consolidation,single,0,15369.0,rent,bachelor,3,0,,0.245,1.618,0.142,0,0.518
63,77573.0,6.0,693.0,3122,24,education,married,0,0.0,mortgage,bachelor,2,0,,0.0,0.04,0.062,1,0.881
42,98383.0,6.0,791.0,2535,36,home_improvement,single,1,12019.0,rent,bachelor,5,0,,0.122,0.026,0.03,1,0.951
34,85010.0,6.0,762.0,4509,48,home_improvement,married,3,0.0,rent,bachelor,2,0,,0.0,0.053,0.03,1,0.897
46,63856.0,7.0,801.0,19223,24,debt_consolidation,married,1,560.0,rent,high_school,7,1,10.0,0.009,0.301,0.11,1,0.819
25,11391.0,10.0,669.0,19495,48,car,single,1,0.0,own,high_school,3,0,,0.0,1.711,0.35,0,0.143
32,53307.0,12.0,603.0,29605,36,debt_consolidation,single,2,0.0,mortgage,master,5,0,,0.0,0.555,0.21,1,0.747
44,35187.0,5.0,448.0,12715,60,debt_consolidation,married,1,31021.0,own,bachelor,3,0,,0.882,0.361,0.248,0,0.085
63,55874.0,7.0,551.0,22014,24,medical,single,2,31418.0,rent,bachelor,3,0,,0.562,0.394,0.203,0,0.26
67,19592.0,10.0,608.0,15471,60,debt_consolidation,single,0,0.0,other,bachelor,7,0,,0.0,0.79,0.254,0,0.548
69,44746.0,2.0,622.0,17996,48,debt_consolidation,married,0,4922.0,rent,high_school,6,0,,0.11,0.402,0.169,1,0.54
24,37070.0,4.0,,23084,48,car,married,0,16875.0,other,high_school,6,0,,0.455,0.623,0.231,0,0.256
20,36296.0,6.0,677.0,20820,36,debt_consolidation,married,0,11207.0,mortgage,bachelor,6,0,,0.309,0.574,0.176,0,0.503
46,,4.0,666.0,16084,48,debt_consolidation,married,2,1361.0,own,bachelor,2,0,,0.027,0.322,0.155,0,0.46
61,46604.0,5.0,653.0,8864,60,education,married,1,0.0,rent,bachelor,3,0,,0.0,0.19,0.112,0,0.698
41,57155.0,3.0,713.0,17758,24,medical,married,0,23155.0,mortgage,high_school,2,0,,0.405,0.311,0.106,1,0.422
20,5000.0,3.0,612.0,28643,60,medical,married,1,2382.0,mortgage,high_school,0,0,,0.476,5.727,0.35,0,0.01
37,5000.0,3.0,738.0,16753,60,home_improvement,married,0,0.0,own,bachelor,4,0,,0.0,3.35,0.35,0,0.02
63,41533.0,6.0,554.0,11047,24,home_improvement,single,0,9322.0,rent,bachelor,6,0,,0.224,0.266,0.176,1,0.523
32,45056.0,5.0,626.0,23214,48,business,single,2,4846.0,mortgage,master,3,1,61.0,0.108,0.515,0.24,0,0.211
42,54728.0,9.0,675.0,1149,48,debt_consolidation,married,0,2370.0,own,high_school,6,0,,0.043,0.021,0.067,1,0.896
47,,1.0,497.0,11400,12,debt_consolidation,single,1,11898.0,rent,other,1,0,,0.238,0.228,0.223,0,0.12
31,50237.0,5.0,610.0,5192,36,education,single,1,6807.0,mortgage,other,2,0,,0.135,0.103,0.116,1,0.591
24,53163.0,6.0,707.0,13785,72,home_improvement,widowed,2,26820.0,mortgage,bachelor,6,0,,0.504,0.259,0.098,1,0.633
34,31636.0,5.0,616.0,27465,48,medical,single,1,0.0,rent,bachelor,2,0,,0.0,0.868,0.266,0,0.238
61,75336.0,8.0,504.0,21409,72,debt_consolidation,single,0,0.0,rent,phd,4,0,,0.0,0.284,0.205,1,0.703
37,54425.0,4.0,579.0,500,60,debt_consolidation,single,1,21573.0,mortgage,high_school,4,0,,0.396,0.009,0.112,1,0.506
53,63674.0,6.0,542.0,8813,12,personal,married,1,47430.0,rent,high_school,6,0,,0.745,0.138,0.157,0,0.398
26,51721.0,5.0,690.0,500,24,home_improvement,divorced,0,45083.0,rent,high_school,4,0,,0.872,0.01,0.057,0,0.409
55,102592.0,7.0,659.0,25583,60,car,married,1,20978.0,mortgage,bachelor,5,0,,0.204,0.249,0.12,1,0.858
65,64910.0,4.0,525.0,9175,48,debt_consolidation,married,0,4742.0,other,high_school,4,0,,0.073,0.141,0.166,1,0.602
39,37800.0,7.0,519.0,15759,24,debt_consolidation,married,0,1989.0,rent,phd,4,0,,0.053,0.417,0.224,0,0.442
19,70524.0,4.0,592.0,16240,48,debt_consolidation,divorced,1,4194.0,mortgage,bachelor,5,0,,0.059,0.23,0.15,1,0.719
41,9060.0,5.0,653.0,17059,60,home_improvement,single,0,0.0,rent,master,6,0,,0.0,1.883,0.35,0,0.112
25,52990.0,5.0,,500,60,personal,married,1,20244.0,rent,high_school,3,0,,0.382,0.009,0.104,0,0.491
28,57979.0,5.0,678.0,18611,36,personal,single,1,29820.0,rent,bachelor,4,0,,0.514,0.321,0.125,1,0.477
30,53276.0,6.0,675.0,9515,36,education,single,2,7974.0,rent,bachelor,4,0,,0.15,0.179,0.098,1,0.748
34,41656.0,5.0,693.0,23458,72,personal,married,3,41394.0,own,bachelor,5,0,,0.994,0.563,0.166,0,0.182
25,24693.0,3.0,537.0,17028,60,car,single,1,50891.0,mortgage,master,5,0,,2.061,0.69,0.269,0,0.01
38,30266.0,3.0,628.0,21317,36,home_improvement,married,0,23276.0,own,bachelor,1,1,32.0,0.769,0.704,0.277,0,0.035
35,52552.0,5.0,736.0,7718,60,debt_consolidation,single,2,0.0,own,high_school,2,0,,0.0,0.147,0.061,1,0.76
47,22162.0,4.0,596.0,3711,36,education,single,2,0.0,rent,other,2,0,,0.0,0.167,0.135,1,0.453
35,94254.0,5.0,585.0,23903,36,debt_consolidation,single,1,21611.0,mortgage,bachelor,7,0,,0.229,0.254,0.158,1,0.812
63,5000.0,2.0,611.0,20634,36,home_improvement,married,2,25799.0,rent,high_school,0,0,,5.159,4.126,0.35,0,0.01
64,41914.0,8.0,609.0,17222,24,personal,married,1,147.0,rent,bachelor,4,0,,0.004,0.411,0.178,1,0.605
48,52760.0,4.0,660.0,17208,60,debt_consolidation,widowed,1,0.0,rent,bachelor,4,0,,0.0,0.326,0.135,0,0.673
55,62686.0,1.0,603.0,19206,48,debt_consolidation,married,0,0.0,rent,bachelor,6,0,,0.0,0.306,0.16,1,0.668
49,27102.0,3.0,488.0,2077,36,debt_consolidation,married,1,0.0,own,bachelor,9,0,,0.0,0.077,0.171,1,0.611
28,78357.0,6.0,745.0,25756,60,car,single,1,3727.0,rent,bachelor,3,1,92.0,0.048,0.329,0.143,0,0.623
62,15154.0,7.0,691.0,13459,60,debt_consolidation,married,0,26357.0,mortgage,high_school,3,0,,1.739,0.888,0.232,0,0.035
42,35847.0,5.0,662.0,13745,24,car,married,1,1409.0,mortgage,high_school,2,0,,0.039,0.383,0.146,0,0.477
50,65519.0,3.0,642.0,10819,48,debt_consolidation,married,1,0.0,rent,bachelor,3,0,,0.0,0.165,0.112,1,0.704
55,76005.0,5.0,624.0,500,60,car,single,2,172.0,own,bachelor,0,0,,0.002,0.007,0.089,1,0.695
58,14900.0,4.0,586.0,20752,60,debt_consolidation,married,0,5003.0,own,high_school,6,0,,0.336,1.393,0.35,0,0.101
25,116126.0,4.0,500.0,5016,60,personal,single,1,4674.0,other,high_school,3,0,,0.04,0.043,0.159,1,0.782
28,27563.0,2.0,780.0,16081,36,home_improvement,divorced,0,,rent,phd,5,0,,,0.583,0.127,0,0.587
39,17195.0,3.0,652.0,6798,36,medical,married,0,4883.0,mortgage,master,3,0,,0.284,0.395,0.153,0,0.238
68,62568.0,4.0,521.0,11565,60,medical,single,0,29801.0,rent,bachelor,4,0,,0.476,0.185,0.177,0,0.333
41,41293.0,6.0,568.0,11008,60,home_improvement,single,0,3008.0,own,high_school,3,0,,0.073,0.267,0.169,0,0.49
58,37599.0,,674.0,6567,36,debt_consolidation,married,1,0.0,rent,bachelor,4,0,,0.0,0.175,0.098,1,0.756
34,64891.0,5.0,673.0,12741,12,car,married,1,0.0,rent,high_school,4,0,,0.0,0.196,0.103,1,0.775
29,11818.0,2.0,590.0,10191,60,medical,married,2,,rent,bachelor,5,0,,,0.862,0.277,0,0.011
63,7447.0,3.0,564.0,4595,36,home_improvement,married,0,0.0,rent,bachelor,6,0,,0.0,0.617,0.241,0,0.288
49,35064.0,6.0,604.0,26729,36,debt_consolidation,married,1,0.0,rent,bachelor,5,0,,0.0,0.762,0.25,0,0.448
32,76948.0,6.0,496.0,6986,36,debt_consolidation,single,2,26831.0,mortgage,high_school,1,0,,0.349,0.091,0.17,1,0.434
33,36149.0,9.0,612.0,20621,48,debt_consolidation,divorced,1,20066.0,mortgage,bachelor,4,0,,0.555,0.57,0.208,0,0.306
39,89979.0,5.0,613.0,21682,36,debt_consolidation,married,0,1864.0,own,master,6,0,,0.021,0.241,0.142,1,0.86
45,80025.0,3.0,772.0,24239,48,personal,single,0,17295.0,rent,bachelor,4,0,,0.216,0.303,0.075,1,0.776
18,57074.0,6.0,614.0,101357,24,debt_consolidation,single,1,0.0,rent,bachelor,4,0,,0.0,1.776,0.126,1,0.737
50,58493.0,4.0,670.0,13013,72,home_improvement,single,1,0.0,mortgage,high_school,7,1,96.0,0.0,0.222,0.159,1,0.621
27,57050.0,5.0,778.0,13322,72,medical,single,0,0.0,rent,bachelor,3,0,,0.0,0.234,0.058,1,0.779
57,53993.0,4.0,565.0,20272,72,personal,married,0,0.0,mortgage,bachelor,2,0,,0.0,0.375,0.192,0,0.444
49,40844.0,7.0,600.0,12576,60,home_improvement,single,0,8579.0,mortgage,high_school,3,0,,0.21,0.308,0.162,0,0.469
67,43745.0,9.0,607.0,19585,60,debt_consolidation,married,0,39852.0,rent,bachelor,3,0,,0.911,0.448,0.186,0,0.205
50,23251.0,,516.0,12442,36,debt_consolidation,married,0,0.0,mortgage,bachelor,5,0,,0.0,0.535,0.249,0,0.369
19,5000.0,5.0,629.0,26172,12,home_improvement,single,0,35290.0,mortgage,bachelor,8,0,,7.057,5.233,0.35,0,0.01
50,77602.0,,743.0,14883,24,home_improvement,single,1,0.0,mortgage,high_school,3,0,,0.0,0.192,0.067,1,0.809
50,53931.0,7.0,718.0,13679,36,debt_consolidation,married,0,17486.0,mortgage,high_school,3,0,,0.324,0.254,0.092,1,0.652
58,50155.0,2.0,745.0,18395,48,debt_consolidation,single,0,0.0,own,other,3,0,,0.0,0.367,0.101,1,0.661
30,599610.0,5.0,599.0,31355,72,personal,single,3,17668.0,mortgage,bachelor,5,0,,0.029,0.052,0.205,0,0.463
47,29290.0,5.0,560.0,8948,48,debt_consolidation,single,1,0.0,mortgage,high_school,4,0,,0.0,0.305,0.181,1,0.469
50,24973.0,4.0,830.0,25394,48,home_improvement,single,0,20772.0,mortgage,master,4,0,,0.832,1.017,0.188,0,0.155
30,42908.0,2.0,667.0,6824,60,personal,single,3,0.0,mortgage,high_school,5,0,,0.0,0.159,0.098,1,0.666
69,84202.0,11.0,521.0,15438,36,education,single,0,17399.0,rent,bachelor,6,0,,0.207,0.183,0.176,1,0.852
43,20781.0,5.0,850.0,7052,72,home_improvement,married,0,6754.0,rent,high_school,4,0,,0.325,0.339,0.043,1,0.602
39,5000.0,8.0,643.0,11287,48,debt_consolidation,single,0,28122.0,mortgage,other,2,1,87.0,5.623,2.257,0.35,0,0.02
56,36965.0,10.0,414.0,8215,36,personal,married,0,7087.0,rent,bachelor,1,0,,0.192,0.222,0.237,0,0.261
19,78567.0,10.0,766.0,21982,72,debt_consolidation,single,0,13102.0,own,bachelor,4,0,,0.167,0.28,0.073,1,0.902
55,6686.0,5.0,465.0,10028,48,medical,single,0,10833.0,rent,bachelor,1,0,,1.62,1.5,0.35,0,0.01
56,20493.0,,673.0,20302,48,personal,married,1,23095.0,rent,high_school,4,0,,1.127,0.991,0.262,0,0.032
43,56589.0,7.0,717.0,9732,48,debt_consolidation,single,0,23959.0,rent,bachelor,3,0,,0.423,0.172,0.076,1,0.645
63,114248.0,7.0,705.0,14945,60,medical,single,0,10538.0,rent,bachelor,7,0,,0.092,0.131,0.074,1,0.932
67,16045.0,10.0,774.0,29576,36,personal,married,0,0.0,own,other,5,0,,0.0,1.843,0.35,0,0.261
32,15077.0,3.0,731.0,7545,60,education,single,0,0.0,mortgage,master,3,0,,0.0,0.5,0.134,0,0.477
51,58467.0,7.0,799.0,7735,72,home_improvement,single,0,21709.0,own,master,2,0,,0.371,0.132,0.03,1,0.733
59,80117.0,6.0,643.0,12538,48,personal,single,1,0.0,mortgage,high_school,4,0,,0.0,0.156,0.11,1,0.825
61,34398.0,2.0,617.0,14824,60,car,single,0,0.0,own,high_school,1,0,,0.0,0.431,0.178,0,0.309
66,9465.0,2.0,622.0,21208,60,medical,single,1,784.0,mortgage,bachelor,7,0,,0.083,2.24,0.35,0,0.021
57,60844.0,3.0,760.0,15430,36,car,divorced,0,6428.0,mortgage,bachelor,2,1,75.0,0.106,0.254,0.121,0,0.44
28,65371.0,4.0,599.0,17452,72,debt_consolidation,married,0,4286.0,rent,bachelor,3,0,,0.066,0.267,0.154,1,0.611
20,94466.0,2.0,718.0,3457,60,debt_consolidation,married,0,10480.0,own,master,8,0,,0.111,0.037,0.048,1,0.939
23,66424.0,9.0,581.0,18016,48,debt_consolidation,married,2,0.0,mortgage,master,5,0,,0.0,0.271,0.164,1,0.799
26,70702.0,7.0,583.0,18283,60,debt_consolidation,married,1,0.0,mortgage,high_school,2,0,,0.0,0.259,0.16,1,0.682
23,43446.0,8.0,,21716,48,debt_consolidation,married,0,36556.0,mortgage,master,4,0,,0.841,0.5,0.128,0,0.358
26,111038.0,3.0,685.0,11716,24,home_improvement,married,0,30947.0,rent,bachelor,5,0,,0.279,0.106,0.079,1,0.863
56,40046.0,7.0,477.0,14933,60,debt_consolidation,single,1,17610.0,other,bachelor,5,0,,0.44,0.373,0.236,0,0.285
48,34702.0,3.0,582.0,22064,48,personal,single,2,19138.0,rent,bachelor,4,0,,0.551,0.636,0.236,0,0.144
49,95238.0,10.0,444.0,4414,60,business,married,0,13835.0,rent,master,4,0,,0.145,0.046,0.187,1,0.746
58,13144.0,4.0,620.0,500,36,car,married,0,8936.0,own,bachelor,6,1,109.0,0.68,0.038,0.148,0,0.124
67,5000.0,7.0,628.0,3911,48,home_improvement,single,0,0.0,rent,high_school,5,0,,0.0,0.782,0.242,0,0.342
29,52989.0,2.0,612.0,8607,60,debt_consolidation,married,3,31459.0,mortgage,bachelor,4,0,,0.594,0.162,0.126,0,0.342
25,49957.0,2.0,747.0,25724,72,home_improvement,married,1,37740.0,mortgage,master,3,0,,0.755,0.515,0.13,0,0.251
25,44303.0,5.0,683.0,35293,60,education,single,2,1409.0,mortgage,master,4,0,,0.032,0.797,0.218,1,0.527
67,74848.0,10.0,847.0,5906,60,business,divorced,0,26165.0,mortgage,high_school,6,0,,0.35,0.079,0.03,1,0.922
45,27295.0,6.0,693.0,14158,36,debt_consolidation,married,1,3124.0,own,bachelor,7,0,,0.114,0.519,0.157,0,0.636
37,51604.0,4.0,694.0,9731,60,medical,married,1,0.0,other,high_school,4,0,,0.0,0.189,0.091,0,0.708
64,,1.0,672.0,19812,36,medical,single,0,2966.0,own,high_school,5,1,45.0,0.059,0.396,0.211,0,0.238
24,27720.0,8.0,628.0,17799,36,car,single,1,3847.0,mortgage,bachelor,4,0,,0.139,0.642,0.214,0,0.406
28,48454.0,5.0,598.0,6234,24,debt_consolidation,single,0,18456.0,mortgage,bachelor,7,0,,0.381,0.129,0.127,1,0.612
37,71315.0,3.0,631.0,8789,60,car,single,3,2740.0,rent,high_school,3,0,,0.038,0.123,0.109,1,0.694
33,103014.0,4.0,635.0,13570,24,car,married,1,22237.0,rent,master,6,0,,0.216,0.132,0.109,1,0.846
21,64485.0,3.0,642.0,27303,24,home_improvement,married,1,0.0,own,master,5,0,,0.0,0.423,0.164,1,0.678
23,5000.0,3.0,701.0,8462,36,home_improvement,married,0,8515.0,mortgage,bachelor,4,1,38.0,1.703,1.692,0.35,0,0.011
39,49046.0,4.0,674.0,500,48,debt_consolidation,single,1,0.0,mortgage,high_school,3,0,,0.0,0.01,0.065,1,0.738
43,51245.0,4.0,609.0,28030,60,debt_consolidation,single,1,0.0,mortgage,high_school,5,0,,0.0,0.547,0.205,0,0.566
20,73405.0,5.0,591.0,19973,48,debt_consolidation,married,4,14910.0,rent,high_school,4,1,108.0,0.203,0.272,0.209,0,0.392
58,54620.0,3.0,668.0,3371,48,debt_consolidation,single,0,11028.0,rent,high_school,2,0,,0.202,0.062,0.078,1,0.587
59,81327.0,6.0,576.0,18063,36,debt_consolidation,widowed,2,2497.0,other,master,8,1,116.0,0.031,0.222,0.206,1,0.698
31,59792.0,4.0,616.0,23117,36,debt_consolidation,married,1,0.0,own,bachelor,4,0,,0.0,0.387,0.169,0,0.633
28,88970.0,6.0,607.0,15937,24,debt_consolidation,married,1,0.0,mortgage,high_school,6,0,,0.0,0.179,0.132,1,0.884
35,39031.0,6.0,844.0,28626,48,medical,single,1,14775.0,mortgage,high_school,4,0,,0.379,0.733,0.125,1,0.507
18,53609.0,5.0,548.0,101357,48,personal,married,0,0.0,mortgage,phd,3,1,75.0,0.0,1.891,0.253,0,0.257
40,70666.0,7.0,587.0,18055,36,debt_consolidation,single,0,33929.0,own,bachelor,2,0,,0.48,0.255,0.158,0,0.455
29,35695.0,5.0,606.0,17039,60,debt_consolidation,married,0,12143.0,own,bachelor,2,0,,0.34,0.477,0.192,0,0.266
30,30250.0,6.0,614.0,16359,72,personal,single,1,17418.0,mortgage,bachelor,3,0,,0.576,0.541,0.201,0,0.184
42,34266.0,4.0,730.0,23781,24,education,married,0,30663.0,rent,high_school,7,0,,0.895,0.694,0.174,0,0.276
62,31270.0,8.0,630.0,13504,12,debt_consolidation,single,0,0.0,mortgage,other,5,0,,0.0,0.432,0.171,1,0.633
68,63064.0,11.0,544.0,24495,60,medical,married,2,16268.0,rent,high_school,3,0,,0.258,0.388,0.206,1,0.526
36,5000.0,6.0,764.0,18119,36,debt_consolidation,single,4,17066.0,mortgage,bachelor,2,0,,3.413,3.623,0.35,0,0.02
63,11101.0,3.0,671.0,16056,36,car,single,0,1782.0,other,high_school,5,0,,0.161,1.446,0.35,0,0.111
53,96569.0,4.0,684.0,11920,36,personal,married,2,0.0,other,bachelor,8,0,,0.0,0.123,0.083,1,0.931
62,31873.0,8.0,702.0,12013,72,debt_consolidation,divorced,0,0.0,rent,master,4,0,,0.0,0.377,0.124,0,0.699
25,55000.0,6.0,551.0,18190,60,personal,married,0,0.0,own,master,5,1,73.0,0.0,0.331,0.241,0,0.376
46,12771.0,5.0,649.0,25131,12,debt_consolidation,married,1,26289.0,rent,high_school,5,0,,2.058,1.968,0.35,0,0.021
49,52353.0,6.0,716.0,20044,12,car,single,2,0.0,rent,bachelor,4,0,,0.0,0.383,0.119,1,0.735
68,32025.0,4.0,599.0,7855,36,home_improvement,single,2,23962.0,own,high_school,4,0,,0.748,0.245,0.15,0,0.198
61,10923.0,5.0,675.0,500,36,business,single,0,0.0,mortgage,other,4,0,,0.0,0.046,0.072,1,0.587
35,83423.0,14.0,693.0,22398,48,debt_consolidation,widowed,0,10234.0,rent,bachelor,5,0,,0.123,0.268,0.107,1,0.938
23,79564.0,4.0,533.0,41830,60,education,single,0,17504.0,rent,bachelor,8,1,95.0,0.22,0.526,0.289,0,0.418
35,,6.0,567.0,12241,36,business,married,3,25022.0,own,high_school,2,0,,0.5,0.245,0.168,0,0.253
36,74985.0,2.0,467.0,10364,36,home_improvement,married,0,2651.0,rent,high_school,10,0,,0.035,0.138,0.194,1,0.765
39,97582.0,5.0,668.0,23205,36,debt_consolidation,married,0,0.0,rent,master,4,0,,0.0,0.238,0.114,1,0.878
54,68852.0,5.0,801.0,6391,12,debt_consolidation,divorced,1,0.0,own,bachelor,1,0,,0.0,0.093,0.03,1,0.853
49,61992.0,4.0,595.0,29962,72,education,single,0,3123.0,mortgage,high_school,4,0,,0.05,0.483,0.199,0,0.589
58,54974.0,3.0,635.0,19123,24,personal,married,3,59383.0,mortgage,master,5,0,,1.08,0.348,0.152,0,0.172
20,66237.0,6.0,731.0,14734,36,home_improvement,married,0,6300.0,rent,high_school,8,0,,0.095,0.222,0.079,1,0.9
45,40902.0,5.0,671.0,7259,24,car,married,1,0.0,rent,high_school,2,0,,0.0,0.177,0.1,1,0.608
27,43084.0,7.0,572.0,23821,48,debt_consolidation,single,1,7301.0,rent,high_school,2,0,,0.169,0.553,0.225,0,0.349
68,61272.0,8.0,772.0,10558,72,home_improvement,single,0,20676.0,rent,high_school,1,1,52.0,0.337,0.172,0.098,0,0.465
52,38153.0,6.0,666.0,22092,24,debt_consolidation,married,0,588.0,rent,bachelor,8,0,,0.015,0.579,0.183,1,0.716
46,40855.0,5.0,631.0,18991,48,education,single,0,0.0,mortgage,bachelor,3,0,,0.0,0.465,0.178,0,0.544
32,50005.0,8.0,638.0,27914,12,personal,divorced,0,47689.0,rent,high_school,3,0,,0.954,0.558,0.193,0,0.174
50,78765.0,9.0,697.0,16590,60,personal,single,1,15579.0,rent,high_school,3,0,,0.198,0.211,0.094,1,0.81
24,21683.0,3.0,601.0,46163,48,debt_consolidation,married,0,32974.0,rent,high_school,4,0,,1.521,2.129,0.35,0,0.022
29,68979.0,5.0,776.0,20550,60,car,married,1,3995.0,own,high_school,4,0,,0.058,0.298,0.072,1,0.827
66,69795.0,2.0,751.0,16463,48,debt_consolidation,married,0,,rent,high_school,3,0,,,0.236,0.072,1,0.557
47,69645.0,6.0,651.0,11110,72,debt_consolidation,married,1,23611.0,rent,high_school,2,0,,0.339,0.16,0.107,1,0.61
38,29831.0,9.0,655.0,23767,48,debt_consolidation,married,2,17668.0,rent,high_school,2,0,,0.592,0.797,0.232,0,0.192
48,7683.0,5.0,582.0,11334,48,debt_consolidation,married,0,0.0,mortgage,master,5,0,,0.0,1.475,0.35,0,0.128
41,63993.0,7.0,599.0,7258,60,education,married,1,0.0,mortgage,high_school,3,0,,0.0,0.113,0.123,1,0.782
37,54688.0,7.0,559.0,10313,48,home_improvement,single,1,16751.0,mortgage,bachelor,9,0,,0.306,0.189,0.158,1,0.72
54,,3.0,634.0,13078,36,personal,single,0,4791.0,rent,high_school,6,0,,0.096,0.262,0.118,1,0.783
21,32487.0,5.0,655.0,37498,36,debt_consolidation,single,0,15588.0,rent,bachelor,5,0,,0.48,1.154,0.303,0,0.17
45,69003.0,5.0,523.0,17925,24,home_improvement,single,1,2848.0,mortgage,master,3,0,,0.041,0.26,0.19,1,0.566
61,76360.0,4.0,705.0,8390,48,debt_consolidation,married,0,16322.0,rent,bachelor,7,0,,0.214,0.11,0.07,1,0.869
37,47617.0,5.0,,25888,48,debt_consolidation,married,1,171.0,own,high_school,3,0,,0.004,0.544,0.219,0,0.452
41,60423.0,4.0,683.0,16885,24,personal,married,0,16754.0,mortgage,high_school,5,0,,0.277,0.279,0.114,1,0.642
67,59549.0,8.0,715.0,27948,48,home_improvement,single,0,0.0,own,master,1,0,,0.0,0.469,0.136,1,0.685
66,29463.0,7.0,755.0,34118,60,personal,single,3,4858.0,own,bachelor,3,0,,0.165,1.158,0.254,0,0.309
18,63277.0,6.0,738.0,101357,36,home_improvement,married,1,6775.0,rent,high_school,2,0,,0.107,1.602,0.033,1,0.806
49,90562.0,7.0,783.0,500,36,debt_consolidation,divorced,0,0.0,mortgage,phd,2,0,,0.0,0.006,0.03,1,0.941
58,50555.0,10.0,715.0,34915,60,debt_consolidation,divorced,0,374.0,mortgage,bachelor,6,0,,0.007,0.691,0.181,1,0.795
53,13477.0,4.0,663.0,8127,60,personal,married,1,14201.0,mortgage,master,2,0,,1.054,0.603,0.189,0,0.048
51,32819.0,9.0,612.0,500,24,debt_consolidation,married,1,20618.0,rent,high_school,4,0,,0.628,0.015,0.097,0,0.447
53,5514.0,9.0,640.0,9751,48,personal,divorced,1,13761.0,mortgage,high_school,4,0,,2.495,1.768,0.35,0,0.01
19,82257.0,9.0,780.0,5324,60,home_improvement,married,0,17601.0,other,bachelor,5,1,74.0,0.214,0.065,0.073,1,0.82
32,69103.0,3.0,634.0,7275,48,debt_consolidation,divorced,3,11287.0,mortgage,bachelor,4,0,,0.163,0.105,0.104,1,0.696
51,37466.0,3.0,650.0,23557,48,education,single,0,0.0,own,high_school,5,0,,0.0,0.629,0.201,1,0.522
53,14549.0,8.0,768.0,11406,48,debt_consolidation,divorced,1,0.0,mortgage,bachelor,4,0,,0.0,0.784,0.173,1,0.55
23,29168.0,6.0,631.0,500,60,debt_consolidation,married,1,2057.0,mortgage,bachelor,2,0,,0.071,0.017,0.088,0,0.571
56,34043.0,9.0,586.0,15325,36,personal,single,1,8176.0,mortgage,high_school,3,0,,0.24,0.45,0.197,0,0.391
59,52735.0,2.0,741.0,6488,60,home_improvement,single,0,583.0,mortgage,bachelor,6,0,,0.011,0.123,0.054,1,0.82
68,51894.0,6.0,,12507,72,car,married,1,,mortgage,bachelor,2,0,,,0.241,0.156,0,0.258
68,83536.0,,682.0,13079,36,debt_consolidation,married,1,14146.0,mortgage,bachelor,4,0,,0.169,0.157,0.09,1,0.765
29,32681.0,9.0,668.0,23455,60,debt_consolidation,widowed,0,8627.0,rent,high_school,4,0,,0.264,0.718,0.21,1,0.435
20,12295.0,6.0,675.0,9946,36,home_improvement,single,3,18206.0,own,bachelor,5,0,,1.481,0.809,0.224,0,0.042
62,21076.0,1.0,456.0,21978,36,car,single,1,40337.0,rent,high_school,8,1,88.0,1.914,1.043,0.35,0,0.01
35,49424.0,3.0,712.0,500,72,business,single,0,5777.0,own,master,5,0,,0.117,0.01,0.046,1,0.746
57,,,645.0,23988,12,car,married,2,0.0,mortgage,bachelor,3,1,63.0,0.0,0.48,0.278,0,0.158
38,42700.0,4.0,699.0,27989,36,business,married,2,14828.0,own,bachelor,2,0,,0.347,0.655,0.182,0,0.28
32,,6.0,690.0,12698,48,debt_consolidation,married,1,0.0,rent,master,4,0,,0.0,0.254,0.121,0,0.687
50,74756.0,8.0,,6814,48,debt_consolidation,single,0,0.0,rent,high_school,5,1,78.0,0.0,0.091,0.131,1,0.764
52,35326.0,5.0,618.0,4224,48,debt_consolidation,single,0,31360.0,rent,bachelor,10,0,,0.888,0.12,0.115,0,0.447
43,40566.0,11.0,619.0,14745,36,business,single,3,29437.0,mortgage,bachelor,4,0,,0.726,0.363,0.163,0,0.339
25,679320.0,9.0,646.0,27161,24,business,married,0,19754.0,mortgage,other,5,0,,0.029,0.04,0.157,1,0.688
53,35875.0,5.0,664.0,10742,36,debt_consolidation,single,0,15848.0,mortgage,master,3,0,,0.442,0.299,0.128,0,0.375
65,60580.0,4.0,616.0,26114,48,debt_consolidation,single,0,0.0,rent,master,8,0,,0.0,0.431,0.178,1,0.766
47,58287.0,3.0,725.0,3486,48,medical,married,0,0.0,rent,high_school,6,0,,0.0,0.06,0.05,1,0.826
40,53544.0,12.0,624.0,11485,48,personal,married,0,29845.0,mortgage,high_school,2,0,,0.557,0.214,0.131,1,0.497
59,21640.0,5.0,572.0,14564,48,business,single,0,2396.0,rent,high_school,4,0,,0.111,0.673,0.249,0,0.245
61,80744.0,12.0,698.0,17164,36,debt_consolidation,single,0,0.0,mortgage,bachelor,3,0,,0.0,0.213,0.094,1,0.919
31,105517.0,4.0,800.0,11672,60,car,married,2,7151.0,mortgage,bachelor,4,0,,0.068,0.111,0.03,1,0.929
31,50221.0,5.0,557.0,27466,24,business,divorced,2,18656.0,own,high_school,2,0,,0.371,0.547,0.231,0,0.214
19,23841.0,3.0,640.0,27623,36,debt_consolidation,married,2,6887.0,own,bachelor,3,0,,0.289,1.159,0.312,0,0.125
54,50728.0,3.0,735.0,13252,60,car,single,1,7330.0,rent,master,5,0,,0.144,0.261,0.085,1,0.699
22,74747.0,5.0,696.0,9795,36,debt_consolidation,married,0,0.0,mortgage,high_school,2,0,,0.0,0.131,0.078,1,0.808
55,34620.0,3.0,700.0,8996,48,debt_consolidation,widowed,1,8938.0,rent,master,2,0,,0.258,0.26,0.102,0,0.426
62,46778.0,8.0,652.0,25344,36,personal,married,1,24961.0,rent,high_school,2,0,,0.534,0.542,0.182,0,0.299
58,58516.0,6.0,437.0,8350,48,personal,single,1,8971.0,own,high_school,5,0,,0.153,0.143,0.21,1,0.492
64,80076.0,,671.0,500,36,home_improvement,single,3,41049.0,rent,master,2,0,,0.513,0.006,0.066,1,0.598
31,69386.0,2.0,680.0,1878,72,debt_consolidation,divorced,0,0.0,mortgage,bachelor,7,0,,0.0,0.027,0.065,1,0.88
56,70422.0,8.0,740.0,21670,36,medical,married,0,2657.0,own,phd,1,0,,0.038,0.308,0.092,1,0.755
42,39343.0,7.0,590.0,1346,48,debt_consolidation,married,1,0.0,rent,bachelor,5,0,,0.0,0.034,0.112,1,0.735
37,60048.0,3.0,785.0,11011,60,debt_consolidation,single,1,0.0,rent,master,5,0,,0.0,0.183,0.044,1,0.864
19,31951.0,3.0,625.0,16022,48,home_improvement,married,1,18054.0,rent,high_school,3,1,5.0,0.565,0.501,0.238,0,0.078
56,71138.0,8.0,611.0,500,48,car,single,0,5876.0,rent,bachelor,3,0,,0.083,0.007,0.096,1,0.786
23,78780.0,5.0,592.0,16823,48,debt_consolidation,single,1,39165.0,rent,other,3,1,3.0,0.497,0.214,0.197,0,0.274
34,63834.0,6.0,734.0,11754,48,car,married,3,13708.0,mortgage,bachelor,5,1,82.0,0.215,0.184,0.12,0,0.592
42,40815.0,9.0,562.0,500,60,debt_consolidation,single,0,0.0,rent,high_school,3,0,,0.0,0.012,0.121,1,0.69
45,44907.0,4.0,701.0,16952,24,personal,single,2,0.0,rent,high_school,2,1,86.0,0.0,0.377,0.175,0,0.325
19,95163.0,5.0,585.0,18958,60,personal,divorced,1,35000.0,rent,master,4,0,,0.368,0.199,0.147,1,0.659
52,41232.0,6.0,646.0,16847,48,medical,single,1,13311.0,own,bachelor,5,0,,0.323,0.409,0.159,0,0.462
54,76250.0,7.0,528.0,20043,60,home_improvement,married,1,29579.0,mortgage,bachelor,4,0,,0.388,0.263,0.189,1,0.525
22,58472.0,3.0,713.0,17581,12,debt_consolidation,married,0,11043.0,mortgage,master,4,0,,0.189,0.301,0.104,1,0.659
18,41647.0,4.0,638.0,22302,60,medical,divorced,0,10238.0,own,master,4,0,,0.246,0.535,0.188,0,0.356
57,16384.0,4.0,695.0,5541,24,personal,married,0,30097.0,rent,bachelor,4,0,,1.837,0.338,0.12,0,0.026
29,55290.0,1.0,636.0,1032,60,debt_consolidation,married,0,15592.0,rent,master,1,0,,0.282,0.019,0.086,0,0.436
53,52278.0,5.0,692.0,3387,48,home_improvement,single,0,15427.0,rent,bachelor,2,0,,0.295,0.065,0.067,0,0.597
62,95163.0,4.0,646.0,6878,60,debt_consolidation,married,1,3921.0,mortgage,bachelor,4,0,,0.041,0.072,0.091,1,0.867
40,28495.0,1.0,709.0,35220,48,home_improvement,divorced,0,23071.0,mortgage,high_school,2,0,,0.81,1.236,0.293,0,0.048
64,107369.0,3.0,693.0,6967,36,home_improvement,single,1,8886.0,rent,high_school,3,1,63.0,0.083,0.065,0.116,1,0.71
48,59470.0,7.0,666.0,9782,48,personal,married,1,1674.0,mortgage,master,2,0,,0.028,0.164,0.1,1,0.721
28,59446.0,0.0,578.0,12657,36,debt_consolidation,single,1,42287.0,mortgage,high_school,4,0,,0.711,0.213,0.154,0,0.235
27,35173.0,9.0,615.0,11433,48,home_improvement,single,0,5506.0,mortgage,high_school,3,1,69.0,0.157,0.325,0.208,0,0.294
20,57868.0,5.0,588.0,33152,60,personal,single,0,0.0,rent,bachelor,7,0,,0.0,0.573,0.221,1,0.647
31,61826.0,4.0,764.0,500,24,home_improvement,single,0,27061.0,rent,bachelor,6,0,,0.438,0.008,0.03,1,0.79
33,73433.0,0.0,712.0,36854,48,personal,widowed,1,20181.0,rent,high_school,7,0,,0.275,0.502,0.144,1,0.644
27,25542.0,6.0,653.0,16447,48,debt_consolidation,married,3,57.0,own,master,5,0,,0.002,0.644,0.202,0,0.505
46,85170.0,6.0,605.0,24615,36,personal,married,0,8817.0,own,bachelor,6,0,,0.104,0.289,0.155,1,0.8
27,,2.0,587.0,15204,72,debt_consolidation,married,2,20034.0,mortgage,master,8,0,,0.401,0.304,0.158,1,0.591
29,65206.0,3.0,,23153,48,personal,married,0,13170.0,rent,bachelor,5,0,,0.202,0.355,0.141,1,0.623
47,44476.0,5.0,797.0,5556,36,debt_consolidation,married,0,21790.0,mortgage,bachelor,4,0,,0.49,0.125,0.03,1,0.66
58,26796.0,7.0,650.0,1450,24,home_improvement,married,1,9901.0,mortgage,bachelor,3,0,,0.369,0.054,0.086,0,0.477
18,51818.0,5.0,746.0,40931,48,debt_consolidation,single,1,22271.0,rent,high_school,2,0,,0.43,0.79,0.185,0,0.342
22,,5.0,672.0,34135,36,home_improvement,married,0,5366.0,rent,high_school,3,1,107.0,0.107,0.683,0.239,0,0.283
37,153640.0,6.0,695.0,4462,36,debt_consolidation,married,1,311.0,mortgage,high_school,4,0,,0.002,0.029,0.11,1,0.588
25,69832.0,3.0,612.0,22165,12,personal,widowed,0,25795.0,mortgage,master,3,0,,0.369,0.317,0.157,0,0.436
60,74913.0,5.0,634.0,26579,48,debt_consolidation,married,0,14366.0,other,master,3,1,46.0,0.192,0.355,0.204,0,0.386
29,31758.0,4.0,584.0,21602,48,education,married,2,20304.0,mortgage,bachelor,2,0,,0.639,0.68,0.244,0,0.14
18,24435.0,3.0,674.0,12917,24,debt_consolidation,married,0,28365.0,mortgage,high_school,2,0,,1.161,0.529,0.169,0,0.071
37,42426.0,7.0,631.0,35245,48,personal,married,2,1411.0,mortgage,high_school,4,0,,0.033,0.831,0.251,0,0.44
45,50597.0,4.0,679.0,21877,72,car,married,2,17986.0,rent,high_school,3,0,,0.355,0.432,0.147,0,0.413
60,43396.0,7.0,571.0,5721,72,personal,single,0,44800.0,mortgage,master,5,0,,1.032,0.132,0.141,0,0.213
54,48477.0,6.0,686.0,11131,60,home_improvement,single,0,7598.0,mortgage,bachelor,9,0,,0.157,0.23,0.103,1,0.834
64,55537.0,4.0,664.0,4300,60,debt_consolidation,married,1,0.0,rent,master,6,0,,0.0,0.077,0.083,1,0.825
54,15793.0,4.0,,13926,36,debt_consolidation,single,2,22331.0,rent,bachelor,7,1,46.0,1.414,0.882,0.296,0,0.034
29,18668.0,3.0,681.0,13603,36,medical,single,0,0.0,own,bachelor,1,0,,0.0,0.729,0.205,0,0.221
54,5000.0,5.0,631.0,22554,48,education,married,2,0.0,other,bachelor,3,0,,0.0,4.51,0.35,0,0.051
66,73564.0,4.0,850.0,22406,48,business,single,2,10093.0,rent,high_school,3,0,,0.137,0.305,0.036,1,0.821
66,50381.0,10.0,687.0,18883,60,debt_consolidation,divorced,0,9569.0,mortgage,bachelor,2,1,65.0,0.19,0.375,0.182,0,0.405
61,76196.0,8.0,658.0,18614,36,car,divorced,0,12823.0,mortgage,master,3,0,,0.168,0.244,0.12,1,0.752
45,21557.0,2.0,709.0,25433,48,personal,married,2,,mortgage,bachelor,4,0,,,1.18,0.282,0,0.01
64,50610.0,3.0,608.0,12742,48,debt_consolidation,married,2,11269.0,own,bachelor,1,0,,0.223,0.252,0.146,0,0.373
32,55371.0,7.0,606.0,500,48,debt_consolidation,married,1,1339.0,mortgage,bachelor,3,0,,0.024,0.009,0.099,1,0.746
23,35955.0,4.0,714.0,36110,48,medical,married,1,383.0,rent,bachelor,3,0,,0.011,1.004,0.244,0,0.325
61,11164.0,6.0,721.0,5893,36,debt_consolidation,single,1,3158.0,rent,bachelor,2,0,,0.283,0.528,0.145,0,0.31
37,93647.0,4.0,745.0,21955,72,education,married,0,0.0,rent,high_school,8,1,11.0,0.0,0.234,0.124,1,0.893
67,84982.0,5.0,536.0,11594,48,car,married,0,18401.0,rent,other,10,0,,0.217,0.136,0.159,1,0.833
31,40452.0,5.0,640.0,28980,48,personal,single,1,14526.0,rent,high_school,8,0,,0.359,0.716,0.223,0,0.438
19,62756.0,9.0,676.0,5383,36,personal,married,1,17001.0,rent,bachelor,1,0,,0.271,0.086,0.079,1,0.675
26,37880.0,4.0,708.0,7892,48,education,married,1,22010.0,mortgage,high_school,4,0,,0.581,0.208,0.088,0,0.449
54,25115.0,1.0,692.0,10022,36,debt_consolidation,single,0,19289.0,own,high_school,4,0,,0.768,0.399,0.134,0,0.174
37,95682.0,4.0,582.0,20543,36,debt_consolidation,married,0,0.0,mortgage,bachelor,6,0,,0.0,0.215,0.152,1,0.852
43,8616.0,6.0,691.0,17230,36,personal,single,0,5782.0,rent,other,4,0,,0.671,2.0,0.35,0,0.023
46,42862.0,3.0,676.0,20652,12,car,single,2,6399.0,rent,bachelor,3,1,44.0,0.149,0.482,0.208,0,0.217
18,52108.0,4.0,675.0,16268,48,business,married,1,30659.0,rent,high_school,3,0,,0.588,0.312,0.125,1,0.338
52,91281.0,10.0,562.0,24320,36,home_improvement,divorced,0,31977.0,rent,bachelor,4,0,,0.35,0.266,0.172,1,0.722
23,72415.0,9.0,575.0,24488,60,debt_consolidation,single,1,3610.0,rent,high_school,5,0,,0.05,0.338,0.18,1,0.779
54,8194.0,6.0,795.0,30145,12,debt_consolidation,divorced,2,0.0,rent,bachelor,3,0,,0.0,3.678,0.35,0,0.03
22,49931.0,7.0,729.0,18438,12,debt_consolidation,single,2,12378.0,own,high_school,5,0,,0.248,0.369,0.109,1,0.716
50,50527.0,0.0,645.0,18390,60,business,single,0,5219.0,rent,master,1,0,,0.103,0.364,0.15,0,0.333
66,44292.0,6.0,646.0,32670,24,medical,single,0,8747.0,rent,high_school,6,0,,0.197,0.738,0.225,0,0.459
68,65495.0,2.0,828.0,26974,12,debt_consolidation,single,1,28234.0,rent,high_school,2,1,9.0,0.431,0.412,0.118,0,0.331
31,14772.0,3.0,654.0,20187,36,education,single,1,14033.0,mortgage,master,4,0,,0.95,1.366,0.346,0,0.074
29,39784.0,13.0,641.0,1055,60,personal,divorced,1,2802.0,rent,phd,3,0,,0.07,0.027,0.085,1,0.789
59,61970.0,5.0,587.0,500,60,medical,single,1,117.0,rent,high_school,6,0,,0.002,0.008,0.108,1,0.775
37,66989.0,2.0,631.0,21127,36,car,single,0,0.0,rent,high_school,5,0,,0.0,0.315,0.148,0,0.68
67,53735.0,6.0,515.0,21539,60,debt_consolidation,married,3,18436.0,mortgage,bachelor,2,0,,0.343,0.401,0.223,0,0.288
41,42790.0,6.0,692.0,7772,48,personal,single,2,14233.0,own,bachelor,4,0,,0.333,0.182,0.09,1,0.585
60,47001.0,4.0,751.0,18539,72,home_improvement,married,1,18453.0,rent,phd,6,0,,0.393,0.394,0.103,1,0.613
51,68510.0,8.0,752.0,5869,24,personal,single,1,9748.0,mortgage,bachelor,3,0,,0.142,0.086,0.041,1,0.848
42,50848.0,10.0,594.0,20722,60,business,single,0,0.0,own,high_school,3,0,,0.0,0.408,0.185,0,0.63
67,23954.0,9.0,466.0,20982,36,personal,married,0,10835.0,rent,high_school,7,0,,0.452,0.876,0.342,0,0.162
46,19163.0,4.0,677.0,20917,36,personal,single,0,27092.0,rent,bachelor,6,0,,1.414,1.091,0.28,0,0.027
56,12759.0,3.0,755.0,18355,36,medical,single,1,10874.0,other,master,6,0,,0.852,1.438,0.31,0,0.036
48,86390.0,6.0,522.0,12059,60,debt_consolidation,single,0,34640.0,own,master,2,0,,0.401,0.14,0.167,0,0.51
64,70187.0,7.0,620.0,12883,60,debt_consolidation,married,0,13784.0,own,master,5,1,6.0,0.196,0.184,0.177,1,0.537
60,47338.0,5.0,679.0,26591,48,debt_consolidation,married,0,39515.0,rent,high_school,9,0,,0.835,0.562,0.173,0,0.404
67,38655.0,4.0,583.0,19149,60,debt_consolidation,married,0,40735.0,mortgage,bachelor,4,0,,1.054,0.495,0.208,0,0.103
40,35652.0,6.0,512.0,19881,48,debt_consolidation,married,0,0.0,rent,master,3,0,,0.0,0.558,0.256,0,0.338
61,77331.0,5.0,591.0,15865,60,car,married,1,299.0,rent,master,5,0,,0.004,0.205,0.146,1,0.772
18,97611.0,5.0,604.0,101357,36,debt_consolidation,single,2,3144.0,own,bachelor,4,0,,0.032,1.038,0.142,1,0.829
37,34865.0,1.0,499.0,24589,48,home_improvement,divorced,0,0.0,own,bachelor,3,0,,0.0,0.705,0.292,0,0.183
40,78460.0,6.0,736.0,8720,36,personal,divorced,1,16959.0,other,bachelor,5,0,,0.216,0.111,0.054,1,0.856
62,50700.0,4.0,774.0,20927,48,medical,married,0,16549.0,rent,bachelor,4,1,35.0,0.326,0.413,0.146,0,0.33
69,44689.0,4.0,652.0,12739,60,personal,single,0,12882.0,own,high_school,0,0,,0.288,0.285,0.131,0,0.321
33,87605.0,2.0,708.0,18139,60,debt_consolidation,married,0,0.0,rent,bachelor,5,0,,0.0,0.207,0.087,1,0.867
67,49746.0,5.0,532.0,23352,60,car,single,0,33827.0,mortgage,bachelor,3,0,,0.68,0.469,0.228,0,0.153
59,57409.0,4.0,639.0,500,36,debt_consolidation,married,1,0.0,rent,high_school,6,0,,0.0,0.009,0.082,1,0.827
25,56207.0,9.0,604.0,4162,60,home_improvement,single,2,0.0,mortgage,bachelor,6,0,,0.0,0.074,0.113,1,0.847
67,,4.0,683.0,8406,36,car,married,0,23293.0,rent,bachelor,2,0,,0.466,0.168,0.238,0,0.01
38,57210.0,0.0,434.0,7697,72,debt_consolidation,single,1,14739.0,own,bachelor,7,0,,0.258,0.135,0.21,0,0.389
18,35933.0,11.0,626.0,13377,36,debt_consolidation,divorced,0,788.0,own,bachelor,5,0,,0.022,0.372,0.161,1,0.727
25,14471.0,8.0,700.0,31924,48,medical,single,2,10825.0,rent,bachelor,3,0,,0.748,2.206,0.35,0,0.01
46,37072.0,7.0,669.0,26784,60,business,married,0,11938.0,own,bachelor,0,0,,0.322,0.722,0.21,0,0.214
49,36865.0,6.0,713.0,9194,72,car,divorced,1,27664.0,rent,high_school,6,0,,0.75,0.249,0.093,0,0.433
55,75747.0,3.0,602.0,23689,48,debt_consolidation,single,0,0.0,mortgage,high_school,2,0,,0.0,0.313,0.162,0,0.616
22,23405.0,5.0,424.0,14568,36,home_improvement,divorced,0,14378.0,own,high_school,4,0,,0.614,0.622,0.312,0,0.073
64,30254.0,,738.0,18437,48,debt_consolidation,single,1,26182.0,mortgage,high_school,6,0,,0.865,0.609,0.153,0,0.28
39,55885.0,3.0,711.0,5191,36,personal,divorced,0,0.0,rent,bachelor,0,0,,0.0,0.093,0.063,1,0.63
64,16855.0,5.0,776.0,1793,60,personal,widowed,3,9227.0,rent,other,1,0,,0.547,0.106,0.033,0,0.339
51,33525.0,8.0,656.0,22323,72,debt_consolidation,single,0,9116.0,rent,high_school,4,0,,0.272,0.666,0.205,0,0.415
18,8388.0,6.0,683.0,15328,24,debt_consolidation,married,1,0.0,rent,master,4,0,,0.0,1.827,0.35,0,0.121
43,73000.0,7.0,836.0,20226,48,car,single,1,14383.0,rent,bachelor,1,0,,0.197,0.277,0.037,1,0.802
60,42466.0,4.0,502.0,30937,60,debt_consolidation,single,2,15278.0,rent,high_school,2,0,,0.36,0.728,0.295,0,0.137
27,49602.0,3.0,686.0,12612,24,personal,single,0,32444.0,mortgage,high_school,5,0,,0.654,0.254,0.108,0,0.393
47,72900.0,8.0,747.0,12704,48,business,single,1,9680.0,own,bachelor,2,0,,0.133,0.174,0.061,1,0.807
18,31943.0,1.0,667.0,101357,60,debt_consolidation,married,0,16566.0,own,bachelor,2,0,,0.519,3.173,0.271,0,0.098
35,42200.0,5.0,655.0,15170,72,debt_consolidation,single,1,32083.0,mortgage,high_school,6,0,,0.76,0.359,0.144,0,0.343
34,23592.0,6.0,531.0,6967,48,business,married,1,373.0,rent,high_school,5,0,,0.016,0.295,0.194,0,0.437
43,23537.0,5.0,767.0,22357,12,home_improvement,single,0,0.0,mortgage,master,7,0,,0.0,0.95,0.207,0,0.572
25,26985.0,5.0,736.0,12623,24,education,divorced,3,11831.0,own,high_school,6,0,,0.438,0.468,0.126,0,0.511
64,37688.0,5.0,753.0,6774,48,debt_consolidation,single,1,7042.0,rent,master,2,0,,0.187,0.18,0.06,1,0.621
57,40380.0,5.0,648.0,15897,24,debt_consolidation,single,0,8638.0,mortgage,high_school,5,0,,0.214,0.394,0.155,1,0.535
66,57216.0,6.0,624.0,23267,24,education,married,0,3655.0,own,bachelor,0,0,,0.064,0.407,0.169,0,0.507
29,27720.0,5.0,649.0,3408,60,home_improvement,married,0,0.0,mortgage,bachelor,4,0,,0.0,0.123,0.1,1,0.628
44,57991.0,5.0,786.0,3176,60,debt_consolidation,married,1,24014.0,mortgage,bachelor,3,0,,0.414,0.055,0.03,1,0.727
25,62125.0,8.0,629.0,14199,60,debt_consolidation,married,1,9694.0,mortgage,high_school,3,0,,0.156,0.229,0.131,1,0.695
42,38304.0,3.0,769.0,4000,24,car,single,0,43682.0,mortgage,high_school,6,0,,1.14,0.104,0.036,0,0.305
63,29882.0,5.0,638.0,2239,36,medical,single,1,0.0,own,bachelor,5,0,,0.0,0.075,0.096,1,0.65
21,52127.0,3.0,581.0,15061,60,debt_consolidation,married,4,40095.0,mortgage,high_school,3,0,,0.769,0.289,0.167,0,0.199
50,44927.0,3.0,484.0,26061,60,medical,married,0,14388.0,rent,bachelor,6,0,,0.32,0.58,0.274,0,0.213
18,55509.0,7.0,696.0,22880,60,debt_consolidation,single,1,10278.0,mortgage,master,7,0,,0.185,0.412,0.134,1,0.783
36,89247.0,4.0,711.0,13931,72,debt_consolidation,married,2,0.0,rent,master,2,0,,0.0,0.156,0.076,1,0.843
48,51716.0,4.0,558.0,27826,60,medical,married,0,61.0,own,high_school,3,0,,0.001,0.538,0.229,0,0.385
33,34019.0,2.0,768.0,32350,48,education,married,0,28880.0,mortgage,bachelor,2,0,,0.849,0.951,0.206,0,0.135
31,27728.0,6.0,539.0,19912,36,debt_consolidation,single,1,0.0,mortgage,bachelor,2,1,105.0,0.0,0.718,0.324,0,0.12
65,28695.0,3.0,707.0,11338,48,debt_consolidation,married,1,0.0,other,high_school,4,1,46.0,0.0,0.395,0.176,0,0.326
22,13431.0,7.0,711.0,30626,48,debt_consolidation,single,0,0.0,rent,bachelor,3,0,,0.0,2.28,0.35,0,0.083
58,73319.0,7.0,736.0,30185,36,personal,single,1,27566.0,rent,high_school,4,0,,0.376,0.412,0.114,1,0.699
43,5000.0,8.0,492.0,17534,60,debt_consolidation,married,2,20211.0,mortgage,bachelor,2,1,20.0,4.041,3.506,0.35,0,0.02
45,62203.0,6.0,735.0,27228,24,debt_consolidation,married,0,0.0,own,master,5,0,,0.0,0.438,0.12,1,0.821
19,28298.0,7.0,638.0,7187,60,debt_consolidation,married,1,2926.0,mortgage,master,5,1,1.0,0.103,0.254,0.182,0,0.375
67,37190.0,4.0,623.0,500,12,home_improvement,single,0,11947.0,mortgage,bachelor,3,0,,0.321,0.013,0.091,0,0.459
23,27550.0,7.0,716.0,5288,48,business,divorced,1,25295.0,mortgage,bachelor,6,1,21.0,0.918,0.192,0.13,0,0.159
26,86147.0,2.0,727.0,17066,60,debt_consolidation,single,0,0.0,mortgage,other,3,0,,0.0,0.198,0.076,1,0.832
50,50408.0,5.0,491.0,14258,24,car,married,1,11998.0,mortgage,bachelor,8,1,11.0,0.238,0.283,0.261,0,0.288
58,69759.0,3.0,547.0,24619,48,debt_consolidation,single,1,,rent,bachelor,2,0,,,0.353,0.197,0,0.469
42,82513.0,7.0,746.0,500,36,home_improvement,single,1,8455.0,other,master,2,0,,0.102,0.006,0.03,1,0.88
65,54085.0,5.0,688.0,500,60,debt_consolidation,single,0,0.0,rent,high_school,5,0,,0.0,0.009,0.058,1,0.844
30,20109.0,7.0,665.0,22623,60,debt_consolidation,single,0,13147.0,rent,high_school,1,0,,0.654,1.125,0.292,0,0.083
26,44484.0,9.0,571.0,641,72,home_improvement,married,0,0.0,own,master,3,0,,0.0,0.014,0.117,1,0.705
30,31444.0,6.0,685.0,12292,60,business,divorced,0,11432.0,mortgage,master,8,0,,0.364,0.391,0.136,1,0.582
48,37412.0,5.0,748.0,15246,60,medical,single,1,33437.0,mortgage,high_school,3,0,,0.894,0.408,0.108,0,0.209
58,47634.0,7.0,835.0,8495,36,home_improvement,married,0,25656.0,rent,master,6,0,,0.539,0.178,0.03,1,0.775
28,46646.0,1.0,622.0,20779,36,debt_consolidation,married,1,30847.0,mortgage,bachelor,9,0,,0.661,0.445,0.178,0,0.364
21,60303.0,3.0,720.0,500,48,debt_consolidation,married,0,14746.0,mortgage,bachelor,6,1,33.0,0.245,0.008,0.092,0,0.595
51,63933.0,3.0,798.0,33319,48,car,single,0,26993.0,mortgage,high_school,2,0,,0.422,0.521,0.105,0,0.494
55,46646.0,11.0,534.0,11699,60,personal,widowed,1,0.0,rent,other,5,0,,0.0,0.251,0.183,1,0.703
63,60087.0,4.0,794.0,13297,36,personal,single,1,0.0,mortgage,master,7,0,,0.0,0.221,0.047,1,0.892
21,36266.0,2.0,666.0,41936,24,education,married,1,0.0,mortgage,bachelor,3,0,,0.0,1.156,0.298,0,0.268
55,82869.0,5.0,656.0,1401,48,home_improvement,married,2,0.0,mortgage,master,4,0,,0.0,0.017,0.075,1,0.866
36,35862.0,7.0,607.0,4549,36,medical,single,0,25719.0,rent,master,0,0,,0.717,0.127,0.122,0,0.167
23,79930.0,2.0,621.0,29045,60,debt_consolidation,married,1,0.0,rent,bachelor,3,0,,0.0,0.363,0.162,1,0.656
51,13098.0,,590.0,500,48,education,single,1,0.0,rent,phd,6,0,,0.0,0.038,0.113,1,0.638
35,40490.0,2.0,574.0,19952,60,debt_consolidation,single,1,8172.0,own,other,4,0,,0.202,0.493,0.212,0,0.31
30,41726.0,1.0,686.0,8937,24,debt_consolidation,single,0,12055.0,own,high_school,2,0,,0.289,0.214,0.1,1,0.397
58,56975.0,6.0,739.0,500,72,debt_consolidation,divorced,0,23126.0,own,high_school,6,0,,0.406,0.009,0.032,1,0.807
40,71545.0,4.0,566.0,20268,12,home_improvement,married,0,5989.0,mortgage,high_school,3,0,,0.084,0.283,0.174,0,0.577
36,18765.0,7.0,594.0,20563,36,education,single,3,7259.0,rent,bachelor,3,0,,0.387,1.096,0.322,0,0.152
62,22300.0,7.0,671.0,15014,60,business,single,0,23308.0,rent,high_school,3,0,,1.045,0.673,0.199,0,0.073
28,14952.0,6.0,561.0,35691,12,personal,single,1,0.0,rent,high_school,1,1,5.0,0.0,2.387,0.35,0,0.01
18,83005.0,6.0,670.0,7285,24,personal,married,0,11840.0,rent,other,5,0,,0.143,0.088,0.083,1,0.849
41,57440.0,6.0,628.0,23666,24,debt_consolidation,married,0,18549.0,mortgage,bachelor,4,0,,0.323,0.412,0.168,0,0.518
24,22891.0,7.0,519.0,18273,48,home_improvement,divorced,0,4444.0,rent,master,4,0,,0.194,0.798,0.3,0,0.198
42,38923.0,4.0,688.0,24715,60,car,married,1,22910.0,mortgage,other,6,1,81.0,0.589,0.635,0.233,0,0.14
38,79544.0,9.0,605.0,9959,48,personal,married,2,0.0,rent,bachelor,2,0,,0.0,0.125,0.122,1,0.796
32,43047.0,4.0,732.0,1153,48,debt_consolidation,single,1,33435.0,mortgage,bachelor,3,0,,0.777,0.027,0.039,0,0.404
18,41570.0,6.0,634.0,8180,36,debt_consolidation,single,0,5279.0,own,high_school,1,0,,0.127,0.197,0.122,0,0.5
29,30468.0,7.0,593.0,14362,12,debt_consolidation,married,1,3415.0,rent,bachelor,5,0,,0.112,0.471,0.198,0,0.489
24,24375.0,4.0,647.0,21809,12,personal,married,0,0.0,mortgage,high_school,4,1,52.0,0.0,0.895,0.306,0,0.135
32,79583.0,6.0,749.0,15173,60,personal,married,0,0.0,rent,high_school,1,0,,0.0,0.191,0.064,1,0.82
38,91848.0,,797.0,17151,24,home_improvement,single,0,0.0,own,high_school,3,0,,0.0,0.187,0.039,1,0.885
36,25370.0,6.0,697.0,32256,72,personal,single,0,0.0,mortgage,bachelor,2,0,,0.0,1.271,0.306,0,0.217
46,85124.0,4.0,603.0,14758,36,debt_consolidation,single,0,0.0,own,phd,1,0,,0.0,0.173,0.133,1,0.694
42,37815.0,3.0,653.0,9676,60,debt_consolidation,divorced,0,10658.0,mortgage,high_school,7,0,,0.282,0.256,0.125,1,0.58
50,63341.0,3.0,642.0,19403,72,medical,married,1,19017.0,rent,bachelor,4,0,,0.3,0.306,0.14,1,0.501
66,85255.0,5.0,638.0,500,36,debt_consolidation,single,0,14194.0,rent,bachelor,5,0,,0.166,0.006,0.082,1,0.85
49,46373.0,3.0,630.0,500,60,debt_consolidation,married,0,0.0,rent,bachelor,2,0,,0.0,0.011,0.087,1,0.617
66,41801.0,4.0,573.0,13659,36,personal,married,1,0.0,rent,master,5,1,99.0,0.0,0.327,0.229,0,0.298
52,70027.0,3.0,728.0,5671,36,education,single,2,27056.0,own,high_school,5,1,105.0,0.386,0.081,0.102,1,0.545
61,22251.0,6.0,719.0,8918,36,personal,single,0,0.0,own,high_school,4,0,,0.0,0.401,0.121,1,0.6
55,78677.0,9.0,652.0,24348,60,debt_consolidation,married,1,8184.0,mortgage,bachelor,5,0,,0.104,0.309,0.136,1,0.851
43,53570.0,5.0,751.0,20262,36,home_improvement,married,0,0.0,mortgage,bachelor,7,0,,0.0,0.378,0.1,1,0.846
28,35556.0,6.0,697.0,14230,36,debt_consolidation,married,2,29581.0,mortgage,high_school,3,0,,0.832,0.4,0.132,0,0.24
52,34896.0,4.0,561.0,15830,72,personal,married,2,0.0,own,high_school,1,0,,0.0,0.454,0.21,0,0.287
25,15413.0,3.0,,10755,36,debt_consolidation,single,0,,rent,master,3,0,,,0.698,0.229,0,0.043
63,36596.0,9.0,768.0,23493,48,home_improvement,single,0,0.0,own,high_school,7,0,,0.0,0.642,0.144,1,0.808
31,43399.0,3.0,621.0,22925,72,debt_consolidation,married,0,0.0,rent,bachelor,7,0,,0.0,0.528,0.195,1,0.606
27,23468.0,9.0,595.0,24909,36,business,married,1,17065.0,mortgage,other,6,0,,0.727,1.061,0.315,0,0.109
19,48863.0,4.0,708.0,24449,36,debt_consolidation,single,2,0.0,mortgage,bachelor,7,0,,0.0,0.5,0.146,1,0.758
63,61823.0,8.0,628.0,15540,60,debt_consolidation,single,1,0.0,own,bachelor,5,0,,0.0,0.251,0.136,1,0.811
26,44663.0,3.0,695.0,8018,36,home_improvement,single,0,37988.0,rent,bachelor,2,0,,0.851,0.18,0.088,0,0.229
20,66568.0,3.0,647.0,13327,36,home_improvement,single,1,56946.0,mortgage,bachelor,5,0,,0.855,0.2,0.116,0,0.362
38,,5.0,586.0,16166,48,debt_consolidation,single,0,10302.0,rent,bachelor,5,0,,0.206,0.323,0.215,0,0.3
43,75085.0,8.0,595.0,8260,60,debt_consolidation,married,1,0.0,mortgage,master,9,0,,0.0,0.11,0.125,1,0.93
25,53045.0,3.0,515.0,31299,12,personal,married,0,10389.0,mortgage,bachelor,4,1,40.0,0.196,0.59,0.31,0,0.122
65,88631.0,4.0,562.0,31349,36,debt_consolidation,single,3,0.0,own,master,5,0,,0.0,0.354,0.19,1,0.748
19,110355.0,8.0,700.0,13799,36,debt_consolidation,married,0,3667.0,rent,high_school,5,0,,0.033,0.125,0.075,1,0.962
23,38244.0,3.0,746.0,25309,36,debt_consolidation,married,2,34036.0,mortgage,high_school,4,0,,0.89,0.662,0.159,0,0.186
45,39273.0,3.0,601.0,20600,60,personal,single,2,13142.0,mortgage,bachelor,1,0,,0.335,0.525,0.205,0,0.182
46,43844.0,2.0,540.0,10034,36,debt_consolidation,married,0,0.0,rent,high_school,6,0,,0.0,0.229,0.176,1,0.553
43,64893.0,7.0,741.0,19120,48,personal,single,2,16097.0,own,master,3,1,6.0,0.248,0.295,0.138,1,0.491
42,83149.0,2.0,743.0,7257,48,personal,married,1,0.0,mortgage,bachelor,3,0,,0.0,0.087,0.046,1,0.839
29,33680.0,6.0,708.0,6200,36,home_improvement,single,0,0.0,rent,bachelor,4,0,,0.0,0.184,0.083,1,0.722
22,59531.0,5.0,534.0,19769,36,debt_consolidation,single,1,21486.0,rent,master,1,0,,0.361,0.332,0.199,0,0.29
51,46602.0,6.0,691.0,19888,36,education,married,3,0.0,rent,bachelor,3,0,,0.0,0.427,0.14,1,0.683
65,65453.0,2.0,694.0,41941,24,medical,single,0,33602.0,rent,bachelor,3,0,,0.513,0.641,0.181,0,0.288
54,87736.0,10.0,722.0,13445,48,business,single,1,0.0,rent,bachelor,4,0,,0.0,0.153,0.07,1,0.914
32,43992.0,3.0,662.0,9710,60,personal,single,0,28413.0,rent,bachelor,6,1,96.0,0.646,0.221,0.163,0,0.193
61,8253.0,6.0,590.0,24228,36,debt_consolidation,married,0,34624.0,rent,master,5,0,,4.195,2.935,0.35,0,0.02
53,68598.0,5.0,618.0,14749,48,medical,married,1,12334.0,rent,master,8,0,,0.18,0.215,0.134,1,0.768
32,29182.0,7.0,744.0,8524,72,debt_consolidation,single,1,5461.0,mortgage,high_school,4,0,,0.187,0.292,0.086,0,0.656
60,46422.0,6.0,680.0,9142,24,car,single,2,993.0,own,master,1,0,,0.021,0.197,0.099,1,0.612
65,69676.0,7.0,545.0,13205,48,education,married,1,1932.0,own,master,3,0,,0.028,0.19,0.166,1,0.713
40,57435.0,4.0,787.0,25545,60,debt_consolidation,single,2,0.0,own,bachelor,4,0,,0.0,0.445,0.096,1,0.785
23,47457.0,7.0,742.0,19316,12,debt_consolidation,married,0,19611.0,rent,bachelor,6,1,32.0,0.413,0.407,0.16,0,0.427
63,35603.0,2.0,783.0,6666,60,debt_consolidation,single,0,19084.0,mortgage,bachelor,2,1,76.0,0.536,0.187,0.096,0,0.204
67,5000.0,6.0,741.0,33347,72,home_improvement,married,3,6558.0,own,high_school,4,0,,1.311,6.668,0.35,0,0.01
61,67458.0,7.0,576.0,5926,24,personal,married,1,10449.0,own,high_school,2,0,,0.155,0.088,0.13,1,0.627
60,43676.0,5.0,676.0,7627,60,car,single,1,3191.0,mortgage,master,2,1,2.0,0.073,0.175,0.147,0,0.349
62,87833.0,4.0,698.0,26670,36,medical,married,0,0.0,mortgage,bachelor,3,0,,0.0,0.304,0.112,1,0.781
38,59951.0,5.0,542.0,29976,24,debt_consolidation,married,1,0.0,rent,high_school,2,0,,0.0,0.5,0.229,0,0.444
40,36472.0,2.0,556.0,18536,48,debt_consolidation,single,1,1474.0,mortgage,bachelor,12,0,,0.04,0.508,0.224,1,0.658
60,76672.0,8.0,709.0,2094,24,debt_consolidation,single,0,4112.0,mortgage,high_school,5,0,,0.054,0.027,0.051,1,0.926
33,78778.0,5.0,716.0,15969,48,debt_consolidation,single,0,27332.0,other,master,1,0,,0.347,0.203,0.083,1,0.648
64,44524.0,6.0,839.0,1329,12,car,single,1,20027.0,rent,bachelor,7,0,,0.45,0.03,0.03,1,0.833
32,79841.0,5.0,629.0,39847,60,personal,single,0,33105.0,other,bachelor,3,1,34.0,0.415,0.499,0.235,0,0.243
42,36117.0,6.0,515.0,17872,48,home_improvement,married,5,20352.0,own,high_school,4,0,,0.563,0.495,0.242,0,0.177
53,53991.0,8.0,638.0,23015,48,car,married,3,0.0,mortgage,master,2,0,,0.0,0.426,0.166,1,0.614
28,64285.0,7.0,717.0,11297,36,debt_consolidation,married,3,0.0,rent,phd,2,0,,0.0,0.176,0.077,1,0.812
68,69620.0,0.0,621.0,33057,36,debt_consolidation,married,1,0.0,rent,master,7,1,50.0,0.0,0.475,0.234,0,0.434
32,65538.0,4.0,658.0,9975,36,debt_consolidation,married,0,4710.0,rent,bachelor,1,1,86.0,0.072,0.152,0.151,0,0.396
21,41684.0,7.0,599.0,6412,60,medical,married,1,0.0,own,master,0,1,114.0,0.0,0.154,0.181,0,0.248
38,77342.0,7.0,745.0,18049,36,home_improvement,widowed,0,20380.0,rent,high_school,4,1,45.0,0.264,0.233,0.124,0,0.623
30,46889.0,2.0,710.0,23801,48,debt_consolidation,single,0,27678.0,rent,high_school,3,0,,0.59,0.508,0.147,0,0.278
39,35774.0,3.0,584.0,36287,36,car,single,0,0.0,other,bachelor,5,1,54.0,0.0,1.014,0.35,0,0.114
36,36142.0,9.0,608.0,31143,60,car,single,0,0.0,mortgage,high_school,3,0,,0.0,0.862,0.268,0,0.394
51,98500.0,7.0,596.0,26951,48,debt_consolidation,married,2,34666.0,own,high_school,5,0,,0.352,0.274,0.157,1,0.764
31,31450.0,8.0,501.0,8148,48,education,single,2,13471.0,mortgage,bachelor,3,0,,0.428,0.259,0.201,0,0.298
21,82291.0,4.0,589.0,7937,60,business,single,1,1970.0,mortgage,bachelor,5,0,,0.024,0.096,0.125,1,0.781
65,21613.0,2.0,508.0,6222,48,debt_consolidation,married,1,33724.0,rent,master,7,0,,1.56,0.288,0.204,0,0.049
69,62198.0,6.0,725.0,13493,60,medical,divorced,1,28678.0,mortgage,high_school,1,0,,0.461,0.217,0.081,0,0.502
63,57427.0,2.0,731.0,500,60,debt_consolidation,divorced,1,,mortgage,other,5,0,,,0.009,0.036,1,0.835
44,90531.0,,626.0,28655,48,business,married,1,23057.0,rent,bachelor,2,1,24.0,0.255,0.317,0.2,0,0.342
46,33640.0,9.0,666.0,4754,60,personal,single,0,27285.0,rent,bachelor,2,0,,0.811,0.141,0.095,0,0.29
64,26733.0,4.0,736.0,3519,60,home_improvement,married,0,22578.0,rent,high_school,2,0,,0.845,0.132,0.058,0,0.234
45,47087.0,3.0,713.0,10942,48,debt_consolidation,married,0,29022.0,mortgage,bachelor,8,0,,0.616,0.232,0.09,1,0.585
52,91620.0,4.0,810.0,1576,24,home_improvement,divorced,1,0.0,rent,other,4,0,,0.0,0.017,0.03,1,0.942
25,27896.0,2.0,671.0,21443,48,debt_consolidation,married,1,10392.0,mortgage,bachelor,2,0,,0.373,0.769,0.218,0,0.168
33,5000.0,7.0,766.0,5340,36,debt_consolidation,single,0,34682.0,rent,high_school,6,0,,6.935,1.068,0.231,0,0.02
59,51494.0,7.0,658.0,20015,48,education,single,0,4153.0,mortgage,bachelor,5,1,87.0,0.081,0.389,0.199,0,0.502
53,73738.0,2.0,640.0,24249,48,debt_consolidation,divorced,2,323.0,mortgage,bachelor,5,0,,0.004,0.329,0.146,0,0.732
47,24655.0,4.0,704.0,9506,48,debt_consolidation,single,2,11666.0,mortgage,high_school,3,0,,0.473,0.386,0.125,0,0.307
35,71198.0,4.0,694.0,7825,60,medical,single,1,,mortgage,master,2,0,,,0.11,0.075,1,0.742
19,24102.0,5.0,601.0,6978,60,education,married,0,14896.0,rent,bachelor,5,0,,0.618,0.29,0.158,0,0.29
66,46336.0,6.0,584.0,4178,24,debt_consolidation,single,0,0.0,mortgage,bachelor,6,0,,0.0,0.09,0.126,1,0.753
30,68817.0,6.0,656.0,10796,36,education,divorced,1,29001.0,mortgage,high_school,4,0,,0.421,0.157,0.103,1,0.683
21,20313.0,8.0,499.0,15674,48,personal,single,0,0.0,mortgage,high_school,7,0,,0.0,0.772,0.305,1,0.357
43,54538.0,4.0,625.0,1170,48,debt_consolidation,single,0,22738.0,mortgage,master,3,0,,0.417,0.021,0.092,1,0.508
42,80374.0,1.0,571.0,8580,60,home_improvement,widowed,1,0.0,rent,high_school,3,0,,0.0,0.107,0.136,1,0.656
47,61848.0,4.0,604.0,16578,24,medical,single,1,0.0,mortgage,bachelor,3,0,,0.0,0.268,0.152,0,0.592
28,31984.0,6.0,588.0,15347,36,education,married,1,10394.0,rent,bachelor,8,0,,0.325,0.48,0.202,0,0.511
24,87968.0,3.0,711.0,500,48,debt_consolidation,married,1,14490.0,rent,high_school,4,1,17.0,0.165,0.006,0.096,1,0.675
48,66460.0,4.0,686.0,21336,48,debt_consolidation,married,2,11381.0,own,bachelor,2,0,,0.171,0.321,0.121,1,0.611
61,5000.0,1.0,654.0,27384,36,business,single,1,15099.0,own,bachelor,1,0,,3.019,5.476,0.35,0,0.01
27,71606.0,,619.0,9274,48,personal,married,0,20365.0,mortgage,other,5,1,55.0,0.284,0.13,0.166,0,0.499
56,35716.0,2.0,733.0,500,12,business,single,1,0.0,mortgage,master,5,0,,0.0,0.014,0.036,1,0.739
30,54914.0,9.0,722.0,7356,12,personal,divorced,0,12028.0,mortgage,other,3,0,,0.219,0.134,0.066,1,0.763
48,75200.0,6.0,641.0,7061,24,education,single,0,0.0,other,bachelor,6,0,,0.0,0.094,0.098,1,0.916
24,36260.0,5.0,758.0,26999,48,personal,single,1,0.0,mortgage,high_school,1,0,,0.0,0.745,0.17,0,0.441
66,8860.0,10.0,,4064,60,medical,married,0,0.0,other,high_school,2,0,,0.0,0.459,0.174,0,0.405
59,87639.0,7.0,666.0,11420,36,personal,married,1,0.0,mortgage,master,2,0,,0.0,0.13,0.093,1,0.835
59,79115.0,5.0,604.0,31782,12,debt_consolidation,married,0,,own,bachelor,5,0,,,0.402,0.178,1,0.707
53,47819.0,4.0,619.0,16610,60,personal,married,1,0.0,own,bachelor,7,0,,0.0,0.347,0.16,1,0.689
37,71336.0,11.0,600.0,16956,60,debt_consolidation,single,0,16076.0,mortgage,phd,9,0,,0.225,0.238,0.148,1,0.892
21,40765.0,4.0,705.0,13988,24,debt_consolidation,single,1,32781.0,mortgage,high_school,3,1,64.0,0.804,0.343,0.166,0,0.121
24,52424.0,3.0,680.0,24777,36,car,divorced,0,33472.0,mortgage,bachelor,3,0,,0.638,0.473,0.155,0,0.262
18,46393.0,1.0,566.0,19041,36,debt_consolidation,single,3,0.0,mortgage,master,2,0,,0.0,0.41,0.199,0,0.347
61,41776.0,7.0,695.0,33535,24,debt_consolidation,single,0,0.0,mortgage,bachelor,4,1,113.0,0.0,0.803,0.263,0,0.324
62,58983.0,5.0,793.0,34627,48,personal,married,1,21719.0,rent,bachelor,4,0,,0.368,0.587,0.121,1,0.597
59,19796.0,7.0,597.0,18137,72,education,single,1,10850.0,own,bachelor,7,0,,0.548,0.916,0.285,0,0.229
64,43710.0,5.0,593.0,14628,60,personal,married,2,8889.0,mortgage,high_school,3,0,,0.203,0.335,0.17,0,0.409
30,57862.0,2.0,651.0,16636,72,personal,married,1,0.0,rent,bachelor,1,0,,0.0,0.288,0.132,1,0.512
39,95953.0,5.0,760.0,9336,48,home_improvement,married,1,11806.0,other,bachelor,4,0,,0.123,0.097,0.039,1,0.91
38,20812.0,9.0,615.0,16337,60,debt_consolidation,single,0,22976.0,mortgage,master,7,0,,1.104,0.785,0.25,0,0.126
39,63014.0,11.0,797.0,579,36,debt_consolidation,single,3,0.0,rent,high_school,2,1,95.0,0.0,0.009,0.053,1,0.817
45,65754.0,6.0,565.0,7879,24,car,married,2,16957.0,rent,master,5,0,,0.258,0.12,0.142,1,0.64
26,5000.0,6.0,665.0,22865,60,education,single,0,12395.0,mortgage,bachelor,6,0,,2.479,4.572,0.35,0,0.05
43,60263.0,3.0,514.0,20381,36,home_improvement,single,3,209.0,rent,bachelor,3,0,,0.003,0.338,0.211,0,0.451
26,72007.0,8.0,575.0,13727,36,home_improvement,married,0,9234.0,own,bachelor,2,0,,0.128,0.191,0.151,1,0.657
32,64716.0,3.0,633.0,19189,60,debt_consolidation,married,1,0.0,rent,bachelor,7,0,,0.0,0.297,0.143,1,0.785
27,47902.0,8.0,672.0,30062,36,home_improvement,single,1,22838.0,mortgage,bachelor,2,0,,0.477,0.628,0.19,0,0.332
41,58331.0,7.0,749.0,11144,48,debt_consolidation,single,0,0.0,mortgage,other,5,1,114.0,0.0,0.191,0.114,1,0.722
59,54246.0,6.0,594.0,648,36,personal,married,0,1031.0,rent,bachelor,4,0,,0.019,0.012,0.105,1,0.724
25,7764.0,6.0,684.0,21272,60,debt_consolidation,single,0,23539.0,mortgage,master,4,0,,3.031,2.739,0.35,0,0.02
41,54833.0,3.0,543.0,20363,36,home_improvement,divorced,1,2149.0,mortgage,bachelor,6,0,,0.039,0.371,0.203,1,0.554
33,40823.0,7.0,731.0,22597,48,debt_consolidation,single,2,0.0,own,master,7,0,,0.0,0.554,0.145,1,0.79
66,32379.0,4.0,755.0,3028,12,business,married,3,12755.0,rent,high_school,1,1,10.0,0.394,0.094,0.091,0,0.214
43,112124.0,4.0,733.0,500,60,debt_consolidation,single,0,36929.0,mortgage,master,3,1,98.0,0.329,0.004,0.084,1,0.719
44,81315.0,10.0,733.0,17649,48,debt_consolidation,single,0,27461.0,rent,master,3,0,,0.338,0.217,0.077,1,0.836
54,21246.0,6.0,643.0,16949,36,car,single,0,19152.0,own,master,2,1,39.0,0.901,0.798,0.288,0,0.024
21,58666.0,2.0,672.0,11428,36,personal,single,1,24913.0,rent,master,4,0,,0.425,0.195,0.103,1,0.489
67,86451.0,4.0,642.0,29467,36,personal,single,1,17746.0,own,high_school,5,0,,0.205,0.341,0.147,1,0.721
41,12595.0,3.0,646.0,14901,48,debt_consolidation,single,0,13431.0,rent,bachelor,5,1,25.0,1.066,1.183,0.35,0,0.03
36,51925.0,9.0,591.0,27310,48,medical,married,0,23710.0,mortgage,high_school,2,0,,0.457,0.526,0.21,0,0.295
53,53102.0,6.0,673.0,23782,36,debt_consolidation,single,0,15206.0,rent,high_school,3,0,,0.286,0.448,0.153,1,0.516
56,18138.0,3.0,683.0,4101,60,debt_consolidation,widowed,2,9201.0,mortgage,high_school,4,0,,0.507,0.226,0.104,0,0.307
27,59489.0,7.0,729.0,6131,60,home_improvement,single,0,12795.0,mortgage,high_school,3,0,,0.215,0.103,0.056,1,0.77
42,77906.0,5.0,681.0,2178,12,debt_consolidation,married,0,14981.0,rent,bachelor,5,0,,0.192,0.028,0.065,1,0.848
35,87701.0,7.0,720.0,19313,48,business,married,2,14595.0,mortgage,bachelor,6,1,104.0,0.166,0.22,0.134,0,0.739
36,43766.0,7.0,590.0,15981,48,personal,divorced,2,15475.0,rent,high_school,3,0,,0.354,0.365,0.178,0,0.37
53,112541.0,2.0,764.0,28501,48,debt_consolidation,single,1,,mortgage,bachelor,5,0,,,0.253,0.069,1,0.939
27,5000.0,7.0,631.0,20951,12,debt_consolidation,married,2,6897.0,own,high_school,6,0,,1.379,4.189,0.35,0,0.02
50,58905.0,3.0,486.0,2020,36,home_improvement,single,1,0.0,own,high_school,4,0,,0.0,0.034,0.164,0,0.566
67,14693.0,7.0,619.0,10379,24,car,single,1,13940.0,rent,bachelor,5,0,,0.949,0.706,0.232,0,0.088
22,52255.0,5.0,696.0,500,48,personal,married,1,15162.0,rent,bachelor,5,0,,0.29,0.01,0.054,1,0.724
64,36952.0,8.0,657.0,17934,48,personal,single,1,29772.0,rent,bachelor,4,0,,0.806,0.485,0.168,0,0.241
66,62672.0,3.0,495.0,42907,36,education,single,0,14505.0,mortgage,high_school,4,0,,0.231,0.685,0.29,0,0.301
52,46828.0,7.0,667.0,16308,36,debt_consolidation,single,2,4446.0,mortgage,bachelor,4,0,,0.095,0.348,0.136,1,0.672
61,29350.0,4.0,660.0,17012,36,business,single,0,3679.0,other,high_school,8,0,,0.125,0.58,0.186,1,0.54
51,30993.0,3.0,572.0,14827,60,debt_consolidation,single,1,19686.0,mortgage,high_school,5,0,,0.635,0.478,0.21,0,0.178
18,98311.0,3.0,695.0,101357,36,personal,married,1,0.0,mortgage,bachelor,4,1,29.0,0.0,1.031,0.14,1,0.695
38,61088.0,2.0,639.0,13438,48,debt_consolidation,single,1,12299.0,own,master,1,0,,0.201,0.22,0.124,1,0.458
34,7447.0,9.0,494.0,21179,60,car,married,0,24305.0,rent,high_school,4,0,,3.263,2.844,0.35,0,0.01
39,63770.0,10.0,706.0,7276,60,debt_consolidation,married,1,40372.0,mortgage,high_school,5,0,,0.633,0.114,0.07,1,0.731
65,45133.0,7.0,664.0,7690,60,home_improvement,married,0,27333.0,rent,high_school,3,0,,0.606,0.17,0.102,0,0.425
54,50115.0,7.0,771.0,2075,36,education,married,0,2119.0,own,bachelor,9,0,,0.042,0.041,0.03,1,0.982
32,70497.0,4.0,581.0,14675,60,medical,married,0,0.0,mortgage,high_school,8,0,,0.0,0.208,0.151,1,0.788
52,79581.0,4.0,631.0,3942,60,business,married,1,19453.0,own,high_school,2,0,,0.244,0.05,0.094,1,0.64
45,28530.0,5.0,735.0,29525,60,car,single,2,6792.0,rent,other,5,0,,0.238,1.035,0.24,0,0.321
24,49256.0,3.0,577.0,10691,24,debt_consolidation,divorced,1,0.0,rent,high_school,5,0,,0.0,0.217,0.155,0,0.613
49,36347.0,7.0,732.0,500,12,personal,widowed,1,48885.0,other,bachelor,2,0,,1.345,0.014,0.037,0,0.169
28,64922.0,4.0,735.0,3646,60,personal,married,0,12595.0,other,other,7,0,,0.194,0.056,0.044,1,0.854
27,44192.0,4.0,675.0,16350,72,debt_consolidation,single,1,28740.0,mortgage,high_school,6,0,,0.65,0.37,0.136,0,0.398
26,50731.0,4.0,637.0,21524,60,personal,single,2,4998.0,mortgage,bachelor,4,0,,0.099,0.424,0.166,1,0.533
31,43243.0,8.0,598.0,18539,60,personal,married,0,9530.0,rent,bachelor,7,0,,0.22,0.429,0.187,0,0.608
30,47347.0,5.0,592.0,6777,48,education,married,1,12273.0,rent,master,1,0,,0.259,0.143,0.133,0,0.437
42,92616.0,3.0,675.0,9288,36,debt_consolidation,married,2,5907.0,rent,master,2,0,,0.064,0.1,0.082,1,0.803
19,,11.0,420.0,8117,60,education,married,1,0.0,rent,bachelor,4,1,56.0,0.0,0.162,0.255,1,0.707
52,59427.0,7.0,605.0,20666,60,debt_consolidation,married,0,42963.0,rent,high_school,1,0,,0.723,0.348,0.167,0,0.254
24,47501.0,5.0,594.0,16163,60,education,single,0,15324.0,rent,bachelor,6,0,,0.323,0.34,0.171,0,0.541
38,10109.0,6.0,,10526,72,car,married,0,0.0,own,other,4,0,,0.0,1.041,0.323,0,0.177
35,30990.0,2.0,665.0,8405,36,personal,single,0,11526.0,rent,high_school,2,0,,0.372,0.271,0.122,0,0.274
20,46832.0,1.0,532.0,9771,12,education,married,0,0.0,rent,other,1,0,,0.0,0.209,0.176,0,0.371
59,32123.0,3.0,746.0,15085,72,debt_consolidation,single,0,0.0,mortgage,master,3,1,49.0,0.0,0.47,0.171,0,0.323
56,34752.0,5.0,723.0,28408,36,medical,single,0,11602.0,rent,high_school,5,0,,0.334,0.817,0.202,0,0.346
58,89385.0,7.0,759.0,16866,60,debt_consolidation,single,1,18089.0,rent,master,2,0,,0.202,0.189,0.058,1,0.856
66,50720.0,3.0,608.0,11634,60,debt_consolidation,divorced,1,0.0,rent,high_school,5,0,,0.0,0.229,0.142,1,0.653
28,52955.0,4.0,667.0,10855,36,home_improvement,married,1,35738.0,mortgage,bachelor,4,0,,0.675,0.205,0.108,0,0.388
56,33145.0,2.0,716.0,32019,60,debt_consolidation,single,0,117.0,own,bachelor,0,0,,0.004,0.966,0.235,0,0.232
41,79439.0,5.0,640.0,23247,36,personal,married,2,6631.0,own,bachelor,8,0,,0.083,0.293,0.139,1,0.848
63,44686.0,2.0,605.0,24787,60,car,married,0,33003.0,rent,bachelor,7,0,,0.739,0.555,0.209,0,0.21
36,36978.0,5.0,660.0,22474,24,business,married,1,35672.0,own,bachelor,2,0,,0.965,0.608,0.192,0,0.084
21,10481.0,7.0,634.0,14501,60,debt_consolidation,married,0,707.0,rent,bachelor,6,0,,0.067,1.383,0.35,0,0.213
43,48472.0,3.0,564.0,26978,60,medical,single,2,25948.0,rent,bachelor,2,0,,0.535,0.557,0.229,0,0.124
55,36199.0,6.0,460.0,500,48,car,single,2,12381.0,own,other,4,0,,0.342,0.014,0.173,0,0.329
59,92114.0,3.0,,30509,60,home_improvement,single,1,49818.0,mortgage,master,3,0,,0.541,0.331,0.178,0,0.422
49,96097.0,10.0,461.0,22421,72,personal,married,2,0.0,rent,bachelor,3,1,4.0,0.0,0.233,0.266,0,0.519
56,19118.0,5.0,580.0,19859,60,home_improvement,single,1,34745.0,mortgage,bachelor,3,0,,1.817,1.039,0.318,0,0.015
62,21946.0,3.0,764.0,7430,72,education,married,0,1222.0,rent,high_school,3,0,,0.056,0.339,0.086,0,0.585
63,43092.0,7.0,502.0,24310,48,debt_consolidation,single,2,0.0,rent,high_school,2,0,,0.0,0.564,0.262,0,0.343
18,29599.0,3.0,686.0,101357,48,debt_consolidation,single,2,5450.0,rent,bachelor,2,1,38.0,0.184,3.424,0.286,0,0.107
18,55435.0,5.0,748.0,101357,36,personal,divorced,1,0.0,mortgage,bachelor,2,1,6.0,0.0,1.828,0.105,0,0.541
54,41834.0,4.0,524.0,8260,72,business,divorced,0,,rent,bachelor,7,0,,,0.197,0.177,1,0.595
50,57013.0,7.0,794.0,4664,24,car,single,1,5198.0,own,other,4,0,,0.091,0.082,0.03,1,0.867
53,75402.0,4.0,644.0,20480,36,personal,married,2,6204.0,rent,bachelor,6,0,,0.082,0.272,0.132,1,0.778
20,23394.0,4.0,759.0,14018,36,home_improvement,married,0,23746.0,own,bachelor,1,0,,1.015,0.599,0.14,0,0.093
26,74880.0,3.0,672.0,36225,36,car,married,1,22328.0,own,master,2,0,,0.298,0.484,0.161,0,0.467
25,31784.0,6.0,613.0,500,72,home_improvement,single,0,9467.0,rent,bachelor,6,0,,0.298,0.016,0.097,0,0.604
50,103712.0,10.0,417.0,6294,36,education,single,0,0.0,mortgage,bachelor,3,0,,0.0,0.061,0.204,1,0.83
23,90524.0,3.0,561.0,15120,72,debt_consolidation,married,0,0.0,mortgage,master,3,0,,0.0,0.167,0.153,1,0.724
58,47173.0,5.0,704.0,21650,48,home_improvement,married,2,2051.0,rent,bachelor,5,0,,0.043,0.459,0.14,1,0.683
56,25910.0,4.0,773.0,21197,60,personal,married,0,0.0,mortgage,master,3,0,,0.0,0.818,0.177,1,0.439
21,21128.0,5.0,538.0,15845,48,debt_consolidation,married,0,1124.0,rent,phd,8,0,,0.053,0.75,0.281,0,0.378
30,71841.0,2.0,645.0,18524,36,debt_consolidation,married,0,34330.0,mortgage,bachelor,6,0,,0.478,0.258,0.129,1,0.574
66,49240.0,3.0,614.0,16184,48,debt_consolidation,single,0,890.0,mortgage,high_school,2,0,,0.018,0.329,0.159,1,0.485
19,73172.0,4.0,683.0,25494,48,debt_consolidation,single,0,0.0,rent,master,4,0,,0.0,0.348,0.128,1,0.775
22,105106.0,6.0,657.0,9437,36,home_improvement,single,1,9948.0,mortgage,master,0,0,,0.095,0.09,0.09,1,0.806
61,30740.0,7.0,620.0,10570,36,debt_consolidation,married,1,2202.0,rent,high_school,2,0,,0.072,0.344,0.159,0,0.467
44,19247.0,4.0,701.0,21894,36,car,widowed,2,18956.0,rent,bachelor,5,0,,0.985,1.137,0.277,0,0.055
49,54814.0,7.0,595.0,30723,36,car,married,0,13683.0,mortgage,bachelor,5,0,,0.25,0.56,0.215,0,0.491
38,78619.0,4.0,651.0,8658,48,business,married,0,37805.0,rent,master,3,0,,0.481,0.11,0.097,1,0.565
25,26488.0,5.0,712.0,17412,36,personal,married,0,,rent,high_school,3,0,,,0.657,0.175,0,0.35
55,50866.0,6.0,592.0,11216,60,education,single,0,38965.0,rent,bachelor,6,0,,0.766,0.22,0.148,0,0.408
25,84251.0,9.0,621.0,20548,72,debt_consolidation,single,1,20469.0,mortgage,bachelor,6,0,,0.243,0.244,0.138,1,0.843
67,9178.0,3.0,605.0,500,36,debt_consolidation,single,0,17958.0,rent,bachelor,2,1,8.0,1.956,0.054,0.158,0,0.024
20,55883.0,9.0,686.0,11543,48,business,married,1,0.0,rent,other,2,1,28.0,0.0,0.207,0.148,0,0.533
61,36497.0,6.0,678.0,9258,36,education,married,0,0.0,rent,other,5,0,,0.0,0.254,0.112,1,0.755
20,53104.0,2.0,609.0,11576,36,debt_consolidation,single,1,0.0,rent,high_school,6,0,,0.0,0.218,0.139,0,0.684
39,67745.0,9.0,677.0,500,60,debt_consolidation,married,3,13203.0,mortgage,high_school,8,0,,0.195,0.007,0.063,1,0.927
23,55520.0,4.0,425.0,35244,36,business,married,1,21314.0,own,high_school,1,0,,0.384,0.635,0.314,0,0.088
19,24744.0,5.0,717.0,500,36,car,single,2,18019.0,mortgage,bachelor,3,0,,0.728,0.02,0.046,0,0.33
40,37469.0,5.0,722.0,19762,36,car,married,1,10567.0,mortgage,bachelor,4,0,,0.282,0.527,0.144,0,0.468
61,85665.0,4.0,,2061,60,debt_consolidation,single,0,23550.0,rent,bachelor,6,0,,0.275,0.024,0.1,1,0.801
19,58223.0,3.0,594.0,2553,48,education,married,0,27917.0,own,high_school,5,0,,0.479,0.044,0.112,1,0.536
55,71008.0,,645.0,16380,72,business,married,0,5375.0,mortgage,high_school,6,0,,0.076,0.231,0.124,1,0.784
34,56257.0,4.0,577.0,21912,72,personal,single,1,18373.0,own,high_school,5,0,,0.327,0.389,0.189,0,0.427
52,70228.0,3.0,590.0,4245,36,medical,married,3,15760.0,mortgage,bachelor,4,0,,0.224,0.06,0.117,0,0.599
51,40096.0,5.0,675.0,3919,12,car,single,1,22095.0,mortgage,bachelor,6,0,,0.551,0.098,0.082,0,0.532
40,30812.0,6.0,715.0,2051,36,education,single,1,14914.0,mortgage,high_school,3,0,,0.484,0.067,0.056,0,0.531
47,69092.0,9.0,675.0,17147,48,home_improvement,married,2,13961.0,other,high_school,6,0,,0.202,0.248,0.112,1,0.839
69,78184.0,3.0,850.0,4528,48,debt_consolidation,married,1,934.0,own,master,5,0,,0.012,0.058,0.03,1,0.947
25,27143.0,5.0,750.0,27887,24,personal,single,0,13085.0,rent,master,7,0,,0.482,1.027,0.23,0,0.3
39,35601.0,7.0,709.0,3462,24,car,single,1,4904.0,own,high_school,5,1,104.0,0.138,0.097,0.115,1,0.517
61,45919.0,5.0,706.0,20418,12,car,married,0,0.0,rent,bachelor,3,0,,0.0,0.445,0.136,0,0.618
53,,2.0,657.0,30447,60,personal,single,0,14500.0,rent,high_school,1,0,,0.29,0.609,0.139,1,0.584
22,64078.0,5.0,690.0,15688,72,personal,single,2,0.0,own,high_school,2,1,20.0,0.0,0.245,0.154,0,0.474
30,16898.0,7.0,666.0,500,24,car,single,0,9355.0,rent,master,3,0,,0.554,0.03,0.073,0,0.358
46,47675.0,8.0,734.0,19001,36,debt_consolidation,married,0,4506.0,rent,bachelor,3,0,,0.095,0.399,0.113,1,0.717
48,43853.0,2.0,628.0,12537,24,home_improvement,divorced,1,1565.0,own,bachelor,5,1,71.0,0.036,0.286,0.193,0,0.331
64,20668.0,3.0,623.0,14584,60,personal,single,0,31080.0,rent,phd,6,0,,1.504,0.706,0.23,0,0.028
33,47380.0,6.0,744.0,30860,72,debt_consolidation,married,1,34574.0,rent,bachelor,5,0,,0.73,0.651,0.158,0,0.366
59,42749.0,3.0,613.0,15516,36,personal,single,3,5547.0,mortgage,bachelor,3,0,,0.13,0.363,0.166,1,0.405
47,40959.0,6.0,574.0,20134,36,debt_consolidation,married,1,24960.0,rent,bachelor,1,0,,0.609,0.492,0.211,0,0.162
33,39815.0,10.0,590.0,8379,36,car,single,1,0.0,mortgage,high_school,5,0,,0.0,0.21,0.147,0,0.724
29,86785.0,2.0,710.0,12194,48,car,single,2,0.0,mortgage,master,2,0,,0.0,0.141,0.073,1,0.787
34,40907.0,6.0,850.0,26232,60,debt_consolidation,married,1,9084.0,mortgage,high_school,7,0,,0.222,0.641,0.103,1,0.776
33,51242.0,5.0,579.0,16363,48,personal,single,0,0.0,rent,high_school,2,0,,0.0,0.319,0.174,0,0.494
29,48531.0,3.0,702.0,17855,72,education,single,2,15635.0,mortgage,high_school,6,0,,0.322,0.368,0.123,0,0.621
25,37375.0,4.0,662.0,25011,24,debt_consolidation,divorced,2,14313.0,rent,high_school,4,0,,0.383,0.669,0.203,0,0.3
37,51988.0,5.0,740.0,31302,60,home_improvement,widowed,1,9289.0,mortgage,bachelor,2,0,,0.179,0.602,0.15,0,0.513
20,51634.0,5.0,701.0,3442,36,medical,single,1,45508.0,own,master,3,0,,0.881,0.067,0.063,0,0.329
33,51994.0,9.0,745.0,10084,36,debt_consolidation,married,1,15520.0,mortgage,other,6,0,,0.298,0.194,0.066,1,0.834
47,28519.0,6.0,673.0,29581,60,personal,married,0,18640.0,mortgage,bachelor,5,0,,0.654,1.037,0.271,0,0.142
62,44847.0,4.0,583.0,34925,72,debt_consolidation,married,0,17283.0,own,high_school,5,0,,0.385,0.779,0.264,0,0.253
40,69008.0,3.0,596.0,12380,60,debt_consolidation,divorced,0,0.0,mortgage,high_school,3,0,,0.0,0.179,0.138,1,0.664
45,45505.0,4.0,667.0,17713,60,debt_consolidation,married,0,39254.0,rent,high_school,3,0,,0.863,0.389,0.144,0,0.208
68,54045.0,2.0,687.0,18512,60,debt_consolidation,married,1,0.0,own,high_school,7,0,,0.0,0.343,0.125,1,0.764
57,54176.0,5.0,619.0,17343,36,debt_consolidation,single,0,14276.0,own,bachelor,6,0,,0.264,0.32,0.154,0,0.612
22,60435.0,4.0,811.0,17476,60,personal,single,0,21165.0,own,master,6,0,,0.35,0.289,0.052,1,0.774
37,63966.0,2.0,,28649,60,debt_consolidation,married,0,24755.0,own,bachelor,2,0,,0.387,0.448,0.127,0,0.444
57,45646.0,5.0,483.0,500,48,debt_consolidation,single,3,,rent,master,4,0,,,0.011,0.161,0,0.506
61,27217.0,11.0,640.0,8447,48,debt_consolidation,single,0,21152.0,rent,bachelor,9,0,,0.777,0.31,0.142,0,0.526
18,19532.0,4.0,568.0,21387,60,education,single,0,0.0,mortgage,bachelor,2,0,,0.0,1.095,0.335,0,0.171
47,75442.0,6.0,803.0,10038,60,medical,single,3,35057.0,own,phd,6,1,9.0,0.465,0.133,0.075,0,0.647
38,69256.0,2.0,472.0,17865,36,business,single,0,,rent,bachelor,7,0,,,0.258,0.216,1,0.542
37,66234.0,4.0,683.0,25866,60,debt_consolidation,single,0,2549.0,rent,bachelor,4,0,,0.038,0.391,0.137,1,0.719
23,70280.0,9.0,660.0,31001,60,education,single,1,433.0,own,high_school,1,0,,0.006,0.441,0.158,1,0.74
39,45961.0,2.0,715.0,17774,36,education,married,1,14461.0,mortgage,high_school,1,0,,0.315,0.387,0.12,0,0.393
35,34378.0,5.0,676.0,29895,60,car,married,1,0.0,rent,master,8,0,,0.0,0.87,0.236,1,0.573
25,25490.0,4.0,816.0,16419,36,home_improvement,single,0,23271.0,own,high_school,2,0,,0.913,0.644,0.121,0,0.156
56,22766.0,5.0,723.0,11965,24,business,divorced,1,1043.0,mortgage,bachelor,1,0,,0.046,0.526,0.144,1,0.381
49,80304.0,3.0,503.0,500,48,debt_consolidation,married,1,29567.0,rent,bachelor,3,0,,0.368,0.006,0.15,0,0.489
50,37671.0,4.0,762.0,4967,72,debt_consolidation,married,3,0.0,rent,bachelor,4,0,,0.0,0.132,0.045,1,0.776
33,76371.0,5.0,666.0,15047,12,debt_consolidation,divorced,0,11981.0,mortgage,high_school,2,0,,0.157,0.197,0.106,1,0.706
29,45328.0,7.0,762.0,15256,60,home_improvement,single,0,18308.0,rent,high_school,2,0,,0.404,0.337,0.086,0,0.544
55,33094.0,6.0,625.0,17294,48,debt_consolidation,single,1,19933.0,mortgage,bachelor,4,0,,0.602,0.523,0.192,0,0.245
69,22641.0,5.0,565.0,33365,60,education,single,0,2249.0,own,bachelor,4,0,,0.099,1.474,0.35,0,0.144
51,35296.0,7.0,550.0,22511,60,personal,single,0,0.0,rent,high_school,5,0,,0.0,0.638,0.253,0,0.433
31,85456.0,5.0,735.0,23045,60,car,single,3,3146.0,rent,other,4,0,,0.037,0.27,0.087,1,0.855
53,22895.0,9.0,714.0,33280,60,home_improvement,married,1,27500.0,own,master,2,0,,1.201,1.454,0.334,0,0.036
50,102919.0,5.0,603.0,11436,60,business,single,1,41384.0,mortgage,bachelor,1,1,45.0,0.402,0.111,0.171,0,0.36
40,28985.0,5.0,436.0,9911,36,medical,widowed,1,0.0,rent,bachelor,5,0,,0.0,0.342,0.25,0,0.307
67,68749.0,8.0,738.0,27225,36,home_improvement,married,0,0.0,mortgage,high_school,1,0,,0.0,0.396,0.11,1,0.767
62,46369.0,4.0,,19858,36,education,married,0,0.0,own,other,3,0,,0.0,0.428,0.242,0,0.386
19,41986.0,2.0,824.0,14557,60,medical,single,0,1774.0,rent,other,7,1,118.0,0.042,0.347,0.107,0,0.584
58,18214.0,5.0,534.0,14394,36,debt_consolidation,married,1,,mortgage,bachelor,3,0,,,0.79,0.291,0,0.203
38,47540.0,3.0,651.0,13280,36,home_improvement,single,0,0.0,rent,bachelor,6,0,,0.0,0.279,0.13,1,0.697
19,21043.0,2.0,668.0,13990,60,debt_consolidation,single,4,34945.0,own,bachelor,0,0,,1.661,0.665,0.199,0,0.029
44,7961.0,5.0,679.0,14972,60,personal,married,2,27203.0,own,bachelor,4,0,,3.417,1.88,0.35,0,0.01
26,52990.0,8.0,676.0,12025,60,debt_consolidation,single,0,13651.0,own,bachelor,4,0,,0.258,0.227,0.107,1,0.699
18,34114.0,3.0,660.0,20554,24,debt_consolidation,married,0,8346.0,rent,bachelor,7,0,,0.245,0.602,0.19,1,0.459
28,92109.0,4.0,615.0,22465,36,home_improvement,married,2,23388.0,mortgage,high_school,5,0,,0.254,0.244,0.141,1,0.736
20,75001.0,11.0,632.0,9353,36,personal,single,0,0.0,mortgage,bachelor,5,1,82.0,0.0,0.125,0.159,1,0.751
69,92436.0,4.0,598.0,24026,12,home_improvement,married,0,13576.0,mortgage,bachelor,4,0,,0.147,0.26,0.153,1,0.725
40,32978.0,7.0,659.0,2286,36,business,married,1,922.0,mortgage,high_school,1,0,,0.028,0.069,0.084,1,0.579
43,53403.0,1.0,510.0,20038,36,education,single,0,45152.0,other,master,7,0,,0.845,0.375,0.22,0,0.209
21,5000.0,3.0,675.0,20538,24,education,married,0,0.0,own,bachelor,4,0,,0.0,4.107,0.35,0,0.052
35,42955.0,2.0,642.0,14163,48,personal,divorced,3,5917.0,rent,bachelor,3,1,68.0,0.138,0.33,0.195,0,0.214
23,52462.0,6.0,717.0,15574,36,debt_consolidation,married,1,0.0,mortgage,high_school,10,0,,0.0,0.297,0.101,1,0.916
52,53851.0,3.0,626.0,12665,12,personal,married,1,,rent,bachelor,8,1,75.0,,0.235,0.184,0,0.354
39,48941.0,5.0,698.0,9923,60,personal,married,0,21248.0,own,master,5,1,80.0,0.434,0.203,0.142,0,0.338
60,51665.0,8.0,694.0,15005,60,personal,married,1,0.0,own,bachelor,4,0,,0.0,0.29,0.111,1,0.775
32,5000.0,8.0,639.0,9537,60,business,married,1,0.0,other,bachelor,1,0,,0.0,1.907,0.35,0,0.042
39,56406.0,2.0,678.0,26395,48,personal,single,0,4213.0,other,bachelor,2,0,,0.075,0.468,0.155,0,0.475
54,62086.0,6.0,543.0,500,72,debt_consolidation,single,2,0.0,mortgage,bachelor,2,0,,0.0,0.008,0.13,1,0.661
69,83451.0,7.0,757.0,13654,72,debt_consolidation,divorced,1,10961.0,own,bachelor,2,0,,0.131,0.164,0.054,1,0.863
59,59218.0,3.0,606.0,500,48,debt_consolidation,single,0,34296.0,own,high_school,2,0,,0.579,0.008,0.099,0,0.369
29,46732.0,4.0,636.0,4362,48,debt_consolidation,married,2,19920.0,rent,bachelor,6,0,,0.426,0.093,0.101,0,0.576
64,77624.0,8.0,566.0,9232,12,medical,married,1,21387.0,mortgage,bachelor,8,0,,0.276,0.119,0.141,1,0.795
66,5000.0,6.0,589.0,28396,60,debt_consolidation,single,0,9936.0,mortgage,bachelor,3,0,,1.987,5.678,0.35,0,0.02
59,37126.0,5.0,781.0,26537,48,debt_consolidation,married,0,49653.0,mortgage,high_school,3,0,,1.337,0.715,0.152,0,0.103
55,30855.0,2.0,661.0,15727,72,business,single,0,11748.0,rent,high_school,2,0,,0.381,0.51,0.172,0,0.192
35,49137.0,6.0,626.0,15639,48,personal,divorced,0,20884.0,rent,high_school,3,1,71.0,0.425,0.318,0.201,0,0.196
62,,5.0,626.0,25375,72,business,single,1,26480.0,own,high_school,3,0,,0.53,0.507,0.35,0,0.01
52,82991.0,8.0,650.0,26314,60,personal,single,0,9233.0,rent,bachelor,3,0,,0.111,0.317,0.138,1,0.771
47,43755.0,3.0,708.0,9252,72,car,married,2,13112.0,rent,high_school,7,0,,0.3,0.211,0.088,1,0.66
41,57970.0,5.0,666.0,21728,36,personal,married,0,1452.0,rent,bachelor,3,1,10.0,0.025,0.375,0.192,0,0.396
59,55577.0,4.0,667.0,5436,24,home_improvement,single,2,10270.0,other,other,2,0,,0.185,0.098,0.086,1,0.6
47,81562.0,7.0,576.0,11105,60,personal,single,1,,mortgage,high_school,1,0,,,0.136,0.139,0,0.522
31,5000.0,9.0,626.0,20942,60,debt_consolidation,single,2,27459.0,mortgage,master,5,0,,5.491,4.188,0.35,0,0.02
23,52808.0,6.0,663.0,8423,36,personal,single,0,20313.0,rent,bachelor,1,0,,0.385,0.159,0.1,0,0.457
20,78654.0,13.0,648.0,11450,60,education,married,2,23655.0,rent,master,6,0,,0.301,0.146,0.105,1,0.93
33,47550.0,3.0,617.0,500,48,car,single,0,9438.0,rent,high_school,6,0,,0.198,0.011,0.094,1,0.651
24,26218.0,7.0,609.0,19508,24,medical,married,1,24222.0,own,master,5,0,,0.924,0.744,0.244,0,0.083
69,34903.0,5.0,685.0,6174,48,personal,married,1,7715.0,mortgage,other,5,1,80.0,0.221,0.177,0.143,0,0.366
31,40176.0,6.0,687.0,6789,72,personal,divorced,0,0.0,rent,master,5,0,,0.0,0.169,0.09,1,0.754
26,31974.0,11.0,729.0,28552,48,debt_consolidation,married,0,37487.0,rent,master,6,0,,1.172,0.893,0.214,0,0.188
32,46180.0,7.0,666.0,8127,60,debt_consolidation,single,1,6936.0,rent,high_school,5,0,,0.15,0.176,0.102,1,0.736
38,87706.0,4.0,,22525,12,debt_consolidation,single,2,25814.0,mortgage,high_school,4,1,67.0,0.294,0.257,0.259,0,0.283
52,35066.0,8.0,839.0,25992,60,debt_consolidation,divorced,0,4559.0,mortgage,master,2,0,,0.13,0.741,0.129,0,0.609
19,37808.0,6.0,649.0,24173,72,debt_consolidation,married,2,0.0,mortgage,high_school,1,0,,0.0,0.639,0.203,0,0.4
44,61495.0,,617.0,12508,48,medical,married,0,8908.0,own,high_school,2,0,,0.145,0.203,0.132,0,0.518
19,45629.0,4.0,645.0,10728,36,home_improvement,divorced,0,0.0,rent,high_school,6,1,38.0,0.0,0.235,0.174,0,0.481
18,16770.0,7.0,618.0,101357,48,business,married,2,21330.0,mortgage,bachelor,4,0,,1.272,6.044,0.161,0,0.061
35,48470.0,8.0,585.0,500,72,home_improvement,divorced,2,6562.0,rent,bachelor,7,0,,0.135,0.01,0.11,1,0.792
31,47528.0,3.0,699.0,22722,36,car,married,3,28283.0,rent,other,7,0,,0.595,0.478,0.146,0,0.427
37,74392.0,8.0,638.0,21772,48,debt_consolidation,married,0,13500.0,rent,master,1,0,,0.181,0.293,0.14,1,0.653
35,25696.0,6.0,643.0,19770,36,business,married,1,0.0,rent,bachelor,6,0,,0.0,0.769,0.232,0,0.459
27,74558.0,8.0,450.0,500,48,business,single,1,20047.0,rent,bachelor,7,0,,0.269,0.007,0.176,1,0.693
42,47554.0,3.0,632.0,13228,48,debt_consolidation,divorced,1,0.0,mortgage,bachelor,3,0,,0.0,0.278,0.14,0,0.568
19,22301.0,3.0,564.0,21295,72,debt_consolidation,single,1,5394.0,rent,high_school,2,0,,0.242,0.955,0.309,0,0.11
42,17281.0,7.0,608.0,27866,48,debt_consolidation,single,1,0.0,mortgage,master,5,0,,0.0,1.612,0.35,0,0.162
50,98360.0,6.0,669.0,17989,48,personal,married,0,15251.0,mortgage,bachelor,5,0,,0.155,0.183,0.102,1,0.865
53,46002.0,6.0,601.0,16939,60,medical,married,0,13710.0,own,bachelor,5,0,,0.298,0.368,0.173,0,0.458
48,73413.0,4.0,612.0,8212,36,education,married,2,11892.0,rent,high_school,5,0,,0.162,0.112,0.116,1,0.775
31,7297.0,3.0,658.0,18786,60,debt_consolidation,single,1,0.0,own,bachelor,8,0,,0.0,2.574,0.35,0,0.063
18,115942.0,7.0,609.0,12632,60,debt_consolidation,single,1,30286.0,mortgage,bachelor,4,1,98.0,0.261,0.109,0.167,1,0.698
63,72331.0,7.0,566.0,7706,36,debt_consolidation,single,1,23631.0,rent,high_school,4,0,,0.327,0.107,0.138,1,0.649
33,43614.0,7.0,512.0,3426,36,debt_consolidation,married,2,13511.0,mortgage,master,4,0,,0.31,0.079,0.16,1,0.46
63,42346.0,5.0,677.0,5543,48,debt_consolidation,married,0,1287.0,mortgage,high_school,6,0,,0.03,0.131,0.088,0,0.784
69,68365.0,4.0,609.0,18249,36,debt_consolidation,single,0,4752.0,other,bachelor,7,0,,0.07,0.267,0.149,1,0.777
20,66930.0,4.0,517.0,1121,36,car,married,1,9770.0,mortgage,master,4,0,,0.146,0.017,0.145,0,0.592
52,54563.0,7.0,750.0,12059,72,home_improvement,single,1,0.0,rent,master,7,0,,0.0,0.221,0.069,1,0.899
58,50272.0,5.0,677.0,28078,48,home_improvement,married,2,22797.0,own,master,3,0,,0.453,0.559,0.173,0,0.352
23,640270.0,4.0,555.0,659,60,car,single,2,28890.0,rent,master,3,0,,0.045,0.001,0.124,1,0.435
42,6457.0,3.0,594.0,19493,36,education,married,1,35636.0,rent,high_school,5,0,,5.518,3.018,0.35,0,0.05
30,40718.0,3.0,734.0,20472,72,education,single,0,4845.0,mortgage,phd,11,0,,0.119,0.503,0.134,1,0.84
51,8828.0,3.0,636.0,12087,60,debt_consolidation,single,0,30659.0,mortgage,high_school,5,0,,3.473,1.369,0.35,0,0.02
25,65115.0,6.0,617.0,21221,60,personal,married,1,31584.0,other,high_school,7,1,107.0,0.485,0.326,0.207,0,0.353
38,33105.0,5.0,710.0,13120,36,personal,married,2,519.0,rent,high_school,0,0,,0.016,0.396,0.124,0,0.447
51,10711.0,5.0,637.0,22953,48,debt_consolidation,married,2,,rent,phd,5,0,,,2.143,0.35,0,0.078
21,30155.0,4.0,748.0,4319,48,debt_consolidation,married,1,26299.0,own,bachelor,7,0,,0.872,0.143,0.055,1,0.434
42,53734.0,8.0,617.0,33890,60,personal,married,0,1772.0,rent,high_school,3,0,,0.033,0.631,0.218,0,0.537
32,44869.0,7.0,604.0,29373,60,personal,married,1,0.0,rent,high_school,3,0,,0.0,0.655,0.229,0,0.459
21,20671.0,4.0,651.0,500,24,debt_consolidation,married,1,22245.0,mortgage,high_school,5,0,,1.076,0.024,0.079,0,0.19
62,7378.0,3.0,727.0,26724,72,debt_consolidation,married,7,0.0,mortgage,bachelor,4,0,,0.0,3.622,0.35,0,0.027
29,51848.0,4.0,670.0,9230,72,personal,single,1,3313.0,mortgage,high_school,6,0,,0.064,0.178,0.101,1,0.749
49,35481.0,7.0,658.0,29325,48,debt_consolidation,single,2,0.0,own,bachelor,4,0,,0.0,0.826,0.236,0,0.477
49,43548.0,,585.0,25089,36,personal,divorced,0,0.0,own,master,2,0,,0.0,0.576,0.223,0,0.466
45,46008.0,8.0,574.0,4128,60,debt_consolidation,divorced,1,138.0,mortgage,bachelor,4,0,,0.003,0.09,0.131,1,0.713
30,60752.0,3.0,727.0,20751,48,personal,single,1,0.0,rent,master,3,0,,0.0,0.342,0.105,1,0.698
48,71174.0,5.0,736.0,7992,60,debt_consolidation,single,0,3549.0,mortgage,high_school,3,0,,0.05,0.112,0.054,1,0.843
31,53663.0,6.0,733.0,20380,60,debt_consolidation,single,2,0.0,rent,high_school,3,0,,0.0,0.38,0.11,1,0.745
37,419880.0,7.0,713.0,15460,24,personal,married,1,0.0,mortgage,bachelor,3,0,,0.0,0.037,0.117,0,0.68
35,50619.0,6.0,686.0,7705,48,debt_consolidation,single,0,30173.0,mortgage,master,6,0,,0.596,0.152,0.087,1,0.6
46,41519.0,5.0,684.0,1630,48,debt_consolidation,married,2,14473.0,rent,bachelor,6,0,,0.349,0.039,0.066,1,0.687
23,8936.0,8.0,661.0,17301,72,personal,divorced,0,2315.0,mortgage,master,8,0,,0.259,1.936,0.35,0,0.109
49,77299.0,7.0,695.0,19641,36,debt_consolidation,divorced,0,169.0,rent,bachelor,5,0,,0.002,0.254,0.103,1,0.886
46,72586.0,4.0,647.0,13422,36,debt_consolidation,single,2,21478.0,own,high_school,11,0,,0.296,0.185,0.113,1,0.872
60,99708.0,6.0,695.0,7259,60,debt_consolidation,divorced,0,11288.0,mortgage,bachelor,6,0,,0.113,0.073,0.067,1,0.939
19,107012.0,9.0,723.0,10168,24,education,married,0,0.0,mortgage,high_school,1,0,,0.0,0.095,0.058,1,0.965
40,20599.0,6.0,549.0,4038,60,medical,single,1,1996.0,other,bachelor,6,0,,0.097,0.196,0.165,0,0.472
36,41615.0,5.0,738.0,22361,36,personal,single,1,0.0,rent,high_school,2,0,,0.0,0.537,0.138,1,0.562
48,112788.0,4.0,645.0,500,48,car,married,0,0.0,own,high_school,2,0,,0.0,0.004,0.078,1,0.871
68,48986.0,3.0,767.0,24517,48,home_improvement,divorced,0,20276.0,mortgage,master,5,0,,0.414,0.5,0.116,1,0.528
22,56105.0,0.0,752.0,14241,48,home_improvement,single,0,18772.0,own,high_school,3,0,,0.335,0.254,0.075,0,0.518
36,11972.0,6.0,568.0,20216,72,personal,single,2,25437.0,mortgage,high_school,2,0,,2.125,1.688,0.35,0,0.01
51,53757.0,3.0,650.0,21198,24,medical,married,0,12133.0,own,other,5,0,,0.226,0.394,0.154,0,0.509
27,98299.0,4.0,501.0,16173,36,personal,divorced,0,0.0,mortgage,bachelor,9,0,,0.0,0.165,0.183,1,0.861
42,82166.0,4.0,619.0,11100,48,personal,widowed,0,0.0,mortgage,bachelor,4,0,,0.0,0.135,0.118,1,0.786
19,34750.0,8.0,678.0,26061,48,debt_consolidation,single,0,17111.0,mortgage,master,1,0,,0.492,0.75,0.211,0,0.225
28,40092.0,3.0,718.0,500,48,car,single,3,11526.0,mortgage,bachelor,4,0,,0.287,0.012,0.043,1,0.615
67,21727.0,4.0,656.0,28018,24,education,divorced,3,0.0,rent,high_school,2,0,,0.0,1.289,0.33,0,0.194
48,28721.0,2.0,685.0,3767,72,debt_consolidation,married,0,4865.0,own,bachelor,6,0,,0.169,0.131,0.084,0,0.61
32,5000.0,5.0,594.0,11744,48,debt_consolidation,widowed,0,38497.0,rent,master,8,0,,7.698,2.348,0.35,0,0.02
26,47880.0,7.0,648.0,29313,36,personal,married,1,23974.0,rent,master,4,1,112.0,0.501,0.612,0.248,0,0.16
40,87753.0,9.0,603.0,37295,48,car,single,1,32479.0,own,high_school,2,0,,0.37,0.425,0.184,1,0.581
36,58886.0,8.0,673.0,16820,36,car,married,1,0.0,other,high_school,7,0,,0.0,0.286,0.121,1,0.856
26,84156.0,10.0,761.0,1454,24,car,single,1,35056.0,own,high_school,4,0,,0.417,0.017,0.03,1,0.88
52,76831.0,6.0,645.0,23539,24,business,married,3,2197.0,mortgage,bachelor,4,0,,0.029,0.306,0.139,1,0.761
38,36330.0,14.0,540.0,14610,36,debt_consolidation,married,1,33583.0,mortgage,high_school,4,0,,0.924,0.402,0.21,0,0.241
26,31012.0,3.0,666.0,4380,36,education,divorced,0,15375.0,rent,master,4,0,,0.496,0.141,0.095,0,0.407
45,31970.0,6.0,706.0,17192,48,home_improvement,divorced,0,19427.0,rent,other,1,0,,0.608,0.538,0.155,0,0.21
63,,8.0,577.0,1903,48,personal,single,1,20420.0,rent,bachelor,2,0,,0.408,0.038,0.165,0,0.01
68,50808.0,4.0,749.0,16950,48,car,single,0,11482.0,mortgage,other,2,0,,0.226,0.334,0.092,0,0.56
24,5000.0,6.0,602.0,5798,12,personal,married,1,18752.0,rent,high_school,1,0,,3.75,1.159,0.331,0,0.01
33,64785.0,8.0,589.0,500,72,home_improvement,married,1,0.0,mortgage,master,3,0,,0.0,0.008,0.107,1,0.784
33,51797.0,9.0,508.0,500,60,personal,married,2,8066.0,rent,bachelor,10,0,,0.156,0.01,0.148,1,0.82
50,61786.0,6.0,672.0,8924,72,personal,divorced,1,21710.0,rent,high_school,4,0,,0.351,0.144,0.093,1,0.656
21,76425.0,9.0,795.0,20019,36,car,married,1,11633.0,rent,high_school,4,0,,0.152,0.262,0.055,1,0.888
21,54970.0,1.0,679.0,27541,60,home_improvement,single,2,4739.0,own,bachelor,3,0,,0.086,0.501,0.161,0,0.478
56,90789.0,6.0,591.0,29276,36,home_improvement,single,0,13506.0,mortgage,master,4,0,,0.149,0.322,0.169,1,0.732
57,65549.0,6.0,691.0,500,60,business,single,0,,other,master,1,0,,,0.008,0.056,1,0.762
34,31072.0,7.0,714.0,12755,36,car,married,1,25692.0,mortgage,bachelor,2,0,,0.827,0.41,0.125,0,0.207
54,44057.0,,743.0,8898,36,home_improvement,divorced,1,0.0,rent,bachelor,7,0,,0.0,0.202,0.069,1,0.836
56,5000.0,13.0,551.0,13937,48,education,single,1,9626.0,mortgage,high_school,6,0,,1.925,2.787,0.35,0,0.051
69,27445.0,3.0,774.0,29105,48,medical,married,1,21403.0,own,bachelor,8,0,,0.78,1.06,0.225,0,0.178
46,40475.0,5.0,667.0,16612,48,debt_consolidation,single,2,11223.0,rent,bachelor,5,0,,0.277,0.41,0.149,1,0.522
69,63657.0,4.0,790.0,23678,24,debt_consolidation,single,0,2964.0,own,high_school,5,0,,0.047,0.372,0.079,1,0.838
53,31241.0,4.0,662.0,37115,48,debt_consolidation,married,0,26494.0,rent,other,1,0,,0.848,1.188,0.307,0,0.056
55,18843.0,8.0,696.0,500,72,debt_consolidation,single,2,0.0,rent,bachelor,5,0,,0.0,0.027,0.057,1,0.779
56,5000.0,3.0,574.0,10251,60,home_improvement,divorced,0,35271.0,rent,master,5,0,,7.053,2.05,0.35,0,0.01
67,35090.0,2.0,729.0,20712,48,personal,married,0,6852.0,other,bachelor,5,0,,0.195,0.59,0.154,0,0.451
54,98771.0,4.0,564.0,17666,48,home_improvement,single,2,6321.0,mortgage,phd,5,0,,0.064,0.179,0.154,1,0.801
69,56778.0,5.0,672.0,25487,24,debt_consolidation,married,0,20922.0,rent,high_school,8,1,2.0,0.368,0.449,0.204,0,0.426
52,73489.0,5.0,616.0,11162,36,home_improvement,widowed,0,5346.0,mortgage,bachelor,8,0,,0.073,0.152,0.122,1,0.857
24,27499.0,6.0,643.0,17060,36,personal,married,1,11440.0,mortgage,high_school,3,0,,0.416,0.62,0.202,0,0.232
44,10664.0,7.0,737.0,7438,48,debt_consolidation,single,0,18569.0,mortgage,high_school,3,0,,1.741,0.697,0.171,0,0.043
45,19473.0,6.0,622.0,25639,60,personal,single,1,0.0,mortgage,high_school,1,0,,0.0,1.317,0.35,0,0.118
39,47572.0,4.0,738.0,15421,48,debt_consolidation,single,1,19193.0,rent,bachelor,4,0,,0.403,0.324,0.096,0,0.549
31,5000.0,10.0,617.0,29038,24,debt_consolidation,single,0,0.0,own,master,7,0,,0.0,5.806,0.35,0,0.02
24,24835.0,7.0,660.0,29111,48,medical,divorced,0,9805.0,own,bachelor,5,1,58.0,0.395,1.172,0.35,0,0.055
54,35341.0,5.0,822.0,2184,36,car,single,1,4652.0,mortgage,bachelor,4,0,,0.132,0.062,0.03,1,0.79
39,16977.0,2.0,660.0,30650,60,business,married,1,0.0,mortgage,master,9,1,59.0,0.0,1.805,0.35,0,0.055
22,5000.0,5.0,644.0,24311,36,personal,married,0,35372.0,rent,master,8,0,,7.073,4.861,0.35,0,0.01
19,57241.0,4.0,661.0,13434,48,debt_consolidation,married,0,12511.0,mortgage,high_school,3,0,,0.219,0.235,0.116,1,0.584
44,51147.0,3.0,624.0,23412,60,medical,single,1,210.0,own,high_school,4,0,,0.004,0.458,0.18,1,0.509
38,69476.0,2.0,570.0,9921,36,education,single,2,12130.0,mortgage,high_school,4,0,,0.175,0.143,0.144,1,0.61
55,22239.0,2.0,815.0,28610,24,personal,single,1,47302.0,rent,high_school,2,0,,2.127,1.286,0.25,0,0.01
32,68998.0,6.0,617.0,15992,48,home_improvement,single,0,0.0,mortgage,high_school,5,0,,0.0,0.232,0.138,1,0.787
38,88233.0,12.0,528.0,23880,24,debt_consolidation,single,0,19869.0,rent,bachelor,3,0,,0.225,0.271,0.19,1,0.741
27,56555.0,7.0,638.0,8691,48,car,married,1,0.0,rent,high_school,3,1,59.0,0.0,0.154,0.162,0,0.498
40,34752.0,1.0,679.0,17817,60,personal,single,0,17235.0,mortgage,bachelor,6,0,,0.496,0.513,0.163,0,0.295
56,53627.0,8.0,633.0,23859,36,debt_consolidation,single,0,113.0,rent,bachelor,1,0,,0.002,0.445,0.173,1,0.578
22,33555.0,4.0,646.0,18078,48,debt_consolidation,single,0,7547.0,mortgage,bachelor,5,0,,0.225,0.539,0.185,0,0.416
18,29393.0,3.0,637.0,20614,72,debt_consolidation,divorced,1,12372.0,rent,master,5,0,,0.421,0.701,0.222,0,0.236
30,67082.0,10.0,684.0,7403,48,business,married,3,29801.0,other,other,6,0,,0.444,0.11,0.08,1,0.794
38,46524.0,2.0,716.0,18045,72,debt_consolidation,married,0,0.0,mortgage,bachelor,4,0,,0.0,0.388,0.12,1,0.641
43,80127.0,7.0,635.0,7454,36,debt_consolidation,single,1,35495.0,rent,bachelor,1,0,,0.443,0.093,0.101,1,0.599
67,38939.0,3.0,850.0,14816,60,education,married,1,0.0,mortgage,bachelor,3,0,,0.0,0.38,0.051,1,0.773
62,41471.0,5.0,733.0,10071,60,debt_consolidation,single,1,14915.0,rent,bachelor,5,1,32.0,0.36,0.243,0.132,0,0.384
38,35837.0,5.0,650.0,12954,60,debt_consolidation,single,0,10906.0,mortgage,bachelor,5,0,,0.304,0.361,0.147,0,0.483
35,21995.0,9.0,545.0,500,24,home_improvement,married,1,8030.0,rent,bachelor,2,0,,0.365,0.023,0.132,0,0.349
54,70361.0,,659.0,15265,36,home_improvement,married,0,10544.0,rent,bachelor,3,0,,0.15,0.217,0.114,1,0.627
62,104643.0,7.0,,13925,24,debt_consolidation,widowed,0,17827.0,other,other,5,0,,0.17,0.133,0.069,1,0.934
49,40444.0,5.0,716.0,500,72,debt_consolidation,married,0,16926.0,rent,high_school,4,0,,0.418,0.012,0.044,0,0.619
53,32988.0,6.0,502.0,18413,48,home_improvement,single,0,7307.0,own,bachelor,3,0,,0.221,0.558,0.261,0,0.223
34,31367.0,4.0,659.0,23260,72,business,single,0,20549.0,rent,bachelor,1,0,,0.655,0.742,0.219,0,0.087
52,33007.0,5.0,612.0,18153,36,home_improvement,married,1,6556.0,mortgage,master,4,0,,0.199,0.55,0.204,0,0.356
66,91245.0,6.0,770.0,22857,24,car,single,1,11402.0,rent,high_school,8,0,,0.125,0.25,0.065,1,0.936
28,32038.0,10.0,660.0,9730,36,debt_consolidation,married,0,27367.0,rent,bachelor,3,0,,0.854,0.304,0.131,0,0.284
38,35368.0,7.0,467.0,12872,48,debt_consolidation,married,0,27800.0,rent,bachelor,1,0,,0.786,0.364,0.239,0,0.095
69,18991.0,,679.0,15742,60,personal,divorced,2,25717.0,rent,bachelor,6,0,,1.354,0.829,0.226,0,0.036
43,57341.0,7.0,494.0,16460,36,debt_consolidation,married,2,0.0,mortgage,bachelor,2,0,,0.0,0.287,0.21,1,0.5
21,48319.0,5.0,686.0,500,72,home_improvement,married,1,16395.0,mortgage,bachelor,6,0,,0.339,0.01,0.059,0,0.722
51,21571.0,9.0,850.0,5791,36,personal,single,1,16922.0,mortgage,master,5,0,,0.784,0.268,0.03,1,0.536
69,27679.0,4.0,759.0,25023,60,medical,single,0,36514.0,rent,bachelor,2,0,,1.319,0.904,0.201,0,0.019
65,88323.0,7.0,671.0,7177,60,business,married,1,21893.0,rent,master,2,0,,0.248,0.081,0.081,1,0.765
35,50818.0,3.0,597.0,12531,36,medical,widowed,0,594.0,mortgage,bachelor,5,1,87.0,0.012,0.247,0.201,0,0.344
57,52542.0,7.0,752.0,14479,12,debt_consolidation,single,1,4273.0,other,high_school,1,0,,0.081,0.276,0.079,1,0.71
52,52641.0,6.0,701.0,1596,36,personal,married,1,0.0,mortgage,bachelor,3,0,,0.0,0.03,0.056,1,0.788
58,84866.0,3.0,629.0,30802,12,personal,married,1,8843.0,rent,high_school,7,0,,0.104,0.363,0.158,1,0.778
46,23870.0,5.0,607.0,14687,72,debt_consolidation,divorced,1,4461.0,mortgage,bachelor,2,0,,0.187,0.615,0.22,0,0.243
69,40090.0,4.0,577.0,6435,72,personal,single,1,2130.0,rent,bachelor,6,0,,0.053,0.161,0.144,1,0.608
46,,7.0,680.0,21485,60,home_improvement,married,0,0.0,mortgage,master,1,0,,0.0,0.43,0.154,1,0.555
55,6971.0,6.0,617.0,12033,60,medical,single,0,33056.0,other,high_school,1,0,,4.741,1.726,0.35,0,0.01
59,27096.0,3.0,663.0,15588,36,debt_consolidation,married,0,0.0,other,bachelor,4,1,59.0,0.0,0.575,0.233,0,0.228
38,76167.0,3.0,724.0,29089,24,car,single,0,0.0,rent,high_school,5,0,,0.0,0.382,0.114,1,0.803
59,69005.0,2.0,615.0,9588,60,debt_consolidation,married,1,45800.0,own,phd,4,0,,0.664,0.139,0.12,0,0.394
30,73427.0,6.0,702.0,26428,48,car,married,0,24761.0,own,bachelor,3,0,,0.337,0.36,0.121,0,0.638
66,35273.0,5.0,748.0,11578,60,debt_consolidation,single,4,14588.0,rent,bachelor,4,0,,0.414,0.328,0.092,1,0.518
58,38358.0,6.0,682.0,15683,60,home_improvement,married,1,9929.0,own,bachelor,1,0,,0.259,0.409,0.141,1,0.39
34,5298.0,5.0,706.0,18031,48,education,married,2,1222.0,mortgage,high_school,6,0,,0.231,3.403,0.35,0,0.059
26,73298.0,6.0,682.0,11554,24,personal,married,2,0.0,rent,master,7,0,,0.0,0.158,0.091,1,0.891
58,77416.0,3.0,651.0,4833,60,debt_consolidation,single,0,15515.0,rent,bachelor,6,0,,0.2,0.062,0.087,1,0.808
18,77098.0,5.0,717.0,19532,48,personal,single,0,21995.0,rent,bachelor,5,1,36.0,0.285,0.253,0.142,1,0.553
19,90102.0,8.0,779.0,26215,60,home_improvement,married,1,0.0,other,bachelor,4,0,,0.0,0.291,0.069,1,0.929
65,60553.0,6.0,718.0,21268,48,personal,single,1,0.0,mortgage,master,3,0,,0.0,0.351,0.111,1,0.745
46,88922.0,4.0,635.0,20979,36,car,married,0,19970.0,mortgage,high_school,4,0,,0.225,0.236,0.13,1,0.714
50,44988.0,4.0,637.0,10424,36,personal,single,2,21629.0,rent,bachelor,4,0,,0.481,0.232,0.128,1,0.387
27,5825.0,2.0,640.0,21884,60,education,single,0,22479.0,mortgage,master,3,1,12.0,3.858,3.756,0.35,0,0.05
67,71518.0,6.0,726.0,18581,48,car,single,5,7622.0,rent,high_school,2,0,,0.107,0.26,0.089,1,0.748
57,5000.0,10.0,608.0,23629,48,debt_consolidation,single,1,0.0,mortgage,bachelor,2,0,,0.0,4.725,0.35,0,0.021
38,54255.0,5.0,568.0,15987,48,personal,divorced,2,0.0,mortgage,bachelor,1,0,,0.0,0.295,0.175,1,0.462
45,73883.0,3.0,688.0,20968,48,personal,widowed,1,29288.0,mortgage,high_school,3,0,,0.396,0.284,0.113,0,0.55
28,58106.0,7.0,652.0,10168,36,home_improvement,married,0,0.0,rent,bachelor,3,0,,0.0,0.175,0.109,1,0.753
51,106956.0,6.0,769.0,21954,36,debt_consolidation,single,1,20499.0,rent,master,1,0,,0.192,0.205,0.056,1,0.873
25,5000.0,5.0,469.0,2404,36,business,divorced,0,0.0,mortgage,bachelor,3,0,,0.0,0.481,0.262,0,0.161
39,47928.0,6.0,667.0,11653,36,personal,divorced,2,0.0,mortgage,high_school,2,1,116.0,0.0,0.243,0.165,0,0.392
25,50436.0,1.0,618.0,8027,48,debt_consolidation,married,1,37388.0,own,high_school,5,0,,0.741,0.159,0.123,0,0.291
66,16397.0,,715.0,50059,36,personal,married,0,37943.0,rent,other,7,0,,2.314,3.053,0.35,0,0.01
32,21157.0,4.0,628.0,21521,36,debt_consolidation,single,2,12449.0,own,high_school,4,0,,0.588,1.017,0.289,0,0.105
18,28872.0,,604.0,101357,36,personal,single,0,2731.0,own,high_school,6,0,,0.095,3.51,0.127,1,0.688
40,22509.0,9.0,725.0,1323,36,medical,married,2,25481.0,mortgage,other,3,1,86.0,1.132,0.059,0.099,0,0.082
41,47300.0,6.0,752.0,500,72,debt_consolidation,married,0,0.0,mortgage,master,2,0,,0.0,0.011,0.03,1,0.81
62,34926.0,9.0,642.0,3603,24,debt_consolidation,single,1,28174.0,rent,bachelor,4,0,,0.807,0.103,0.1,0,0.376
36,57948.0,7.0,644.0,6512,48,education,single,0,40308.0,mortgage,high_school,6,0,,0.696,0.112,0.1,1,0.605
22,66236.0,2.0,752.0,5246,36,car,married,0,18710.0,rent,high_school,4,0,,0.282,0.079,0.04,1,0.725
49,64544.0,3.0,743.0,10329,60,personal,married,0,0.0,rent,high_school,3,0,,0.0,0.16,0.061,1,0.78
61,39747.0,4.0,733.0,23345,72,business,married,0,32869.0,rent,bachelor,4,0,,0.827,0.587,0.151,0,0.203
18,57112.0,,618.0,13009,48,car,married,0,14691.0,rent,bachelor,5,0,,0.257,0.228,0.137,1,0.601
40,75878.0,8.0,597.0,22129,60,personal,single,0,7895.0,mortgage,high_school,2,0,,0.104,0.292,0.16,1,0.666
54,61139.0,4.0,781.0,4349,36,car,single,1,0.0,own,high_school,2,0,,0.0,0.071,0.03,1,0.811
25,96474.0,4.0,699.0,11175,24,personal,married,2,0.0,own,master,8,0,,0.0,0.116,0.074,1,0.936
30,74554.0,4.0,591.0,5620,36,personal,married,0,27301.0,own,master,2,0,,0.366,0.075,0.12,0,0.509
25,92960.0,3.0,641.0,19427,36,personal,single,1,8857.0,other,bachelor,3,0,,0.095,0.209,0.121,1,0.743
40,5000.0,2.0,657.0,13188,36,debt_consolidation,single,1,8701.0,mortgage,high_school,4,0,,1.74,2.637,0.35,0,0.021
60,52417.0,5.0,642.0,32731,36,car,married,0,11891.0,mortgage,master,2,0,,0.227,0.624,0.204,0,0.355
18,41902.0,9.0,627.0,8296,48,home_improvement,single,2,0.0,rent,bachelor,5,0,,0.0,0.198,0.126,1,0.762
62,46876.0,6.0,748.0,4604,60,home_improvement,married,0,9669.0,rent,bachelor,3,0,,0.206,0.098,0.046,1,0.725
68,29876.0,3.0,692.0,17967,36,home_improvement,married,2,9903.0,own,phd,4,0,,0.331,0.601,0.174,0,0.312
41,59905.0,4.0,830.0,13238,12,personal,married,0,32427.0,own,high_school,3,0,,0.541,0.221,0.03,0,0.631
52,5000.0,3.0,753.0,20025,48,debt_consolidation,married,0,22414.0,rent,bachelor,3,0,,4.482,4.004,0.35,0,0.02
41,60086.0,4.0,661.0,14383,48,home_improvement,single,0,0.0,rent,master,1,0,,0.0,0.239,0.117,1,0.612
34,30707.0,3.0,763.0,13593,24,debt_consolidation,married,0,4099.0,own,high_school,5,0,,0.133,0.443,0.107,1,0.602
22,37490.0,5.0,678.0,8320,24,debt_consolidation,single,0,25694.0,mortgage,bachelor,3,0,,0.685,0.222,0.105,0,0.317
37,60963.0,6.0,843.0,12304,48,education,married,2,0.0,mortgage,other,3,0,,0.0,0.202,0.03,1,0.923
38,51969.0,8.0,625.0,500,36,debt_consolidation,married,1,35440.0,mortgage,high_school,5,1,109.0,0.682,0.01,0.14,0,0.313
57,76348.0,2.0,686.0,26977,60,debt_consolidation,single,0,9392.0,own,bachelor,5,0,,0.123,0.353,0.128,1,0.734
48,25762.0,6.0,602.0,27697,36,car,single,1,18043.0,rent,bachelor,3,0,,0.7,1.075,0.314,0,0.064
63,47982.0,4.0,620.0,24375,12,debt_consolidation,single,1,3372.0,own,bachelor,2,0,,0.07,0.508,0.192,0,0.419
53,72219.0,5.0,623.0,10422,48,debt_consolidation,married,1,3166.0,other,bachelor,3,0,,0.044,0.144,0.117,1,0.742
28,59030.0,5.0,749.0,8717,72,personal,single,0,0.0,rent,high_school,1,0,,0.0,0.148,0.055,1,0.745
69,60640.0,7.0,667.0,19991,48,personal,married,0,33052.0,own,high_school,5,0,,0.545,0.33,0.132,0,0.549
32,77701.0,7.0,453.0,5484,36,debt_consolidation,married,1,18877.0,rent,master,4,0,,0.243,0.071,0.188,1,0.593
36,39844.0,6.0,657.0,26367,12,debt_consolidation,married,4,0.0,rent,master,4,0,,0.0,0.662,0.204,1,0.534
24,34579.0,5.0,572.0,500,48,personal,married,2,20583.0,own,high_school,7,0,,0.595,0.014,0.117,0,0.427
68,64398.0,2.0,615.0,10481,36,debt_consolidation,single,1,24107.0,mortgage,bachelor,1,0,,0.374,0.163,0.125,0,0.383
45,46264.0,0.0,742.0,4354,48,car,divorced,0,26222.0,own,bachelor,3,0,,0.567,0.094,0.048,0,0.392
68,78055.0,4.0,543.0,27469,48,car,single,2,14221.0,rent,high_school,6,0,,0.182,0.352,0.199,0,0.619
60,59244.0,4.0,552.0,25735,36,business,single,1,12565.0,own,bachelor,2,0,,0.212,0.434,0.211,0,0.323
22,34416.0,2.0,517.0,20644,24,personal,single,4,0.0,rent,high_school,4,0,,0.0,0.6,0.262,0,0.257
22,58460.0,5.0,619.0,34156,60,home_improvement,married,1,29975.0,rent,master,4,1,58.0,0.513,0.584,0.257,0,0.155
47,27433.0,8.0,515.0,15100,48,home_improvement,single,0,20001.0,rent,high_school,1,1,85.0,0.729,0.55,0.303,0,0.04
49,73673.0,5.0,522.0,21313,60,education,married,0,24834.0,mortgage,master,4,0,,0.337,0.289,0.197,1,0.511
25,15071.0,7.0,632.0,500,36,personal,single,2,0.0,rent,bachelor,4,0,,0.0,0.033,0.091,1,0.617
27,80552.0,7.0,675.0,11799,60,personal,married,2,24349.0,rent,master,3,0,,0.302,0.146,0.092,1,0.743
55,58022.0,6.0,577.0,16100,24,education,married,0,10376.0,rent,master,7,0,,0.179,0.277,0.167,0,0.727
64,45886.0,6.0,679.0,5833,36,personal,married,0,22414.0,mortgage,high_school,6,0,,0.488,0.127,0.086,1,0.61
49,69083.0,5.0,659.0,17555,60,debt_consolidation,divorced,0,0.0,mortgage,bachelor,3,0,,0.0,0.254,0.121,1,0.75
65,62783.0,5.0,693.0,500,60,home_improvement,married,1,37197.0,mortgage,bachelor,1,0,,0.592,0.008,0.055,0,0.483
45,83260.0,4.0,567.0,20001,36,debt_consolidation,single,1,220.0,mortgage,bachelor,7,0,,0.003,0.24,0.164,1,0.822
34,83027.0,10.0,809.0,10654,60,debt_consolidation,married,0,27277.0,rent,bachelor,5,1,100.0,0.329,0.128,0.071,1,0.82
48,58807.0,2.0,559.0,7127,60,education,married,1,6929.0,mortgage,high_school,6,0,,0.118,0.121,0.145,0,0.662
25,28206.0,8.0,600.0,22434,36,personal,single,2,37754.0,own,high_school,5,0,,1.338,0.795,0.259,0,0.049
57,,2.0,691.0,29638,60,education,single,2,14466.0,rent,bachelor,4,0,,0.289,0.593,0.217,0,0.271
42,48209.0,4.0,659.0,23918,48,education,single,1,38271.0,mortgage,high_school,5,0,,0.794,0.496,0.17,0,0.292
26,77043.0,7.0,718.0,6886,48,debt_consolidation,married,0,8950.0,mortgage,phd,12,0,,0.116,0.089,0.059,1,0.98
19,38590.0,3.0,625.0,21682,48,education,single,0,0.0,rent,bachelor,1,0,,0.0,0.562,0.2,0,0.364
32,40676.0,6.0,552.0,12440,48,home_improvement,single,2,14442.0,other,bachelor,1,0,,0.355,0.306,0.185,0,0.254
67,96209.0,10.0,528.0,26294,60,education,single,0,8002.0,own,high_school,5,0,,0.083,0.273,0.191,1,0.871
20,47393.0,5.0,792.0,17211,36,debt_consolidation,married,0,,own,bachelor,0,0,,,0.363,0.077,1,0.648
66,34132.0,4.0,626.0,500,12,car,married,2,28647.0,rent,high_school,5,0,,0.839,0.015,0.09,0,0.278
53,69416.0,4.0,637.0,12579,60,home_improvement,married,0,0.0,rent,bachelor,4,0,,0.0,0.181,0.118,1,0.754
21,48597.0,7.0,794.0,6747,60,car,single,1,38674.0,other,high_school,3,0,,0.796,0.139,0.031,0,0.51
31,15260.0,4.0,611.0,7228,36,debt_consolidation,divorced,1,,mortgage,bachelor,4,0,,,0.474,0.189,0,0.198
58,76023.0,1.0,652.0,11751,36,home_improvement,married,0,0.0,own,bachelor,2,0,,0.0,0.155,0.105,1,0.674
58,31324.0,4.0,567.0,17742,60,home_improvement,married,0,15847.0,mortgage,bachelor,3,0,,0.506,0.566,0.23,0,0.152
42,51090.0,2.0,545.0,24080,24,medical,divorced,1,12741.0,mortgage,high_school,3,0,,0.249,0.471,0.222,0,0.238
67,48297.0,12.0,801.0,9746,48,medical,widowed,0,7693.0,mortgage,high_school,3,0,,0.159,0.202,0.04,1,0.832
27,55753.0,4.0,802.0,27127,24,personal,married,2,552.0,rent,high_school,5,0,,0.01,0.487,0.096,1,0.787
38,5000.0,7.0,732.0,500,48,education,divorced,2,29711.0,mortgage,bachelor,3,0,,5.941,0.1,0.054,0,0.05
53,41623.0,8.0,,6621,12,debt_consolidation,married,1,18091.0,own,high_school,0,1,106.0,0.435,0.159,0.117,0,0.264
29,78121.0,6.0,710.0,35483,48,business,single,0,2715.0,other,high_school,6,0,,0.035,0.454,0.136,1,0.83
44,81636.0,8.0,591.0,3574,60,home_improvement,single,0,15973.0,mortgage,high_school,2,0,,0.196,0.044,0.113,1,0.734
57,25218.0,4.0,673.0,27513,48,debt_consolidation,married,1,0.0,rent,bachelor,3,0,,0.0,1.091,0.282,0,0.257
19,73015.0,1.0,610.0,14740,36,medical,married,2,24678.0,rent,bachelor,8,0,,0.338,0.202,0.135,1,0.64
30,30964.0,3.0,443.0,14291,24,debt_consolidation,single,2,41451.0,own,other,2,0,,1.339,0.462,0.271,0,0.035
49,40637.0,4.0,740.0,24353,36,debt_consolidation,married,1,26606.0,mortgage,bachelor,3,0,,0.655,0.599,0.15,0,0.271
48,41950.0,4.0,694.0,22952,48,business,single,1,92.0,rent,high_school,4,0,,0.002,0.547,0.162,0,0.552
33,52720.0,5.0,545.0,28338,48,business,single,1,0.0,mortgage,bachelor,2,1,26.0,0.0,0.538,0.285,0,0.173
49,75034.0,6.0,621.0,12529,12,business,single,1,11483.0,mortgage,bachelor,2,0,,0.153,0.167,0.123,1,0.654
49,56615.0,7.0,734.0,16430,60,debt_consolidation,widowed,3,0.0,rent,bachelor,5,0,,0.0,0.29,0.091,1,0.852
51,46847.0,7.0,661.0,12498,60,personal,married,1,23724.0,mortgage,phd,2,0,,0.506,0.267,0.123,0,0.392
28,74183.0,2.0,514.0,3881,48,medical,married,0,19986.0,rent,bachelor,6,0,,0.269,0.052,0.153,1,0.564
27,29933.0,6.0,553.0,16706,36,personal,married,0,7699.0,rent,bachelor,4,0,,0.257,0.558,0.235,0,0.265
32,48070.0,6.0,,13351,60,medical,married,0,5649.0,rent,master,4,1,115.0,0.118,0.278,0.106,0,0.547
34,74895.0,4.0,655.0,500,60,car,divorced,1,8341.0,mortgage,master,4,0,,0.111,0.007,0.074,1,0.787
57,63233.0,6.0,735.0,26094,72,debt_consolidation,single,2,33427.0,other,bachelor,5,0,,0.529,0.413,0.115,1,0.618
35,38342.0,8.0,797.0,16481,36,medical,married,0,3916.0,mortgage,high_school,2,0,,0.102,0.43,0.088,1,0.656
26,12176.0,6.0,613.0,7998,72,medical,single,0,0.0,rent,other,4,0,,0.0,0.657,0.225,0,0.31
42,57771.0,2.0,678.0,18324,24,debt_consolidation,divorced,0,0.0,rent,bachelor,2,0,,0.0,0.317,0.124,0,0.595
57,10533.0,3.0,493.0,9759,48,medical,widowed,1,24841.0,mortgage,high_school,4,0,,2.358,0.926,0.339,0,0.01
31,44687.0,9.0,601.0,17015,48,car,married,2,0.0,rent,other,1,0,,0.0,0.381,0.176,1,0.523
42,79474.0,6.0,696.0,28872,48,car,married,0,27979.0,mortgage,master,3,0,,0.352,0.363,0.125,1,0.65
67,64919.0,8.0,635.0,18988,48,home_improvement,married,1,6977.0,rent,high_school,2,0,,0.107,0.292,0.141,1,0.668
39,5000.0,3.0,686.0,10129,36,debt_consolidation,single,1,0.0,rent,high_school,6,0,,0.0,2.025,0.35,0,0.095
69,55011.0,5.0,724.0,4691,60,debt_consolidation,single,0,21230.0,rent,bachelor,6,0,,0.386,0.085,0.055,1,0.755
47,42021.0,9.0,695.0,7857,48,business,married,1,5930.0,mortgage,high_school,9,0,,0.141,0.187,0.09,1,0.854
37,18157.0,5.0,676.0,23120,72,debt_consolidation,single,0,15573.0,rent,high_school,6,0,,0.858,1.273,0.317,0,0.084
38,58376.0,2.0,665.0,14434,12,debt_consolidation,widowed,1,652.0,rent,other,4,0,,0.011,0.247,0.117,1,0.681
61,37707.0,7.0,605.0,20598,48,personal,single,0,28464.0,own,bachelor,3,0,,0.755,0.546,0.207,0,0.161
49,37862.0,2.0,576.0,12203,48,debt_consolidation,divorced,1,,own,master,9,0,,,0.322,0.176,0,0.439
68,53101.0,2.0,758.0,5666,48,education,married,0,42496.0,other,bachelor,5,0,,0.8,0.107,0.042,0,0.506
63,34353.0,6.0,713.0,20990,60,personal,single,1,20658.0,rent,master,7,0,,0.601,0.611,0.166,0,0.401
66,52393.0,5.0,,6911,36,car,single,1,6508.0,rent,master,3,0,,0.124,0.132,0.133,1,0.559
38,35167.0,7.0,655.0,10921,36,business,widowed,1,0.0,own,bachelor,4,0,,0.0,0.311,0.135,1,0.631
52,36538.0,6.0,539.0,2761,60,personal,married,1,0.0,rent,master,6,0,,0.0,0.076,0.146,1,0.648
49,74823.0,5.0,612.0,5648,48,personal,single,2,8069.0,own,master,1,0,,0.108,0.075,0.109,1,0.644
47,77367.0,7.0,693.0,23957,36,car,single,0,8652.0,rent,phd,5,0,,0.112,0.31,0.116,1,0.826
56,7284.0,5.0,671.0,25479,48,home_improvement,married,0,33865.0,mortgage,bachelor,7,0,,4.649,3.497,0.35,0,0.01
